industry,subtype,table,businesses,total,pct,class
(none),(none),artist_profiles,390,413,94.4,CORE
(none),(none),ai_data_completeness_audit_full,17,413,4.1,PARTIAL
(none),(none),ai_entity_intent_tags_full,17,413,4.1,PARTIAL
(none),(none),ai_entity_profiles_full,17,413,4.1,PARTIAL
(none),(none),ai_photo_index_full,17,413,4.1,PARTIAL
(none),(none),entity_modules,17,413,4.1,PARTIAL
(none),(none),songs,1,413,0.2,PARTIAL
(none),(none),entity_amenities,1,413,0.2,PARTIAL
(none),(none),tourist_seen,1,413,0.2,PARTIAL
(none),(none),tourist_swipe_events,1,413,0.2,PARTIAL
food_beverage,restaurant,entity,224,224,100.0,CORE
food_beverage,restaurant,industry_food_beverage,224,224,100.0,CORE
food_beverage,restaurant,v_industry_facts_slugs,224,224,100.0,CORE
food_beverage,restaurant,search_index,223,224,99.6,CORE
food_beverage,restaurant,entity_completeness_v,217,224,96.9,CORE
food_beverage,restaurant,entity_theme,186,224,83.0,CORE
food_beverage,restaurant,ai_data_completeness_audit_full,133,224,59.4,COMMON
food_beverage,restaurant,ai_entity_intent_tags_full,133,224,59.4,COMMON
food_beverage,restaurant,ai_entity_profiles_full,133,224,59.4,COMMON
food_beverage,restaurant,entity_tags,132,224,58.9,COMMON
food_beverage,restaurant,ai_photo_index_full,120,224,53.6,COMMON
food_beverage,restaurant,entity_photos,120,224,53.6,COMMON
food_beverage,restaurant,entity_hours,118,224,52.7,COMMON
food_beverage,restaurant,entity_modules,110,224,49.1,COMMON
food_beverage,restaurant,entity_attributes,82,224,36.6,COMMON
food_beverage,restaurant,entity_google_maps_links,82,224,36.6,COMMON
food_beverage,restaurant,entity_nearby_landmark_types,82,224,36.6,COMMON
food_beverage,restaurant,entity_nearby_landmarks,82,224,36.6,COMMON
food_beverage,restaurant,entity_google_reviews,79,224,35.3,COMMON
food_beverage,restaurant,entity_reviews,79,224,35.3,COMMON
food_beverage,restaurant,recovery_import_log,60,224,26.8,COMMON
food_beverage,restaurant,catalog_sections,55,224,24.6,COMMON
food_beverage,restaurant,ai_unified_search_items_full,54,224,24.1,COMMON
food_beverage,restaurant,catalog_section_days,53,224,23.7,COMMON
food_beverage,restaurant,entity_offer,50,224,22.3,COMMON
food_beverage,restaurant,entity_items_norm_v,49,224,21.9,COMMON
food_beverage,restaurant,entity_items_v,49,224,21.9,COMMON
food_beverage,restaurant,entity_offer_section,49,224,21.9,COMMON
food_beverage,restaurant,catalog_items,48,224,21.4,COMMON
food_beverage,restaurant,entity_conflicts,47,224,21.0,COMMON
food_beverage,restaurant,entity_address_areas,45,224,20.1,COMMON
food_beverage,restaurant,menu_sections,43,224,19.2,COMMON
food_beverage,restaurant,menu_items,42,224,18.8,COMMON
food_beverage,restaurant,menu_section_days,42,224,18.8,COMMON
food_beverage,restaurant,menu_section_details,42,224,18.8,COMMON
food_beverage,restaurant,legacy_photo_migration_queue,41,224,18.3,COMMON
food_beverage,restaurant,entity_sources,31,224,13.8,PARTIAL
food_beverage,restaurant,entity_good_for,28,224,12.5,PARTIAL
food_beverage,restaurant,entity_highlights,28,224,12.5,PARTIAL
food_beverage,restaurant,entity_events,26,224,11.6,PARTIAL
food_beverage,restaurant,ai_event_planner_index_full,21,224,9.4,PARTIAL
food_beverage,restaurant,happy_hour_sections,20,224,8.9,PARTIAL
food_beverage,restaurant,entity_secondary_hours,15,224,6.7,PARTIAL
food_beverage,restaurant,tourist_seen,15,224,6.7,PARTIAL
food_beverage,restaurant,tourist_swipe_events,15,224,6.7,PARTIAL
food_beverage,restaurant,drink_items,10,224,4.5,PARTIAL
food_beverage,restaurant,happy_hour_items,10,224,4.5,PARTIAL
food_beverage,restaurant,drink_sections,9,224,4.0,PARTIAL
food_beverage,restaurant,entity_amenities,8,224,3.6,PARTIAL
food_beverage,restaurant,ai_data_quality_audit,6,224,2.7,PARTIAL
food_beverage,restaurant,ai_data_quality_issues,6,224,2.7,PARTIAL
food_beverage,restaurant,ai_menu_item_tag_values,6,224,2.7,PARTIAL
food_beverage,restaurant,ai_menu_item_tags,6,224,2.7,PARTIAL
food_beverage,restaurant,ai_planner_intent_tags,6,224,2.7,PARTIAL
food_beverage,restaurant,ai_planner_profile_tags,6,224,2.7,PARTIAL
food_beverage,restaurant,ai_planner_profiles,6,224,2.7,PARTIAL
food_beverage,restaurant,ai_voice_snippets,6,224,2.7,PARTIAL
food_beverage,restaurant,entity_policies,5,224,2.2,PARTIAL
food_beverage,restaurant,menu_item_details,5,224,2.2,PARTIAL
food_beverage,restaurant,entity_seo,5,224,2.2,PARTIAL
food_beverage,restaurant,ai_drink_item_tag_values,4,224,1.8,PARTIAL
food_beverage,restaurant,ai_drink_item_tags,4,224,1.8,PARTIAL
food_beverage,restaurant,tourist_saves,4,224,1.8,PARTIAL
food_beverage,restaurant,entity_sections,3,224,1.3,PARTIAL
food_beverage,restaurant,entity_specials,3,224,1.3,PARTIAL
food_beverage,restaurant,entity_known_for,2,224,0.9,PARTIAL
food_beverage,restaurant,drink_section_days,1,224,0.4,PARTIAL
food_beverage,restaurant,entity_section_items,1,224,0.4,PARTIAL
food_beverage,restaurant,happy_hour_section_days,1,224,0.4,PARTIAL
food_beverage,restaurant,menu_item_preparation_choices,1,224,0.4,PARTIAL
food_beverage,restaurant,menu_item_requirements,1,224,0.4,PARTIAL
food_beverage,restaurant,menu_item_served_with,1,224,0.4,PARTIAL
food_beverage,restaurant,menu_item_tags,1,224,0.4,PARTIAL
food_beverage,restaurant,menu_period_days,1,224,0.4,PARTIAL
food_beverage,restaurant,menu_periods,1,224,0.4,PARTIAL
food_beverage,restaurant,offerings,1,224,0.4,PARTIAL
food_beverage,restaurant,entity_seo_keywords,1,224,0.4,PARTIAL
other,(none),entity,210,210,100.0,CORE
other,(none),entity_completeness_v,210,210,100.0,CORE
other,(none),entity_theme,210,210,100.0,CORE
other,(none),search_index,210,210,100.0,CORE
other,(none),entity_tags,152,210,72.4,CORE
other,(none),entity_photos,123,210,58.6,COMMON
other,(none),entity_offer,83,210,39.5,COMMON
other,(none),entity_items_norm_v,80,210,38.1,COMMON
other,(none),entity_items_v,80,210,38.1,COMMON
other,(none),bookable_resources,74,210,35.2,COMMON
other,(none),ai_data_completeness_audit_full,73,210,34.8,COMMON
other,(none),ai_entity_intent_tags_full,73,210,34.8,COMMON
other,(none),ai_entity_profiles_full,73,210,34.8,COMMON
other,(none),bookable_resources_json_backup,73,210,34.8,COMMON
other,(none),entity_modules,69,210,32.9,COMMON
other,(none),entity_sources,63,210,30.0,COMMON
other,(none),ai_photo_index_full,62,210,29.5,COMMON
other,(none),entity_google_maps_links,45,210,21.4,COMMON
other,(none),entity_hours,37,210,17.6,COMMON
other,(none),entity_reviews,37,210,17.6,COMMON
other,(none),entity_google_reviews,36,210,17.1,COMMON
other,(none),entity_nearby_landmark_types,35,210,16.7,COMMON
other,(none),entity_nearby_landmarks,35,210,16.7,COMMON
other,(none),entity_attributes,32,210,15.2,COMMON
other,(none),recovery_import_log,30,210,14.3,PARTIAL
other,(none),entity_address_areas,21,210,10.0,PARTIAL
other,(none),legacy_photo_migration_queue,11,210,5.2,PARTIAL
other,(none),offerings,7,210,3.3,PARTIAL
other,(none),entity_seo,7,210,3.3,PARTIAL
other,(none),offering_prices,6,210,2.9,PARTIAL
other,(none),entity_events,4,210,1.9,PARTIAL
other,(none),requirements,2,210,1.0,PARTIAL
other,(none),tourist_seen,2,210,1.0,PARTIAL
other,(none),tourist_swipe_events,2,210,1.0,PARTIAL
other,(none),catalog_items,1,210,0.5,PARTIAL
other,(none),catalog_section_days,1,210,0.5,PARTIAL
other,(none),catalog_sections,1,210,0.5,PARTIAL
other,(none),entity_amenities,1,210,0.5,PARTIAL
other,(none),entity_offer_section,1,210,0.5,PARTIAL
other,(none),entity_policies,1,210,0.5,PARTIAL
other,(none),menu_items,1,210,0.5,PARTIAL
other,(none),menu_section_days,1,210,0.5,PARTIAL
other,(none),menu_section_details,1,210,0.5,PARTIAL
other,(none),menu_sections,1,210,0.5,PARTIAL
other,(none),entity_sections,1,210,0.5,PARTIAL
other,(none),entity_seo_keywords,1,210,0.5,PARTIAL
other,(none),vessels,1,210,0.5,PARTIAL
other,(none),entity_conflicts,1,210,0.5,PARTIAL
charter_fishing,fishing_charter,entity,169,169,100.0,CORE
charter_fishing,fishing_charter,entity_completeness_v,169,169,100.0,CORE
charter_fishing,fishing_charter,industry_charter_fishing,169,169,100.0,CORE
charter_fishing,fishing_charter,v_industry_facts_slugs,169,169,100.0,CORE
charter_fishing,fishing_charter,entity_theme,168,169,99.4,CORE
charter_fishing,fishing_charter,search_index,168,169,99.4,CORE
charter_fishing,fishing_charter,entity_tags,166,169,98.2,CORE
charter_fishing,fishing_charter,entity_photos,131,169,77.5,CORE
charter_fishing,fishing_charter,entity_attributes,128,169,75.7,CORE
charter_fishing,fishing_charter,entity_modules,99,169,58.6,COMMON
charter_fishing,fishing_charter,ai_data_completeness_audit_full,97,169,57.4,COMMON
charter_fishing,fishing_charter,ai_entity_intent_tags_full,97,169,57.4,COMMON
charter_fishing,fishing_charter,ai_entity_profiles_full,97,169,57.4,COMMON
charter_fishing,fishing_charter,entity_google_maps_links,93,169,55.0,COMMON
charter_fishing,fishing_charter,ai_photo_index_full,92,169,54.4,COMMON
charter_fishing,fishing_charter,entity_hours,90,169,53.3,COMMON
charter_fishing,fishing_charter,entity_sources,90,169,53.3,COMMON
charter_fishing,fishing_charter,entity_google_reviews,88,169,52.1,COMMON
charter_fishing,fishing_charter,entity_reviews,88,169,52.1,COMMON
charter_fishing,fishing_charter,entity_nearby_landmark_types,87,169,51.5,COMMON
charter_fishing,fishing_charter,entity_nearby_landmarks,87,169,51.5,COMMON
charter_fishing,fishing_charter,entity_offer,86,169,50.9,COMMON
charter_fishing,fishing_charter,entity_items_norm_v,79,169,46.7,COMMON
charter_fishing,fishing_charter,entity_items_v,79,169,46.7,COMMON
charter_fishing,fishing_charter,offerings,78,169,46.2,COMMON
charter_fishing,fishing_charter,legacy_photo_migration_queue,72,169,42.6,COMMON
charter_fishing,fishing_charter,offering_prices,66,169,39.1,COMMON
charter_fishing,fishing_charter,whats_included,58,169,34.3,COMMON
charter_fishing,fishing_charter,entity_offer_fee,50,169,29.6,COMMON
charter_fishing,fishing_charter,offerings_details_backup,50,169,29.6,COMMON
charter_fishing,fishing_charter,requirements,48,169,28.4,COMMON
charter_fishing,fishing_charter,entity_address_areas,27,169,16.0,COMMON
charter_fishing,fishing_charter,tourist_seen,26,169,15.4,COMMON
charter_fishing,fishing_charter,tourist_swipe_events,26,169,15.4,COMMON
charter_fishing,fishing_charter,charter_fishing_type,16,169,9.5,PARTIAL
charter_fishing,fishing_charter,bookable_resources,14,169,8.3,PARTIAL
charter_fishing,fishing_charter,vessels,13,169,7.7,PARTIAL
charter_fishing,fishing_charter,entity_sections,12,169,7.1,PARTIAL
charter_fishing,fishing_charter,entity_conflicts,12,169,7.1,PARTIAL
charter_fishing,fishing_charter,entity_seo_keywords,11,169,6.5,PARTIAL
charter_fishing,fishing_charter,tourist_saves,11,169,6.5,PARTIAL
charter_fishing,fishing_charter,entity_section_items,8,169,4.7,PARTIAL
charter_fishing,fishing_charter,entity_amenities,6,169,3.6,PARTIAL
charter_fishing,fishing_charter,entity_seo,6,169,3.6,PARTIAL
charter_fishing,fishing_charter,entity_highlights,3,169,1.8,PARTIAL
charter_fishing,fishing_charter,entity_policies,3,169,1.8,PARTIAL
charter_fishing,fishing_charter,pricing_items,3,169,1.8,PARTIAL
charter_fishing,fishing_charter,recovery_import_log,2,169,1.2,PARTIAL
charter_fishing,fishing_charter,entity_good_for,2,169,1.2,PARTIAL
charter_fishing,fishing_charter,bookable_resources_json_backup,1,169,0.6,PARTIAL
charter_fishing,fishing_charter,entity_faqs,1,169,0.6,PARTIAL
charter_fishing,fishing_charter,entity_secondary_hours,1,169,0.6,PARTIAL
charter_fishing,fishing_charter,entity_section_items_metadata_backup,1,169,0.6,PARTIAL
charter_fishing,fishing_charter,entity_refund_policy,1,169,0.6,PARTIAL
charter_fishing,fishing_charter,meeting_points,1,169,0.6,PARTIAL
charter_fishing,fishing_charter,whats_excluded,1,169,0.6,PARTIAL
condo,condominium_complex,entity,161,161,100.0,CORE
condo,condominium_complex,entity_completeness_v,161,161,100.0,CORE
condo,condominium_complex,industry_condo,161,161,100.0,CORE
condo,condominium_complex,search_index,161,161,100.0,CORE
condo,condominium_complex,v_industry_facts_slugs,161,161,100.0,CORE
condo,condominium_complex,entity_theme,160,161,99.4,CORE
condo,condominium_complex,entity_tags,149,161,92.5,CORE
condo,condominium_complex,entity_photos,144,161,89.4,CORE
condo,condominium_complex,entity_sources,117,161,72.7,CORE
condo,condominium_complex,ai_data_completeness_audit_full,96,161,59.6,COMMON
condo,condominium_complex,ai_entity_intent_tags_full,96,161,59.6,COMMON
condo,condominium_complex,ai_entity_profiles_full,96,161,59.6,COMMON
condo,condominium_complex,entity_items_norm_v,96,161,59.6,COMMON
condo,condominium_complex,entity_items_v,96,161,59.6,COMMON
condo,condominium_complex,entity_modules,96,161,59.6,COMMON
condo,condominium_complex,entity_offer,96,161,59.6,COMMON
condo,condominium_complex,ai_photo_index_full,95,161,59.0,COMMON
condo,condominium_complex,bookable_resources,95,161,59.0,COMMON
condo,condominium_complex,bookable_resources_json_backup,95,161,59.0,COMMON
condo,condominium_complex,entity_section_items,95,161,59.0,COMMON
condo,condominium_complex,entity_section_items_metadata_backup,95,161,59.0,COMMON
condo,condominium_complex,entity_sections,95,161,59.0,COMMON
condo,condominium_complex,rental_units,95,161,59.0,COMMON
condo,condominium_complex,entity_reviews,84,161,52.2,COMMON
condo,condominium_complex,entity_attributes,69,161,42.9,COMMON
condo,condominium_complex,entity_google_maps_links,68,161,42.2,COMMON
condo,condominium_complex,entity_google_reviews,68,161,42.2,COMMON
condo,condominium_complex,entity_nearby_landmark_types,68,161,42.2,COMMON
condo,condominium_complex,entity_nearby_landmarks,68,161,42.2,COMMON
condo,condominium_complex,entity_amenities,58,161,36.0,COMMON
condo,condominium_complex,entity_address_areas,58,161,36.0,COMMON
condo,condominium_complex,entity_hours,57,161,35.4,COMMON
condo,condominium_complex,legacy_photo_migration_queue,52,161,32.3,COMMON
condo,condominium_complex,recovery_import_log,25,161,15.5,COMMON
condo,condominium_complex,tourist_seen,24,161,14.9,PARTIAL
condo,condominium_complex,tourist_swipe_events,24,161,14.9,PARTIAL
condo,condominium_complex,entity_seo,16,161,9.9,PARTIAL
condo,condominium_complex,entity_conflicts,16,161,9.9,PARTIAL
condo,condominium_complex,entity_faqs,15,161,9.3,PARTIAL
condo,condominium_complex,faqs,15,161,9.3,PARTIAL
condo,condominium_complex,entity_good_for,2,161,1.2,PARTIAL
condo,condominium_complex,entity_highlights,2,161,1.2,PARTIAL
condo,condominium_complex,tourist_saves,1,161,0.6,PARTIAL
condo,condominium_complex,offering_prices,1,161,0.6,PARTIAL
condo,condominium_complex,offerings,1,161,0.6,PARTIAL
condo,condominium_complex,offerings_details_backup,1,161,0.6,PARTIAL
condo,condominium_complex,requirements,1,161,0.6,PARTIAL
condo,condominium_complex,whats_included,1,161,0.6,PARTIAL
condo,condominium_complex,amenities,1,161,0.6,PARTIAL
condo,condominium_complex,entity_policies,1,161,0.6,PARTIAL
condo,condominium_complex,property_details,1,161,0.6,PARTIAL
retail,(none),entity,133,133,100.0,CORE
retail,(none),search_index,133,133,100.0,CORE
retail,(none),entity_completeness_v,132,133,99.2,CORE
retail,(none),industry_retail,132,133,99.2,CORE
retail,(none),v_industry_facts_slugs,132,133,99.2,CORE
retail,(none),entity_theme,124,133,93.2,CORE
retail,(none),recovery_import_log,82,133,61.7,CORE
retail,(none),entity_tags,37,133,27.8,COMMON
retail,(none),entity_photos,22,133,16.5,COMMON
retail,(none),entity_sources,17,133,12.8,PARTIAL
retail,(none),entity_conflicts,9,133,6.8,PARTIAL
retail,(none),ai_data_completeness_audit_full,1,133,0.8,PARTIAL
retail,(none),ai_entity_intent_tags_full,1,133,0.8,PARTIAL
retail,(none),ai_entity_profiles_full,1,133,0.8,PARTIAL
other,service,entity,109,109,100.0,CORE
other,service,entity_completeness_v,109,109,100.0,CORE
other,service,entity_theme,109,109,100.0,CORE
other,service,search_index,109,109,100.0,CORE
other,service,ai_data_completeness_audit_full,107,109,98.2,CORE
other,service,ai_entity_intent_tags_full,107,109,98.2,CORE
other,service,ai_entity_profiles_full,107,109,98.2,CORE
other,service,entity_tags,107,109,98.2,CORE
other,service,bookable_resources,106,109,97.2,CORE
other,service,bookable_resources_json_backup,106,109,97.2,CORE
other,service,entity_google_maps_links,106,109,97.2,CORE
other,service,entity_items_norm_v,106,109,97.2,CORE
other,service,entity_items_v,106,109,97.2,CORE
other,service,entity_modules,106,109,97.2,CORE
other,service,entity_offer,106,109,97.2,CORE
other,service,entity_attributes,99,109,90.8,CORE
other,service,entity_nearby_landmarks,99,109,90.8,CORE
other,service,entity_nearby_landmark_types,97,109,89.0,CORE
other,service,entity_photos,96,109,88.1,CORE
other,service,ai_photo_index_full,94,109,86.2,CORE
other,service,entity_google_reviews,93,109,85.3,CORE
other,service,entity_reviews,93,109,85.3,CORE
other,service,entity_hours,92,109,84.4,CORE
other,service,entity_address_areas,58,109,53.2,COMMON
other,service,entity_sources,34,109,31.2,COMMON
other,service,entity_seo,13,109,11.9,PARTIAL
other,service,legacy_photo_migration_queue,12,109,11.0,PARTIAL
other,service,entity_good_for,4,109,3.7,PARTIAL
other,service,entity_highlights,4,109,3.7,PARTIAL
other,service,entity_secondary_hours,4,109,3.7,PARTIAL
other,service,entity_section_items,3,109,2.8,PARTIAL
other,service,entity_sections,3,109,2.8,PARTIAL
other,service,recovery_import_log,3,109,2.8,PARTIAL
other,service,offerings,2,109,1.8,PARTIAL
other,service,entity_seo_keywords,2,109,1.8,PARTIAL
other,service,entity_conflicts,2,109,1.8,PARTIAL
other,service,offering_prices,1,109,0.9,PARTIAL
other,service,entity_section_items_metadata_backup,1,109,0.9,PARTIAL
tour_operator,travel_agency,entity,91,91,100.0,CORE
tour_operator,travel_agency,entity_completeness_v,91,91,100.0,CORE
tour_operator,travel_agency,entity_theme,91,91,100.0,CORE
tour_operator,travel_agency,industry_tour_operator,91,91,100.0,CORE
tour_operator,travel_agency,search_index,91,91,100.0,CORE
tour_operator,travel_agency,v_industry_facts_slugs,91,91,100.0,CORE
tour_operator,travel_agency,ai_data_completeness_audit_full,85,91,93.4,CORE
tour_operator,travel_agency,ai_entity_intent_tags_full,85,91,93.4,CORE
tour_operator,travel_agency,ai_entity_profiles_full,85,91,93.4,CORE
tour_operator,travel_agency,entity_modules,85,91,93.4,CORE
tour_operator,travel_agency,entity_photos,85,91,93.4,CORE
tour_operator,travel_agency,entity_tags,85,91,93.4,CORE
tour_operator,travel_agency,entity_attributes,84,91,92.3,CORE
tour_operator,travel_agency,entity_google_maps_links,84,91,92.3,CORE
tour_operator,travel_agency,entity_google_reviews,81,91,89.0,CORE
tour_operator,travel_agency,entity_hours,81,91,89.0,CORE
tour_operator,travel_agency,entity_nearby_landmark_types,81,91,89.0,CORE
tour_operator,travel_agency,entity_nearby_landmarks,81,91,89.0,CORE
tour_operator,travel_agency,entity_reviews,81,91,89.0,CORE
tour_operator,travel_agency,ai_photo_index_full,78,91,85.7,CORE
tour_operator,travel_agency,entity_address_areas,47,91,51.6,COMMON
tour_operator,travel_agency,legacy_photo_migration_queue,36,91,39.6,COMMON
tour_operator,travel_agency,entity_sources,32,91,35.2,COMMON
tour_operator,travel_agency,entity_seo,16,91,17.6,COMMON
tour_operator,travel_agency,recovery_import_log,7,91,7.7,PARTIAL
tour_operator,travel_agency,entity_good_for,2,91,2.2,PARTIAL
tour_operator,travel_agency,entity_highlights,2,91,2.2,PARTIAL
tour_operator,travel_agency,entity_specials,2,91,2.2,PARTIAL
tour_operator,travel_agency,entity_amenities,1,91,1.1,PARTIAL
tour_operator,travel_agency,entity_secondary_hours,1,91,1.1,PARTIAL
tour_operator,travel_agency,tourist_seen,1,91,1.1,PARTIAL
tour_operator,travel_agency,tourist_swipe_events,1,91,1.1,PARTIAL
tour_operator,travel_agency,entity_conflicts,1,91,1.1,PARTIAL
tour_operator,travel_agency,industry_condo,1,91,1.1,PARTIAL
other,store,entity,75,75,100.0,CORE
other,store,entity_completeness_v,75,75,100.0,CORE
other,store,entity_photos,75,75,100.0,CORE
other,store,search_index,75,75,100.0,CORE
other,store,ai_data_completeness_audit_full,74,75,98.7,CORE
other,store,ai_entity_intent_tags_full,74,75,98.7,CORE
other,store,ai_entity_profiles_full,74,75,98.7,CORE
other,store,ai_photo_index_full,74,75,98.7,CORE
other,store,entity_tags,74,75,98.7,CORE
other,store,entity_theme,74,75,98.7,CORE
other,store,entity_google_maps_links,73,75,97.3,CORE
other,store,entity_modules,73,75,97.3,CORE
other,store,entity_nearby_landmarks,72,75,96.0,CORE
other,store,entity_attributes,71,75,94.7,CORE
other,store,entity_google_reviews,71,75,94.7,CORE
other,store,entity_nearby_landmark_types,71,75,94.7,CORE
other,store,entity_reviews,71,75,94.7,CORE
other,store,entity_hours,67,75,89.3,CORE
other,store,entity_address_areas,44,75,58.7,COMMON
other,store,legacy_photo_migration_queue,26,75,34.7,COMMON
other,store,entity_sources,21,75,28.0,COMMON
other,store,entity_seo,11,75,14.7,PARTIAL
other,store,entity_sections,5,75,6.7,PARTIAL
other,store,entity_seo_keywords,5,75,6.7,PARTIAL
other,store,entity_conflicts,4,75,5.3,PARTIAL
other,store,entity_good_for,3,75,4.0,PARTIAL
other,store,entity_highlights,3,75,4.0,PARTIAL
other,store,entity_items_norm_v,3,75,4.0,PARTIAL
other,store,entity_items_v,3,75,4.0,PARTIAL
other,store,entity_offer,3,75,4.0,PARTIAL
other,store,offering_prices,2,75,2.7,PARTIAL
other,store,offerings,2,75,2.7,PARTIAL
other,store,entity_secondary_hours,2,75,2.7,PARTIAL
other,store,recovery_import_log,1,75,1.3,PARTIAL
other,store,tourist_seen,1,75,1.3,PARTIAL
other,store,tourist_swipe_events,1,75,1.3,PARTIAL
other,store,bookable_resources,1,75,1.3,PARTIAL
other,store,bookable_resources_json_backup,1,75,1.3,PARTIAL
hotel,hotel,entity,73,73,100.0,CORE
hotel,hotel,industry_hotel,73,73,100.0,CORE
hotel,hotel,search_index,73,73,100.0,CORE
hotel,hotel,v_industry_facts_slugs,73,73,100.0,CORE
hotel,hotel,ai_data_completeness_audit_full,72,73,98.6,CORE
hotel,hotel,ai_entity_intent_tags_full,72,73,98.6,CORE
hotel,hotel,ai_entity_profiles_full,72,73,98.6,CORE
hotel,hotel,entity_completeness_v,72,73,98.6,CORE
hotel,hotel,entity_theme,72,73,98.6,CORE
hotel,hotel,entity_modules,71,73,97.3,CORE
hotel,hotel,entity_tags,56,73,76.7,CORE
hotel,hotel,entity_google_maps_links,54,73,74.0,CORE
hotel,hotel,entity_nearby_landmark_types,54,73,74.0,CORE
hotel,hotel,entity_nearby_landmarks,54,73,74.0,CORE
hotel,hotel,entity_attributes,53,73,72.6,CORE
hotel,hotel,entity_google_reviews,52,73,71.2,CORE
hotel,hotel,entity_reviews,52,73,71.2,CORE
hotel,hotel,entity_photos,49,73,67.1,CORE
hotel,hotel,ai_photo_index_full,48,73,65.8,CORE
hotel,hotel,entity_address_areas,39,73,53.4,COMMON
hotel,hotel,legacy_photo_migration_queue,39,73,53.4,COMMON
hotel,hotel,tourist_seen,7,73,9.6,PARTIAL
hotel,hotel,tourist_swipe_events,7,73,9.6,PARTIAL
hotel,hotel,entity_hours,7,73,9.6,PARTIAL
hotel,hotel,entity_seo,5,73,6.8,PARTIAL
hotel,hotel,entity_sources,5,73,6.8,PARTIAL
hotel,hotel,tourist_saves,4,73,5.5,PARTIAL
hotel,hotel,entity_good_for,2,73,2.7,PARTIAL
hotel,hotel,entity_highlights,2,73,2.7,PARTIAL
hotel,hotel,entity_conflicts,2,73,2.7,PARTIAL
hotel,hotel,ai_unified_search_items_full,1,73,1.4,PARTIAL
hotel,hotel,catalog_items,1,73,1.4,PARTIAL
hotel,hotel,catalog_section_days,1,73,1.4,PARTIAL
hotel,hotel,catalog_sections,1,73,1.4,PARTIAL
hotel,hotel,drink_items,1,73,1.4,PARTIAL
hotel,hotel,drink_sections,1,73,1.4,PARTIAL
hotel,hotel,entity_events,1,73,1.4,PARTIAL
hotel,hotel,entity_items_norm_v,1,73,1.4,PARTIAL
hotel,hotel,entity_items_v,1,73,1.4,PARTIAL
hotel,hotel,entity_offer,1,73,1.4,PARTIAL
hotel,hotel,entity_offer_section,1,73,1.4,PARTIAL
hotel,hotel,menu_items,1,73,1.4,PARTIAL
hotel,hotel,menu_section_days,1,73,1.4,PARTIAL
hotel,hotel,menu_section_details,1,73,1.4,PARTIAL
hotel,hotel,menu_sections,1,73,1.4,PARTIAL
hotel,hotel,amenities,1,73,1.4,PARTIAL
hotel,hotel,entity_specials,1,73,1.4,PARTIAL
hotel,hotel,event_space,1,73,1.4,PARTIAL
hotel,hotel,property_details,1,73,1.4,PARTIAL
hotel,hotel,room_types,1,73,1.4,PARTIAL
food_beverage,seafood_restaurant,entity,71,71,100.0,CORE
food_beverage,seafood_restaurant,entity_completeness_v,71,71,100.0,CORE
food_beverage,seafood_restaurant,industry_food_beverage,71,71,100.0,CORE
food_beverage,seafood_restaurant,v_industry_facts_slugs,71,71,100.0,CORE
food_beverage,seafood_restaurant,entity_theme,70,71,98.6,CORE
food_beverage,seafood_restaurant,search_index,70,71,98.6,CORE
food_beverage,seafood_restaurant,ai_data_completeness_audit_full,67,71,94.4,CORE
food_beverage,seafood_restaurant,ai_entity_intent_tags_full,67,71,94.4,CORE
food_beverage,seafood_restaurant,ai_entity_profiles_full,67,71,94.4,CORE
food_beverage,seafood_restaurant,entity_modules,67,71,94.4,CORE
food_beverage,seafood_restaurant,ai_photo_index_full,66,71,93.0,CORE
food_beverage,seafood_restaurant,entity_photos,66,71,93.0,CORE
food_beverage,seafood_restaurant,entity_tags,66,71,93.0,CORE
food_beverage,seafood_restaurant,entity_attributes,65,71,91.5,CORE
food_beverage,seafood_restaurant,entity_google_maps_links,64,71,90.1,CORE
food_beverage,seafood_restaurant,entity_google_reviews,64,71,90.1,CORE
food_beverage,seafood_restaurant,entity_nearby_landmarks,64,71,90.1,CORE
food_beverage,seafood_restaurant,entity_reviews,64,71,90.1,CORE
food_beverage,seafood_restaurant,entity_hours,62,71,87.3,CORE
food_beverage,seafood_restaurant,entity_nearby_landmark_types,62,71,87.3,CORE
food_beverage,seafood_restaurant,catalog_section_days,47,71,66.2,CORE
food_beverage,seafood_restaurant,catalog_sections,47,71,66.2,CORE
food_beverage,seafood_restaurant,entity_offer,40,71,56.3,COMMON
food_beverage,seafood_restaurant,entity_offer_section,40,71,56.3,COMMON
food_beverage,seafood_restaurant,catalog_items,36,71,50.7,COMMON
food_beverage,seafood_restaurant,entity_address_areas,36,71,50.7,COMMON
food_beverage,seafood_restaurant,entity_items_norm_v,36,71,50.7,COMMON
food_beverage,seafood_restaurant,entity_items_v,36,71,50.7,COMMON
food_beverage,seafood_restaurant,legacy_photo_migration_queue,36,71,50.7,COMMON
food_beverage,seafood_restaurant,menu_items,35,71,49.3,COMMON
food_beverage,seafood_restaurant,menu_sections,35,71,49.3,COMMON
food_beverage,seafood_restaurant,ai_unified_search_items_full,34,71,47.9,COMMON
food_beverage,seafood_restaurant,menu_section_days,34,71,47.9,COMMON
food_beverage,seafood_restaurant,menu_section_details,34,71,47.9,COMMON
food_beverage,seafood_restaurant,entity_sources,33,71,46.5,COMMON
food_beverage,seafood_restaurant,entity_events,23,71,32.4,COMMON
food_beverage,seafood_restaurant,happy_hour_sections,23,71,32.4,COMMON
food_beverage,seafood_restaurant,ai_event_planner_index_full,19,71,26.8,COMMON
food_beverage,seafood_restaurant,entity_secondary_hours,16,71,22.5,COMMON
food_beverage,seafood_restaurant,tourist_seen,13,71,18.3,COMMON
food_beverage,seafood_restaurant,tourist_swipe_events,13,71,18.3,COMMON
food_beverage,seafood_restaurant,recovery_import_log,11,71,15.5,COMMON
food_beverage,seafood_restaurant,drink_items,10,71,14.1,PARTIAL
food_beverage,seafood_restaurant,drink_sections,10,71,14.1,PARTIAL
food_beverage,seafood_restaurant,entity_specials,10,71,14.1,PARTIAL
food_beverage,seafood_restaurant,entity_conflicts,9,71,12.7,PARTIAL
food_beverage,seafood_restaurant,happy_hour_items,8,71,11.3,PARTIAL
food_beverage,seafood_restaurant,menu_item_details,8,71,11.3,PARTIAL
food_beverage,seafood_restaurant,ai_data_quality_audit,7,71,9.9,PARTIAL
food_beverage,seafood_restaurant,ai_data_quality_issues,7,71,9.9,PARTIAL
food_beverage,seafood_restaurant,ai_menu_item_tag_values,7,71,9.9,PARTIAL
food_beverage,seafood_restaurant,ai_menu_item_tags,7,71,9.9,PARTIAL
food_beverage,seafood_restaurant,ai_planner_intent_tags,7,71,9.9,PARTIAL
food_beverage,seafood_restaurant,ai_planner_profile_tags,7,71,9.9,PARTIAL
food_beverage,seafood_restaurant,ai_planner_profiles,7,71,9.9,PARTIAL
food_beverage,seafood_restaurant,ai_voice_snippets,7,71,9.9,PARTIAL
food_beverage,seafood_restaurant,entity_policies,7,71,9.9,PARTIAL
food_beverage,seafood_restaurant,entity_highlights,7,71,9.9,PARTIAL
food_beverage,seafood_restaurant,ai_drink_item_tag_values,6,71,8.5,PARTIAL
food_beverage,seafood_restaurant,ai_drink_item_tags,6,71,8.5,PARTIAL
food_beverage,seafood_restaurant,entity_good_for,6,71,8.5,PARTIAL
food_beverage,seafood_restaurant,entity_amenities,5,71,7.0,PARTIAL
food_beverage,seafood_restaurant,entity_seo,5,71,7.0,PARTIAL
food_beverage,seafood_restaurant,tourist_saves,5,71,7.0,PARTIAL
food_beverage,seafood_restaurant,entity_sections,4,71,5.6,PARTIAL
food_beverage,seafood_restaurant,entity_seo_keywords,4,71,5.6,PARTIAL
food_beverage,seafood_restaurant,entity_known_for,3,71,4.2,PARTIAL
food_beverage,seafood_restaurant,entity_faqs,2,71,2.8,PARTIAL
food_beverage,seafood_restaurant,happy_hour_section_days,2,71,2.8,PARTIAL
food_beverage,seafood_restaurant,pricing_items,1,71,1.4,PARTIAL
food_beverage,seafood_restaurant,entity_rotating_section_items,1,71,1.4,PARTIAL
food_beverage,seafood_restaurant,entity_rotating_sections,1,71,1.4,PARTIAL
food_beverage,seafood_restaurant,entity_sides,1,71,1.4,PARTIAL
food_beverage,seafood_restaurant,tourist_click_events,1,71,1.4,PARTIAL
food_beverage,seafood_restaurant,menu_period_days,1,71,1.4,PARTIAL
food_beverage,seafood_restaurant,menu_periods,1,71,1.4,PARTIAL
hotel,lodging,entity,63,63,100.0,CORE
hotel,lodging,entity_completeness_v,63,63,100.0,CORE
hotel,lodging,industry_hotel,63,63,100.0,CORE
hotel,lodging,search_index,63,63,100.0,CORE
hotel,lodging,v_industry_facts_slugs,63,63,100.0,CORE
hotel,lodging,entity_theme,62,63,98.4,CORE
hotel,lodging,ai_data_completeness_audit_full,50,63,79.4,CORE
hotel,lodging,ai_entity_intent_tags_full,50,63,79.4,CORE
hotel,lodging,ai_entity_profiles_full,50,63,79.4,CORE
hotel,lodging,bookable_resources,50,63,79.4,CORE
hotel,lodging,bookable_resources_json_backup,50,63,79.4,CORE
hotel,lodging,entity_items_norm_v,50,63,79.4,CORE
hotel,lodging,entity_items_v,50,63,79.4,CORE
hotel,lodging,entity_offer,50,63,79.4,CORE
hotel,lodging,entity_tags,50,63,79.4,CORE
hotel,lodging,entity_google_maps_links,49,63,77.8,CORE
hotel,lodging,entity_nearby_landmark_types,49,63,77.8,CORE
hotel,lodging,entity_nearby_landmarks,49,63,77.8,CORE
hotel,lodging,entity_modules,47,63,74.6,CORE
hotel,lodging,entity_address_areas,25,63,39.7,COMMON
hotel,lodging,entity_photos,18,63,28.6,COMMON
hotel,lodging,entity_google_reviews,17,63,27.0,COMMON
hotel,lodging,entity_reviews,17,63,27.0,COMMON
hotel,lodging,ai_photo_index_full,16,63,25.4,COMMON
hotel,lodging,entity_attributes,14,63,22.2,COMMON
hotel,lodging,recovery_import_log,13,63,20.6,COMMON
hotel,lodging,legacy_photo_migration_queue,7,63,11.1,PARTIAL
hotel,lodging,entity_sources,4,63,6.3,PARTIAL
hotel,lodging,entity_hours,4,63,6.3,PARTIAL
hotel,lodging,tourist_seen,3,63,4.8,PARTIAL
hotel,lodging,tourist_swipe_events,3,63,4.8,PARTIAL
hotel,lodging,entity_amenities,1,63,1.6,PARTIAL
hotel,lodging,catalog_section_days,1,63,1.6,PARTIAL
hotel,lodging,catalog_sections,1,63,1.6,PARTIAL
hotel,lodging,entity_secondary_hours,1,63,1.6,PARTIAL
hotel,lodging,happy_hour_sections,1,63,1.6,PARTIAL
hotel,lodging,entity_conflicts,1,63,1.6,PARTIAL
condo,owner_managed_condo,entity,61,61,100.0,CORE
condo,owner_managed_condo,entity_completeness_v,61,61,100.0,CORE
condo,owner_managed_condo,entity_modules,61,61,100.0,CORE
condo,owner_managed_condo,entity_theme,61,61,100.0,CORE
condo,owner_managed_condo,industry_condo,61,61,100.0,CORE
condo,owner_managed_condo,search_index,61,61,100.0,CORE
condo,owner_managed_condo,v_industry_facts_slugs,61,61,100.0,CORE
condo,owner_managed_condo,entity_specials,3,61,4.9,PARTIAL
condo,owner_managed_condo,ai_data_completeness_audit_full,1,61,1.6,PARTIAL
condo,owner_managed_condo,ai_entity_intent_tags_full,1,61,1.6,PARTIAL
condo,owner_managed_condo,ai_entity_profiles_full,1,61,1.6,PARTIAL
condo,owner_managed_condo,ai_photo_index_full,1,61,1.6,PARTIAL
condo,owner_managed_condo,bookable_resources,1,61,1.6,PARTIAL
condo,owner_managed_condo,bookable_resources_json_backup,1,61,1.6,PARTIAL
condo,owner_managed_condo,entity_address_areas,1,61,1.6,PARTIAL
condo,owner_managed_condo,entity_attributes,1,61,1.6,PARTIAL
condo,owner_managed_condo,entity_google_maps_links,1,61,1.6,PARTIAL
condo,owner_managed_condo,entity_google_reviews,1,61,1.6,PARTIAL
condo,owner_managed_condo,entity_hours,1,61,1.6,PARTIAL
condo,owner_managed_condo,entity_items_norm_v,1,61,1.6,PARTIAL
condo,owner_managed_condo,entity_items_v,1,61,1.6,PARTIAL
condo,owner_managed_condo,entity_nearby_landmark_types,1,61,1.6,PARTIAL
condo,owner_managed_condo,entity_nearby_landmarks,1,61,1.6,PARTIAL
condo,owner_managed_condo,entity_offer,1,61,1.6,PARTIAL
condo,owner_managed_condo,entity_photos,1,61,1.6,PARTIAL
condo,owner_managed_condo,entity_reviews,1,61,1.6,PARTIAL
condo,owner_managed_condo,entity_section_items,1,61,1.6,PARTIAL
condo,owner_managed_condo,entity_section_items_metadata_backup,1,61,1.6,PARTIAL
condo,owner_managed_condo,entity_sections,1,61,1.6,PARTIAL
condo,owner_managed_condo,entity_tags,1,61,1.6,PARTIAL
condo,owner_managed_condo,rental_units,1,61,1.6,PARTIAL
condo,owner_managed_condo,entity_sources,1,61,1.6,PARTIAL
outdoor_recreation,park,entity,59,59,100.0,CORE
outdoor_recreation,park,entity_completeness_v,59,59,100.0,CORE
outdoor_recreation,park,industry_outdoor_recreation,59,59,100.0,CORE
outdoor_recreation,park,search_index,59,59,100.0,CORE
outdoor_recreation,park,v_industry_facts_slugs,59,59,100.0,CORE
outdoor_recreation,park,entity_theme,58,59,98.3,CORE
outdoor_recreation,park,entity_tags,55,59,93.2,CORE
outdoor_recreation,park,entity_photos,53,59,89.8,CORE
outdoor_recreation,park,ai_data_completeness_audit_full,52,59,88.1,CORE
outdoor_recreation,park,ai_entity_intent_tags_full,52,59,88.1,CORE
outdoor_recreation,park,ai_entity_profiles_full,52,59,88.1,CORE
outdoor_recreation,park,entity_modules,52,59,88.1,CORE
outdoor_recreation,park,ai_photo_index_full,51,59,86.4,CORE
outdoor_recreation,park,entity_google_maps_links,50,59,84.7,CORE
outdoor_recreation,park,entity_attributes,48,59,81.4,CORE
outdoor_recreation,park,entity_google_reviews,45,59,76.3,CORE
outdoor_recreation,park,entity_nearby_landmark_types,45,59,76.3,CORE
outdoor_recreation,park,entity_nearby_landmarks,45,59,76.3,CORE
outdoor_recreation,park,entity_reviews,45,59,76.3,CORE
outdoor_recreation,park,entity_address_areas,34,59,57.6,COMMON
outdoor_recreation,park,entity_hours,34,59,57.6,COMMON
outdoor_recreation,park,legacy_photo_migration_queue,19,59,32.2,COMMON
outdoor_recreation,park,entity_sources,9,59,15.3,COMMON
outdoor_recreation,park,entity_offer,8,59,13.6,PARTIAL
outdoor_recreation,park,entity_items_norm_v,5,59,8.5,PARTIAL
outdoor_recreation,park,entity_items_v,5,59,8.5,PARTIAL
outdoor_recreation,park,entity_events,4,59,6.8,PARTIAL
outdoor_recreation,park,entity_sections,4,59,6.8,PARTIAL
outdoor_recreation,park,entity_seo_keywords,4,59,6.8,PARTIAL
outdoor_recreation,park,recovery_import_log,3,59,5.1,PARTIAL
outdoor_recreation,park,bookable_resources,3,59,5.1,PARTIAL
outdoor_recreation,park,bookable_resources_json_backup,3,59,5.1,PARTIAL
outdoor_recreation,park,entity_conflicts,3,59,5.1,PARTIAL
outdoor_recreation,park,entity_seo,2,59,3.4,PARTIAL
outdoor_recreation,park,entity_section_items,2,59,3.4,PARTIAL
outdoor_recreation,park,ai_event_planner_index_full,1,59,1.7,PARTIAL
outdoor_recreation,park,ai_unified_search_items_full,1,59,1.7,PARTIAL
tour_operator,tour_agency,entity,59,59,100.0,CORE
tour_operator,tour_agency,industry_tour_operator,59,59,100.0,CORE
tour_operator,tour_agency,v_industry_facts_slugs,59,59,100.0,CORE
tour_operator,tour_agency,entity_theme,58,59,98.3,CORE
tour_operator,tour_agency,search_index,58,59,98.3,CORE
tour_operator,tour_agency,entity_completeness_v,57,59,96.6,CORE
tour_operator,tour_agency,ai_data_completeness_audit_full,56,59,94.9,CORE
tour_operator,tour_agency,ai_entity_intent_tags_full,56,59,94.9,CORE
tour_operator,tour_agency,ai_entity_profiles_full,56,59,94.9,CORE
tour_operator,tour_agency,entity_tags,56,59,94.9,CORE
tour_operator,tour_agency,entity_modules,55,59,93.2,CORE
tour_operator,tour_agency,entity_photos,55,59,93.2,CORE
tour_operator,tour_agency,ai_photo_index_full,54,59,91.5,CORE
tour_operator,tour_agency,entity_google_maps_links,53,59,89.8,CORE
tour_operator,tour_agency,entity_attributes,52,59,88.1,CORE
tour_operator,tour_agency,entity_hours,52,59,88.1,CORE
tour_operator,tour_agency,entity_google_reviews,51,59,86.4,CORE
tour_operator,tour_agency,entity_nearby_landmark_types,51,59,86.4,CORE
tour_operator,tour_agency,entity_nearby_landmarks,51,59,86.4,CORE
tour_operator,tour_agency,entity_reviews,51,59,86.4,CORE
tour_operator,tour_agency,entity_address_areas,43,59,72.9,CORE
tour_operator,tour_agency,legacy_photo_migration_queue,33,59,55.9,COMMON
tour_operator,tour_agency,entity_sources,30,59,50.8,COMMON
tour_operator,tour_agency,entity_offer,20,59,33.9,COMMON
tour_operator,tour_agency,entity_items_norm_v,15,59,25.4,COMMON
tour_operator,tour_agency,entity_items_v,15,59,25.4,COMMON
tour_operator,tour_agency,offerings,14,59,23.7,COMMON
tour_operator,tour_agency,activity_options,12,59,20.3,COMMON
tour_operator,tour_agency,entity_highlights,11,59,18.6,COMMON
tour_operator,tour_agency,entity_sections,9,59,15.3,COMMON
tour_operator,tour_agency,offering_prices,9,59,15.3,COMMON
tour_operator,tour_agency,entity_seo_keywords,7,59,11.9,PARTIAL
tour_operator,tour_agency,meeting_points,6,59,10.2,PARTIAL
tour_operator,tour_agency,requirements,6,59,10.2,PARTIAL
tour_operator,tour_agency,whats_included,6,59,10.2,PARTIAL
tour_operator,tour_agency,entity_section_items,4,59,6.8,PARTIAL
tour_operator,tour_agency,whats_excluded,3,59,5.1,PARTIAL
tour_operator,tour_agency,bookable_resources,3,59,5.1,PARTIAL
tour_operator,tour_agency,entity_conflicts,3,59,5.1,PARTIAL
tour_operator,tour_agency,tourist_seen,3,59,5.1,PARTIAL
tour_operator,tour_agency,tourist_swipe_events,3,59,5.1,PARTIAL
tour_operator,tour_agency,vessels,2,59,3.4,PARTIAL
tour_operator,tour_agency,entity_seo,2,59,3.4,PARTIAL
tour_operator,tour_agency,tourist_click_events,1,59,1.7,PARTIAL
tour_operator,tour_agency,entity_secondary_hours,1,59,1.7,PARTIAL
tour_operator,tour_agency,bookable_resources_json_backup,1,59,1.7,PARTIAL
tour_operator,tour_agency,entity_good_for,1,59,1.7,PARTIAL
tour_operator,tour_agency,recovery_import_log,1,59,1.7,PARTIAL
food_beverage,(none),entity,55,55,100.0,CORE
food_beverage,(none),entity_completeness_v,55,55,100.0,CORE
food_beverage,(none),industry_food_beverage,53,55,96.4,CORE
food_beverage,(none),search_index,53,55,96.4,CORE
food_beverage,(none),v_industry_facts_slugs,53,55,96.4,CORE
food_beverage,(none),entity_theme,49,55,89.1,CORE
food_beverage,(none),entity_tags,36,55,65.5,CORE
food_beverage,(none),entity_sources,25,55,45.5,COMMON
food_beverage,(none),entity_offer_section,17,55,30.9,COMMON
food_beverage,(none),entity_offer,16,55,29.1,COMMON
food_beverage,(none),catalog_sections,14,55,25.5,COMMON
food_beverage,(none),catalog_section_days,13,55,23.6,COMMON
food_beverage,(none),ai_data_completeness_audit_full,13,55,23.6,COMMON
food_beverage,(none),ai_entity_intent_tags_full,13,55,23.6,COMMON
food_beverage,(none),ai_entity_profiles_full,13,55,23.6,COMMON
food_beverage,(none),catalog_items,12,55,21.8,COMMON
food_beverage,(none),entity_items_norm_v,12,55,21.8,COMMON
food_beverage,(none),entity_items_v,12,55,21.8,COMMON
food_beverage,(none),menu_section_days,12,55,21.8,COMMON
food_beverage,(none),menu_section_details,12,55,21.8,COMMON
food_beverage,(none),menu_sections,12,55,21.8,COMMON
food_beverage,(none),menu_items,11,55,20.0,COMMON
food_beverage,(none),entity_photos,11,55,20.0,COMMON
food_beverage,(none),entity_modules,9,55,16.4,COMMON
food_beverage,(none),entity_events,7,55,12.7,PARTIAL
food_beverage,(none),entity_conflicts,6,55,10.9,PARTIAL
food_beverage,(none),entity_specials,6,55,10.9,PARTIAL
food_beverage,(none),ai_photo_index_full,5,55,9.1,PARTIAL
food_beverage,(none),tourist_seen,4,55,7.3,PARTIAL
food_beverage,(none),tourist_swipe_events,4,55,7.3,PARTIAL
food_beverage,(none),happy_hour_sections,3,55,5.5,PARTIAL
food_beverage,(none),entity_amenities,3,55,5.5,PARTIAL
food_beverage,(none),tourist_saves,3,55,5.5,PARTIAL
food_beverage,(none),happy_hour_items,2,55,3.6,PARTIAL
food_beverage,(none),recovery_import_log,2,55,3.6,PARTIAL
food_beverage,(none),ai_unified_search_items_full,2,55,3.6,PARTIAL
food_beverage,(none),menu_item_tags,1,55,1.8,PARTIAL
food_beverage,(none),happy_hour_section_days,1,55,1.8,PARTIAL
food_beverage,(none),drink_items,1,55,1.8,PARTIAL
food_beverage,(none),drink_sections,1,55,1.8,PARTIAL
food_beverage,(none),menu_period_days,1,55,1.8,PARTIAL
food_beverage,(none),menu_periods,1,55,1.8,PARTIAL
food_beverage,(none),ai_event_planner_index_full,1,55,1.8,PARTIAL
retail,clothing_store,ai_data_completeness_audit_full,48,48,100.0,CORE
retail,clothing_store,ai_entity_intent_tags_full,48,48,100.0,CORE
retail,clothing_store,ai_entity_profiles_full,48,48,100.0,CORE
retail,clothing_store,entity,48,48,100.0,CORE
retail,clothing_store,entity_attributes,48,48,100.0,CORE
retail,clothing_store,entity_google_maps_links,48,48,100.0,CORE
retail,clothing_store,entity_google_reviews,48,48,100.0,CORE
retail,clothing_store,entity_modules,48,48,100.0,CORE
retail,clothing_store,entity_nearby_landmark_types,48,48,100.0,CORE
retail,clothing_store,entity_nearby_landmarks,48,48,100.0,CORE
retail,clothing_store,entity_reviews,48,48,100.0,CORE
retail,clothing_store,entity_tags,48,48,100.0,CORE
retail,clothing_store,entity_theme,48,48,100.0,CORE
retail,clothing_store,industry_retail,48,48,100.0,CORE
retail,clothing_store,search_index,48,48,100.0,CORE
retail,clothing_store,v_industry_facts_slugs,48,48,100.0,CORE
retail,clothing_store,entity_completeness_v,47,48,97.9,CORE
retail,clothing_store,entity_hours,47,48,97.9,CORE
retail,clothing_store,ai_photo_index_full,46,48,95.8,CORE
retail,clothing_store,entity_photos,46,48,95.8,CORE
retail,clothing_store,entity_address_areas,35,48,72.9,CORE
retail,clothing_store,legacy_photo_migration_queue,32,48,66.7,CORE
retail,clothing_store,entity_sources,17,48,35.4,COMMON
retail,clothing_store,entity_seo,10,48,20.8,COMMON
retail,clothing_store,recovery_import_log,2,48,4.2,PARTIAL
retail,clothing_store,entity_sections,2,48,4.2,PARTIAL
retail,clothing_store,entity_seo_keywords,2,48,4.2,PARTIAL
retail,clothing_store,ai_event_planner_index_full,1,48,2.1,PARTIAL
retail,clothing_store,ai_unified_search_items_full,1,48,2.1,PARTIAL
retail,clothing_store,entity_events,1,48,2.1,PARTIAL
retail,clothing_store,entity_good_for,1,48,2.1,PARTIAL
retail,clothing_store,entity_highlights,1,48,2.1,PARTIAL
event_venue,event_venue,entity,42,42,100.0,CORE
event_venue,event_venue,entity_completeness_v,42,42,100.0,CORE
event_venue,event_venue,entity_theme,42,42,100.0,CORE
event_venue,event_venue,industry_event_venue,42,42,100.0,CORE
event_venue,event_venue,search_index,42,42,100.0,CORE
event_venue,event_venue,v_industry_facts_slugs,42,42,100.0,CORE
event_venue,event_venue,recovery_import_log,24,42,57.1,COMMON
event_venue,event_venue,ai_data_completeness_audit_full,18,42,42.9,COMMON
event_venue,event_venue,ai_entity_intent_tags_full,18,42,42.9,COMMON
event_venue,event_venue,ai_entity_profiles_full,18,42,42.9,COMMON
event_venue,event_venue,entity_google_maps_links,18,42,42.9,COMMON
event_venue,event_venue,entity_modules,18,42,42.9,COMMON
event_venue,event_venue,entity_tags,18,42,42.9,COMMON
event_venue,event_venue,ai_photo_index_full,17,42,40.5,COMMON
event_venue,event_venue,entity_google_reviews,17,42,40.5,COMMON
event_venue,event_venue,entity_nearby_landmark_types,17,42,40.5,COMMON
event_venue,event_venue,entity_nearby_landmarks,17,42,40.5,COMMON
event_venue,event_venue,entity_photos,17,42,40.5,COMMON
event_venue,event_venue,entity_reviews,17,42,40.5,COMMON
event_venue,event_venue,entity_attributes,16,42,38.1,COMMON
event_venue,event_venue,entity_address_areas,12,42,28.6,COMMON
event_venue,event_venue,entity_hours,10,42,23.8,COMMON
event_venue,event_venue,legacy_photo_migration_queue,8,42,19.0,COMMON
event_venue,event_venue,entity_seo,5,42,11.9,PARTIAL
event_venue,event_venue,tourist_seen,4,42,9.5,PARTIAL
event_venue,event_venue,tourist_swipe_events,4,42,9.5,PARTIAL
event_venue,event_venue,entity_sources,4,42,9.5,PARTIAL
event_venue,event_venue,catalog_items,1,42,2.4,PARTIAL
event_venue,event_venue,catalog_section_days,1,42,2.4,PARTIAL
event_venue,event_venue,catalog_sections,1,42,2.4,PARTIAL
event_venue,event_venue,entity_items_norm_v,1,42,2.4,PARTIAL
event_venue,event_venue,entity_items_v,1,42,2.4,PARTIAL
event_venue,event_venue,entity_offer,1,42,2.4,PARTIAL
event_venue,event_venue,entity_offer_section,1,42,2.4,PARTIAL
event_venue,event_venue,menu_items,1,42,2.4,PARTIAL
event_venue,event_venue,menu_section_days,1,42,2.4,PARTIAL
event_venue,event_venue,menu_section_details,1,42,2.4,PARTIAL
event_venue,event_venue,menu_sections,1,42,2.4,PARTIAL
event_venue,event_venue,entity_events,1,42,2.4,PARTIAL
event_venue,event_venue,entity_secondary_hours,1,42,2.4,PARTIAL
event_venue,event_venue,entity_conflicts,1,42,2.4,PARTIAL
cruise_tour,dolphin_cruise,entity,38,38,100.0,CORE
cruise_tour,dolphin_cruise,entity_completeness_v,38,38,100.0,CORE
cruise_tour,dolphin_cruise,entity_theme,38,38,100.0,CORE
cruise_tour,dolphin_cruise,industry_cruise_tour,38,38,100.0,CORE
cruise_tour,dolphin_cruise,search_index,38,38,100.0,CORE
cruise_tour,dolphin_cruise,v_industry_facts_slugs,38,38,100.0,CORE
cruise_tour,dolphin_cruise,entity_photos,35,38,92.1,CORE
cruise_tour,dolphin_cruise,entity_tags,35,38,92.1,CORE
cruise_tour,dolphin_cruise,entity_sources,29,38,76.3,CORE
cruise_tour,dolphin_cruise,ai_data_completeness_audit_full,27,38,71.1,CORE
cruise_tour,dolphin_cruise,ai_entity_intent_tags_full,27,38,71.1,CORE
cruise_tour,dolphin_cruise,ai_entity_profiles_full,27,38,71.1,CORE
cruise_tour,dolphin_cruise,ai_photo_index_full,27,38,71.1,CORE
cruise_tour,dolphin_cruise,entity_modules,27,38,71.1,CORE
cruise_tour,dolphin_cruise,entity_items_norm_v,23,38,60.5,CORE
cruise_tour,dolphin_cruise,entity_items_v,23,38,60.5,CORE
cruise_tour,dolphin_cruise,entity_offer,23,38,60.5,CORE
cruise_tour,dolphin_cruise,activity_options,19,38,50.0,COMMON
cruise_tour,dolphin_cruise,offerings,19,38,50.0,COMMON
cruise_tour,dolphin_cruise,entity_reviews,18,38,47.4,COMMON
cruise_tour,dolphin_cruise,entity_highlights,18,38,47.4,COMMON
cruise_tour,dolphin_cruise,entity_hours,15,38,39.5,COMMON
cruise_tour,dolphin_cruise,requirements,15,38,39.5,COMMON
cruise_tour,dolphin_cruise,entity_attributes,14,38,36.8,COMMON
cruise_tour,dolphin_cruise,entity_google_maps_links,14,38,36.8,COMMON
cruise_tour,dolphin_cruise,entity_google_reviews,14,38,36.8,COMMON
cruise_tour,dolphin_cruise,entity_nearby_landmark_types,14,38,36.8,COMMON
cruise_tour,dolphin_cruise,entity_nearby_landmarks,14,38,36.8,COMMON
cruise_tour,dolphin_cruise,legacy_photo_migration_queue,14,38,36.8,COMMON
cruise_tour,dolphin_cruise,offering_prices,14,38,36.8,COMMON
cruise_tour,dolphin_cruise,pricing_items,14,38,36.8,COMMON
cruise_tour,dolphin_cruise,meeting_points,13,38,34.2,COMMON
cruise_tour,dolphin_cruise,faqs,11,38,28.9,COMMON
cruise_tour,dolphin_cruise,entity_address_areas,10,38,26.3,COMMON
cruise_tour,dolphin_cruise,entity_offer_section,9,38,23.7,COMMON
cruise_tour,dolphin_cruise,entity_sections,8,38,21.1,COMMON
cruise_tour,dolphin_cruise,entity_seo_keywords,7,38,18.4,COMMON
cruise_tour,dolphin_cruise,whats_included,6,38,15.8,COMMON
cruise_tour,dolphin_cruise,entity_section_items,5,38,13.2,PARTIAL
cruise_tour,dolphin_cruise,tourist_seen,4,38,10.5,PARTIAL
cruise_tour,dolphin_cruise,tourist_swipe_events,4,38,10.5,PARTIAL
cruise_tour,dolphin_cruise,bookable_resources,4,38,10.5,PARTIAL
cruise_tour,dolphin_cruise,entity_known_for,4,38,10.5,PARTIAL
cruise_tour,dolphin_cruise,vessels,4,38,10.5,PARTIAL
cruise_tour,dolphin_cruise,whats_excluded,4,38,10.5,PARTIAL
cruise_tour,dolphin_cruise,entity_faqs,3,38,7.9,PARTIAL
cruise_tour,dolphin_cruise,entity_policies,2,38,5.3,PARTIAL
cruise_tour,dolphin_cruise,ai_unified_search_items_full,2,38,5.3,PARTIAL
cruise_tour,dolphin_cruise,tourist_saves,1,38,2.6,PARTIAL
cruise_tour,dolphin_cruise,fleet_items,1,38,2.6,PARTIAL
cruise_tour,dolphin_cruise,tourist_click_events,1,38,2.6,PARTIAL
cruise_tour,dolphin_cruise,vessel_features,1,38,2.6,PARTIAL
cruise_tour,dolphin_cruise,entity_amenities,1,38,2.6,PARTIAL
cruise_tour,dolphin_cruise,catalog_items,1,38,2.6,PARTIAL
cruise_tour,dolphin_cruise,catalog_section_days,1,38,2.6,PARTIAL
cruise_tour,dolphin_cruise,catalog_sections,1,38,2.6,PARTIAL
cruise_tour,dolphin_cruise,drink_items,1,38,2.6,PARTIAL
cruise_tour,dolphin_cruise,drink_sections,1,38,2.6,PARTIAL
cruise_tour,dolphin_cruise,entity_good_for,1,38,2.6,PARTIAL
cruise_tour,dolphin_cruise,entity_seo,1,38,2.6,PARTIAL
cruise_tour,dolphin_cruise,menu_items,1,38,2.6,PARTIAL
cruise_tour,dolphin_cruise,menu_section_days,1,38,2.6,PARTIAL
cruise_tour,dolphin_cruise,menu_section_details,1,38,2.6,PARTIAL
cruise_tour,dolphin_cruise,menu_sections,1,38,2.6,PARTIAL
cruise_tour,dolphin_cruise,entity_specials,1,38,2.6,PARTIAL
cruise_tour,dolphin_cruise,entity_conflicts,1,38,2.6,PARTIAL
cruise_tour,dolphin_cruise,recovery_import_log,1,38,2.6,PARTIAL
bar_nightlife,bar,entity,37,37,100.0,CORE
bar_nightlife,bar,industry_bar_nightlife,37,37,100.0,CORE
bar_nightlife,bar,v_industry_facts_slugs,37,37,100.0,CORE
bar_nightlife,bar,entity_completeness_v,36,37,97.3,CORE
bar_nightlife,bar,entity_theme,36,37,97.3,CORE
bar_nightlife,bar,search_index,36,37,97.3,CORE
bar_nightlife,bar,ai_data_completeness_audit_full,27,37,73.0,CORE
bar_nightlife,bar,ai_entity_intent_tags_full,27,37,73.0,CORE
bar_nightlife,bar,ai_entity_profiles_full,27,37,73.0,CORE
bar_nightlife,bar,ai_photo_index_full,27,37,73.0,CORE
bar_nightlife,bar,entity_photos,27,37,73.0,CORE
bar_nightlife,bar,entity_tags,27,37,73.0,CORE
bar_nightlife,bar,entity_hours,24,37,64.9,CORE
bar_nightlife,bar,entity_modules,24,37,64.9,CORE
bar_nightlife,bar,entity_attributes,21,37,56.8,COMMON
bar_nightlife,bar,entity_google_maps_links,20,37,54.1,COMMON
bar_nightlife,bar,entity_google_reviews,20,37,54.1,COMMON
bar_nightlife,bar,entity_nearby_landmark_types,20,37,54.1,COMMON
bar_nightlife,bar,entity_nearby_landmarks,20,37,54.1,COMMON
bar_nightlife,bar,entity_reviews,20,37,54.1,COMMON
bar_nightlife,bar,industry_food_beverage,16,37,43.2,COMMON
bar_nightlife,bar,ai_unified_search_items_full,15,37,40.5,COMMON
bar_nightlife,bar,entity_address_areas,14,37,37.8,COMMON
bar_nightlife,bar,catalog_sections,13,37,35.1,COMMON
bar_nightlife,bar,recovery_import_log,13,37,35.1,COMMON
bar_nightlife,bar,catalog_section_days,12,37,32.4,COMMON
bar_nightlife,bar,entity_events,12,37,32.4,COMMON
bar_nightlife,bar,catalog_items,11,37,29.7,COMMON
bar_nightlife,bar,entity_items_norm_v,11,37,29.7,COMMON
bar_nightlife,bar,entity_items_v,11,37,29.7,COMMON
bar_nightlife,bar,entity_offer,10,37,27.0,COMMON
bar_nightlife,bar,entity_offer_section,10,37,27.0,COMMON
bar_nightlife,bar,ai_event_planner_index_full,9,37,24.3,COMMON
bar_nightlife,bar,menu_items,9,37,24.3,COMMON
bar_nightlife,bar,menu_section_days,9,37,24.3,COMMON
bar_nightlife,bar,menu_section_details,9,37,24.3,COMMON
bar_nightlife,bar,menu_sections,9,37,24.3,COMMON
bar_nightlife,bar,legacy_photo_migration_queue,8,37,21.6,COMMON
bar_nightlife,bar,entity_sources,7,37,18.9,COMMON
bar_nightlife,bar,entity_good_for,7,37,18.9,COMMON
bar_nightlife,bar,entity_highlights,7,37,18.9,COMMON
bar_nightlife,bar,tourist_seen,5,37,13.5,PARTIAL
bar_nightlife,bar,tourist_swipe_events,5,37,13.5,PARTIAL
bar_nightlife,bar,happy_hour_sections,4,37,10.8,PARTIAL
bar_nightlife,bar,entity_secondary_hours,3,37,8.1,PARTIAL
bar_nightlife,bar,entity_conflicts,2,37,5.4,PARTIAL
bar_nightlife,bar,entity_policies,2,37,5.4,PARTIAL
bar_nightlife,bar,tourist_saves,2,37,5.4,PARTIAL
bar_nightlife,bar,drink_items,2,37,5.4,PARTIAL
bar_nightlife,bar,drink_sections,2,37,5.4,PARTIAL
bar_nightlife,bar,menu_item_details,1,37,2.7,PARTIAL
bar_nightlife,bar,entity_sections,1,37,2.7,PARTIAL
bar_nightlife,bar,entity_seo_keywords,1,37,2.7,PARTIAL
bar_nightlife,bar,happy_hour_items,1,37,2.7,PARTIAL
personal_care,hair_salon,ai_data_completeness_audit_full,36,36,100.0,CORE
personal_care,hair_salon,ai_entity_intent_tags_full,36,36,100.0,CORE
personal_care,hair_salon,ai_entity_profiles_full,36,36,100.0,CORE
personal_care,hair_salon,entity,36,36,100.0,CORE
personal_care,hair_salon,entity_completeness_v,36,36,100.0,CORE
personal_care,hair_salon,entity_theme,36,36,100.0,CORE
personal_care,hair_salon,industry_personal_care,36,36,100.0,CORE
personal_care,hair_salon,search_index,36,36,100.0,CORE
personal_care,hair_salon,v_industry_facts_slugs,36,36,100.0,CORE
personal_care,hair_salon,bookable_resources,35,36,97.2,CORE
personal_care,hair_salon,bookable_resources_json_backup,35,36,97.2,CORE
personal_care,hair_salon,entity_items_norm_v,35,36,97.2,CORE
personal_care,hair_salon,entity_items_v,35,36,97.2,CORE
personal_care,hair_salon,entity_offer,35,36,97.2,CORE
personal_care,hair_salon,entity_tags,34,36,94.4,CORE
personal_care,hair_salon,ai_photo_index_full,33,36,91.7,CORE
personal_care,hair_salon,entity_google_maps_links,33,36,91.7,CORE
personal_care,hair_salon,entity_modules,33,36,91.7,CORE
personal_care,hair_salon,entity_nearby_landmark_types,33,36,91.7,CORE
personal_care,hair_salon,entity_nearby_landmarks,33,36,91.7,CORE
personal_care,hair_salon,entity_photos,33,36,91.7,CORE
personal_care,hair_salon,entity_attributes,32,36,88.9,CORE
personal_care,hair_salon,entity_google_reviews,32,36,88.9,CORE
personal_care,hair_salon,entity_reviews,32,36,88.9,CORE
personal_care,hair_salon,entity_hours,30,36,83.3,CORE
personal_care,hair_salon,personal_care_services,23,36,63.9,CORE
personal_care,hair_salon,service_menu,23,36,63.9,CORE
personal_care,hair_salon,entity_address_areas,14,36,38.9,COMMON
personal_care,hair_salon,entity_good_for,3,36,8.3,PARTIAL
personal_care,hair_salon,entity_highlights,3,36,8.3,PARTIAL
personal_care,hair_salon,entity_secondary_hours,1,36,2.8,PARTIAL
personal_care,hair_salon,legacy_photo_migration_queue,1,36,2.8,PARTIAL
personal_care,hair_salon,ai_unified_search_items_full,1,36,2.8,PARTIAL
marina,marina,ai_data_completeness_audit_full,33,33,100.0,CORE
marina,marina,ai_entity_intent_tags_full,33,33,100.0,CORE
marina,marina,ai_entity_profiles_full,33,33,100.0,CORE
marina,marina,entity,33,33,100.0,CORE
marina,marina,entity_completeness_v,33,33,100.0,CORE
marina,marina,entity_modules,33,33,100.0,CORE
marina,marina,entity_tags,33,33,100.0,CORE
marina,marina,entity_theme,33,33,100.0,CORE
marina,marina,industry_marina,33,33,100.0,CORE
marina,marina,search_index,33,33,100.0,CORE
marina,marina,v_industry_facts_slugs,33,33,100.0,CORE
marina,marina,ai_photo_index_full,32,33,97.0,CORE
marina,marina,entity_attributes,32,33,97.0,CORE
marina,marina,entity_google_maps_links,32,33,97.0,CORE
marina,marina,entity_nearby_landmarks,32,33,97.0,CORE
marina,marina,entity_photos,32,33,97.0,CORE
marina,marina,entity_google_reviews,31,33,93.9,CORE
marina,marina,entity_nearby_landmark_types,31,33,93.9,CORE
marina,marina,entity_reviews,31,33,93.9,CORE
marina,marina,entity_hours,27,33,81.8,CORE
marina,marina,legacy_photo_migration_queue,18,33,54.5,COMMON
marina,marina,entity_address_areas,18,33,54.5,COMMON
marina,marina,entity_sources,14,33,42.4,COMMON
marina,marina,marina_details,7,33,21.2,COMMON
marina,marina,marina_store_items,7,33,21.2,COMMON
marina,marina,entity_items_norm_v,6,33,18.2,COMMON
marina,marina,entity_items_v,6,33,18.2,COMMON
marina,marina,entity_offer,6,33,18.2,COMMON
marina,marina,entity_sections,6,33,18.2,COMMON
marina,marina,entity_seo_keywords,5,33,15.2,COMMON
marina,marina,marina_bait_items,5,33,15.2,COMMON
marina,marina,offerings,4,33,12.1,PARTIAL
marina,marina,what_to_bring,4,33,12.1,PARTIAL
marina,marina,bookable_resources,4,33,12.1,PARTIAL
marina,marina,tourist_seen,4,33,12.1,PARTIAL
marina,marina,tourist_swipe_events,4,33,12.1,PARTIAL
marina,marina,charter_target_species,3,33,9.1,PARTIAL
marina,marina,fish_species,3,33,9.1,PARTIAL
marina,marina,fish_species_best_bait,3,33,9.1,PARTIAL
marina,marina,fish_species_fishing_method,3,33,9.1,PARTIAL
marina,marina,fish_species_peak_months,3,33,9.1,PARTIAL
marina,marina,offering_prices,3,33,9.1,PARTIAL
marina,marina,entity_highlights,3,33,9.1,PARTIAL
marina,marina,entity_section_items,3,33,9.1,PARTIAL
marina,marina,bookable_resources_json_backup,3,33,9.1,PARTIAL
marina,marina,charter_trip_fish_species,2,33,6.1,PARTIAL
marina,marina,charter_trip_included,2,33,6.1,PARTIAL
marina,marina,charter_trip_what_to_bring,2,33,6.1,PARTIAL
marina,marina,charter_trips,2,33,6.1,PARTIAL
marina,marina,entity_offer_section,2,33,6.1,PARTIAL
marina,marina,pricing_items,2,33,6.1,PARTIAL
marina,marina,whats_included,2,33,6.1,PARTIAL
marina,marina,entity_policies,2,33,6.1,PARTIAL
marina,marina,entity_amenities,2,33,6.1,PARTIAL
marina,marina,entity_conflicts,2,33,6.1,PARTIAL
marina,marina,entity_events,2,33,6.1,PARTIAL
marina,marina,entity_seo,2,33,6.1,PARTIAL
marina,marina,ai_facts,1,33,3.0,PARTIAL
marina,marina,charter_fishing_type,1,33,3.0,PARTIAL
marina,marina,offerings_details_backup,1,33,3.0,PARTIAL
marina,marina,entity_faqs,1,33,3.0,PARTIAL
marina,marina,entity_team_members,1,33,3.0,PARTIAL
marina,marina,faqs,1,33,3.0,PARTIAL
marina,marina,marina_slips,1,33,3.0,PARTIAL
marina,marina,requirements,1,33,3.0,PARTIAL
marina,marina,vessels,1,33,3.0,PARTIAL
marina,marina,watersport_equipment,1,33,3.0,PARTIAL
marina,marina,entity_known_for,1,33,3.0,PARTIAL
marina,marina,marina_contacts,1,33,3.0,PARTIAL
marina,marina,marina_products,1,33,3.0,PARTIAL
marina,marina,marina_profiles,1,33,3.0,PARTIAL
marina,marina,marina_seasonal_hours,1,33,3.0,PARTIAL
marina,marina,marina_vessels,1,33,3.0,PARTIAL
marina,marina,entity_good_for,1,33,3.0,PARTIAL
marina,marina,marina_bridge_clearances,1,33,3.0,PARTIAL
marina,marina,entity_secondary_hours,1,33,3.0,PARTIAL
marina,marina,marina_fuel_types,1,33,3.0,PARTIAL
personal_care,spa,entity,33,33,100.0,CORE
personal_care,spa,entity_completeness_v,33,33,100.0,CORE
personal_care,spa,industry_personal_care,33,33,100.0,CORE
personal_care,spa,v_industry_facts_slugs,33,33,100.0,CORE
personal_care,spa,entity_theme,31,33,93.9,CORE
personal_care,spa,search_index,31,33,93.9,CORE
personal_care,spa,ai_data_completeness_audit_full,30,33,90.9,CORE
personal_care,spa,ai_entity_intent_tags_full,30,33,90.9,CORE
personal_care,spa,ai_entity_profiles_full,30,33,90.9,CORE
personal_care,spa,entity_tags,30,33,90.9,CORE
personal_care,spa,bookable_resources,29,33,87.9,CORE
personal_care,spa,bookable_resources_json_backup,29,33,87.9,CORE
personal_care,spa,entity_items_norm_v,29,33,87.9,CORE
personal_care,spa,entity_items_v,29,33,87.9,CORE
personal_care,spa,entity_offer,29,33,87.9,CORE
personal_care,spa,entity_modules,27,33,81.8,CORE
personal_care,spa,entity_hours,26,33,78.8,CORE
personal_care,spa,ai_photo_index_full,25,33,75.8,CORE
personal_care,spa,entity_photos,25,33,75.8,CORE
personal_care,spa,entity_google_maps_links,23,33,69.7,CORE
personal_care,spa,entity_nearby_landmark_types,23,33,69.7,CORE
personal_care,spa,entity_nearby_landmarks,23,33,69.7,CORE
personal_care,spa,entity_attributes,21,33,63.6,CORE
personal_care,spa,entity_google_reviews,20,33,60.6,CORE
personal_care,spa,entity_reviews,20,33,60.6,CORE
personal_care,spa,personal_care_services,17,33,51.5,COMMON
personal_care,spa,service_menu,17,33,51.5,COMMON
personal_care,spa,entity_address_areas,15,33,45.5,COMMON
personal_care,spa,legacy_photo_migration_queue,8,33,24.2,COMMON
personal_care,spa,entity_conflicts,6,33,18.2,COMMON
personal_care,spa,entity_good_for,4,33,12.1,PARTIAL
personal_care,spa,entity_highlights,4,33,12.1,PARTIAL
personal_care,spa,entity_seo,2,33,6.1,PARTIAL
personal_care,spa,entity_sources,2,33,6.1,PARTIAL
personal_care,spa,ai_unified_search_items_full,1,33,3.0,PARTIAL
personal_care,spa,catalog_items,1,33,3.0,PARTIAL
personal_care,spa,catalog_section_days,1,33,3.0,PARTIAL
personal_care,spa,catalog_sections,1,33,3.0,PARTIAL
personal_care,spa,entity_offer_section,1,33,3.0,PARTIAL
personal_care,spa,menu_items,1,33,3.0,PARTIAL
personal_care,spa,menu_section_days,1,33,3.0,PARTIAL
personal_care,spa,menu_section_details,1,33,3.0,PARTIAL
personal_care,spa,menu_sections,1,33,3.0,PARTIAL
personal_care,spa,offerings,1,33,3.0,PARTIAL
personal_care,spa,recovery_import_log,1,33,3.0,PARTIAL
vacation_rental,rv_park,ai_data_completeness_audit_full,33,33,100.0,CORE
vacation_rental,rv_park,ai_entity_intent_tags_full,33,33,100.0,CORE
vacation_rental,rv_park,ai_entity_profiles_full,33,33,100.0,CORE
vacation_rental,rv_park,ai_photo_index_full,33,33,100.0,CORE
vacation_rental,rv_park,bookable_resources,33,33,100.0,CORE
vacation_rental,rv_park,bookable_resources_json_backup,33,33,100.0,CORE
vacation_rental,rv_park,entity,33,33,100.0,CORE
vacation_rental,rv_park,entity_completeness_v,33,33,100.0,CORE
vacation_rental,rv_park,entity_items_norm_v,33,33,100.0,CORE
vacation_rental,rv_park,entity_items_v,33,33,100.0,CORE
vacation_rental,rv_park,entity_modules,33,33,100.0,CORE
vacation_rental,rv_park,entity_offer,33,33,100.0,CORE
vacation_rental,rv_park,entity_photos,33,33,100.0,CORE
vacation_rental,rv_park,entity_section_items,33,33,100.0,CORE
vacation_rental,rv_park,entity_section_items_metadata_backup,33,33,100.0,CORE
vacation_rental,rv_park,entity_sections,33,33,100.0,CORE
vacation_rental,rv_park,entity_tags,33,33,100.0,CORE
vacation_rental,rv_park,entity_theme,33,33,100.0,CORE
vacation_rental,rv_park,industry_vacation_rental,33,33,100.0,CORE
vacation_rental,rv_park,search_index,33,33,100.0,CORE
vacation_rental,rv_park,v_industry_facts_slugs,33,33,100.0,CORE
vacation_rental,rv_park,entity_google_maps_links,32,33,97.0,CORE
vacation_rental,rv_park,entity_google_reviews,32,33,97.0,CORE
vacation_rental,rv_park,entity_reviews,32,33,97.0,CORE
vacation_rental,rv_park,rental_units,32,33,97.0,CORE
vacation_rental,rv_park,entity_attributes,31,33,93.9,CORE
vacation_rental,rv_park,entity_nearby_landmarks,29,33,87.9,CORE
vacation_rental,rv_park,entity_hours,26,33,78.8,CORE
vacation_rental,rv_park,entity_nearby_landmark_types,20,33,60.6,CORE
vacation_rental,rv_park,legacy_photo_migration_queue,19,33,57.6,COMMON
vacation_rental,rv_park,entity_address_areas,16,33,48.5,COMMON
vacation_rental,rv_park,entity_good_for,3,33,9.1,PARTIAL
vacation_rental,rv_park,entity_highlights,3,33,9.1,PARTIAL
vacation_rental,rv_park,entity_conflicts,3,33,9.1,PARTIAL
vacation_rental,rv_park,tourist_seen,2,33,6.1,PARTIAL
vacation_rental,rv_park,tourist_swipe_events,2,33,6.1,PARTIAL
vacation_rental,rv_park,ai_event_planner_index_full,1,33,3.0,PARTIAL
vacation_rental,rv_park,ai_unified_search_items_full,1,33,3.0,PARTIAL
vacation_rental,rv_park,entity_events,1,33,3.0,PARTIAL
vacation_rental,rv_park,entity_seo,1,33,3.0,PARTIAL
vacation_rental,rv_park,entity_sources,1,33,3.0,PARTIAL
vacation_rental,rv_park,entity_secondary_hours,1,33,3.0,PARTIAL
retail,shopping_mall,ai_data_completeness_audit_full,33,33,100.0,CORE
retail,shopping_mall,ai_entity_intent_tags_full,33,33,100.0,CORE
retail,shopping_mall,ai_entity_profiles_full,33,33,100.0,CORE
retail,shopping_mall,entity,33,33,100.0,CORE
retail,shopping_mall,entity_attributes,33,33,100.0,CORE
retail,shopping_mall,entity_completeness_v,33,33,100.0,CORE
retail,shopping_mall,entity_google_maps_links,33,33,100.0,CORE
retail,shopping_mall,entity_modules,33,33,100.0,CORE
retail,shopping_mall,entity_nearby_landmark_types,33,33,100.0,CORE
retail,shopping_mall,entity_nearby_landmarks,33,33,100.0,CORE
retail,shopping_mall,entity_tags,33,33,100.0,CORE
retail,shopping_mall,entity_theme,33,33,100.0,CORE
retail,shopping_mall,industry_retail,33,33,100.0,CORE
retail,shopping_mall,search_index,33,33,100.0,CORE
retail,shopping_mall,v_industry_facts_slugs,33,33,100.0,CORE
retail,shopping_mall,entity_google_reviews,32,33,97.0,CORE
retail,shopping_mall,entity_reviews,32,33,97.0,CORE
retail,shopping_mall,ai_photo_index_full,31,33,93.9,CORE
retail,shopping_mall,entity_address_areas,29,33,87.9,CORE
retail,shopping_mall,entity_photos,29,33,87.9,CORE
retail,shopping_mall,entity_hours,28,33,84.8,CORE
retail,shopping_mall,legacy_photo_migration_queue,7,33,21.2,COMMON
retail,shopping_mall,entity_good_for,1,33,3.0,PARTIAL
retail,shopping_mall,entity_highlights,1,33,3.0,PARTIAL
retail,shopping_mall,entity_sections,1,33,3.0,PARTIAL
retail,shopping_mall,entity_conflicts,1,33,3.0,PARTIAL
retail,shopping_mall,entity_secondary_hours,1,33,3.0,PARTIAL
retail,shopping_mall,ai_event_planner_index_full,1,33,3.0,PARTIAL
retail,shopping_mall,ai_unified_search_items_full,1,33,3.0,PARTIAL
retail,shopping_mall,entity_events,1,33,3.0,PARTIAL
retail,liquor_store,entity,32,32,100.0,CORE
retail,liquor_store,entity_completeness_v,32,32,100.0,CORE
retail,liquor_store,industry_retail,32,32,100.0,CORE
retail,liquor_store,search_index,32,32,100.0,CORE
retail,liquor_store,v_industry_facts_slugs,32,32,100.0,CORE
retail,liquor_store,entity_modules,31,32,96.9,CORE
retail,liquor_store,entity_theme,31,32,96.9,CORE
retail,liquor_store,ai_data_completeness_audit_full,27,32,84.4,CORE
retail,liquor_store,ai_entity_intent_tags_full,27,32,84.4,CORE
retail,liquor_store,ai_entity_profiles_full,27,32,84.4,CORE
retail,liquor_store,entity_tags,26,32,81.3,CORE
retail,liquor_store,entity_attributes,25,32,78.1,CORE
retail,liquor_store,entity_google_maps_links,25,32,78.1,CORE
retail,liquor_store,entity_google_reviews,25,32,78.1,CORE
retail,liquor_store,entity_hours,25,32,78.1,CORE
retail,liquor_store,entity_nearby_landmark_types,25,32,78.1,CORE
retail,liquor_store,entity_nearby_landmarks,25,32,78.1,CORE
retail,liquor_store,entity_photos,25,32,78.1,CORE
retail,liquor_store,entity_reviews,25,32,78.1,CORE
retail,liquor_store,ai_photo_index_full,24,32,75.0,CORE
retail,liquor_store,entity_address_areas,19,32,59.4,COMMON
retail,liquor_store,entity_sections,11,32,34.4,COMMON
retail,liquor_store,entity_seo_keywords,11,32,34.4,COMMON
retail,liquor_store,legacy_photo_migration_queue,9,32,28.1,COMMON
retail,liquor_store,entity_sources,5,32,15.6,COMMON
retail,liquor_store,catalog_items,2,32,6.3,PARTIAL
retail,liquor_store,catalog_section_days,2,32,6.3,PARTIAL
retail,liquor_store,catalog_sections,2,32,6.3,PARTIAL
retail,liquor_store,entity_items_norm_v,2,32,6.3,PARTIAL
retail,liquor_store,entity_items_v,2,32,6.3,PARTIAL
retail,liquor_store,entity_offer,2,32,6.3,PARTIAL
retail,liquor_store,entity_offer_section,2,32,6.3,PARTIAL
retail,liquor_store,inventory_items,2,32,6.3,PARTIAL
retail,liquor_store,menu_items,2,32,6.3,PARTIAL
retail,liquor_store,menu_section_days,2,32,6.3,PARTIAL
retail,liquor_store,menu_section_details,2,32,6.3,PARTIAL
retail,liquor_store,menu_sections,2,32,6.3,PARTIAL
retail,liquor_store,products,2,32,6.3,PARTIAL
retail,liquor_store,recovery_import_log,2,32,6.3,PARTIAL
retail,liquor_store,drink_items,1,32,3.1,PARTIAL
retail,liquor_store,drink_sections,1,32,3.1,PARTIAL
retail,liquor_store,ai_unified_search_items_full,1,32,3.1,PARTIAL
retail,liquor_store,entity_conflicts,1,32,3.1,PARTIAL
retail,liquor_store,entity_seo,1,32,3.1,PARTIAL
retail,liquor_store,entity_known_for,1,32,3.1,PARTIAL
property_management,real_estate_agency,entity,30,30,100.0,CORE
property_management,real_estate_agency,entity_completeness_v,30,30,100.0,CORE
property_management,real_estate_agency,entity_theme,30,30,100.0,CORE
property_management,real_estate_agency,industry_property_management,30,30,100.0,CORE
property_management,real_estate_agency,search_index,30,30,100.0,CORE
property_management,real_estate_agency,v_industry_facts_slugs,30,30,100.0,CORE
property_management,real_estate_agency,ai_data_completeness_audit_full,29,30,96.7,CORE
property_management,real_estate_agency,ai_entity_intent_tags_full,29,30,96.7,CORE
property_management,real_estate_agency,ai_entity_profiles_full,29,30,96.7,CORE
property_management,real_estate_agency,bookable_resources,29,30,96.7,CORE
property_management,real_estate_agency,bookable_resources_json_backup,29,30,96.7,CORE
property_management,real_estate_agency,entity_items_norm_v,29,30,96.7,CORE
property_management,real_estate_agency,entity_items_v,29,30,96.7,CORE
property_management,real_estate_agency,entity_modules,29,30,96.7,CORE
property_management,real_estate_agency,entity_offer,29,30,96.7,CORE
property_management,real_estate_agency,entity_photos,29,30,96.7,CORE
property_management,real_estate_agency,entity_tags,29,30,96.7,CORE
property_management,real_estate_agency,ai_photo_index_full,28,30,93.3,CORE
property_management,real_estate_agency,entity_google_maps_links,26,30,86.7,CORE
property_management,real_estate_agency,entity_google_reviews,26,30,86.7,CORE
property_management,real_estate_agency,entity_reviews,26,30,86.7,CORE
property_management,real_estate_agency,entity_attributes,25,30,83.3,CORE
property_management,real_estate_agency,entity_hours,24,30,80.0,CORE
property_management,real_estate_agency,entity_nearby_landmark_types,24,30,80.0,CORE
property_management,real_estate_agency,entity_nearby_landmarks,24,30,80.0,CORE
property_management,real_estate_agency,entity_address_areas,15,30,50.0,COMMON
property_management,real_estate_agency,legacy_photo_migration_queue,11,30,36.7,COMMON
property_management,real_estate_agency,entity_sources,4,30,13.3,PARTIAL
property_management,real_estate_agency,entity_good_for,3,30,10.0,PARTIAL
property_management,real_estate_agency,entity_highlights,3,30,10.0,PARTIAL
property_management,real_estate_agency,entity_amenities,2,30,6.7,PARTIAL
property_management,real_estate_agency,recovery_import_log,2,30,6.7,PARTIAL
trade_home_service,storage,ai_data_completeness_audit_full,30,30,100.0,CORE
trade_home_service,storage,ai_entity_intent_tags_full,30,30,100.0,CORE
trade_home_service,storage,ai_entity_profiles_full,30,30,100.0,CORE
trade_home_service,storage,bookable_resources,30,30,100.0,CORE
trade_home_service,storage,bookable_resources_json_backup,30,30,100.0,CORE
trade_home_service,storage,entity,30,30,100.0,CORE
trade_home_service,storage,entity_completeness_v,30,30,100.0,CORE
trade_home_service,storage,entity_google_maps_links,30,30,100.0,CORE
trade_home_service,storage,entity_items_norm_v,30,30,100.0,CORE
trade_home_service,storage,entity_items_v,30,30,100.0,CORE
trade_home_service,storage,entity_modules,30,30,100.0,CORE
trade_home_service,storage,entity_offer,30,30,100.0,CORE
trade_home_service,storage,entity_tags,30,30,100.0,CORE
trade_home_service,storage,entity_theme,30,30,100.0,CORE
trade_home_service,storage,industry_trade_home_service,30,30,100.0,CORE
trade_home_service,storage,search_index,30,30,100.0,CORE
trade_home_service,storage,v_industry_facts_slugs,30,30,100.0,CORE
trade_home_service,storage,entity_google_reviews,29,30,96.7,CORE
trade_home_service,storage,entity_reviews,29,30,96.7,CORE
trade_home_service,storage,ai_photo_index_full,27,30,90.0,CORE
trade_home_service,storage,entity_attributes,27,30,90.0,CORE
trade_home_service,storage,entity_hours,27,30,90.0,CORE
trade_home_service,storage,entity_photos,27,30,90.0,CORE
trade_home_service,storage,entity_nearby_landmark_types,24,30,80.0,CORE
trade_home_service,storage,entity_nearby_landmarks,24,30,80.0,CORE
trade_home_service,storage,service_menu,17,30,56.7,COMMON
trade_home_service,storage,trade_home_services,17,30,56.7,COMMON
trade_home_service,storage,entity_address_areas,10,30,33.3,COMMON
trade_home_service,storage,entity_secondary_hours,7,30,23.3,COMMON
trade_home_service,storage,entity_seo,6,30,20.0,COMMON
trade_home_service,storage,entity_sources,5,30,16.7,COMMON
trade_home_service,storage,entity_conflicts,1,30,3.3,PARTIAL
trade_home_service,storage,legacy_photo_migration_queue,1,30,3.3,PARTIAL
cafe_dessert,coffee_shop,entity,28,28,100.0,CORE
cafe_dessert,coffee_shop,entity_completeness_v,28,28,100.0,CORE
cafe_dessert,coffee_shop,entity_theme,28,28,100.0,CORE
cafe_dessert,coffee_shop,industry_cafe_dessert,28,28,100.0,CORE
cafe_dessert,coffee_shop,search_index,28,28,100.0,CORE
cafe_dessert,coffee_shop,v_industry_facts_slugs,28,28,100.0,CORE
cafe_dessert,coffee_shop,ai_data_completeness_audit_full,27,28,96.4,CORE
cafe_dessert,coffee_shop,ai_entity_intent_tags_full,27,28,96.4,CORE
cafe_dessert,coffee_shop,ai_entity_profiles_full,27,28,96.4,CORE
cafe_dessert,coffee_shop,entity_modules,27,28,96.4,CORE
cafe_dessert,coffee_shop,entity_photos,27,28,96.4,CORE
cafe_dessert,coffee_shop,entity_tags,27,28,96.4,CORE
cafe_dessert,coffee_shop,ai_photo_index_full,26,28,92.9,CORE
cafe_dessert,coffee_shop,entity_attributes,26,28,92.9,CORE
cafe_dessert,coffee_shop,entity_google_maps_links,26,28,92.9,CORE
cafe_dessert,coffee_shop,entity_hours,26,28,92.9,CORE
cafe_dessert,coffee_shop,entity_nearby_landmark_types,26,28,92.9,CORE
cafe_dessert,coffee_shop,entity_nearby_landmarks,26,28,92.9,CORE
cafe_dessert,coffee_shop,entity_google_reviews,25,28,89.3,CORE
cafe_dessert,coffee_shop,entity_reviews,25,28,89.3,CORE
cafe_dessert,coffee_shop,industry_food_beverage,22,28,78.6,CORE
cafe_dessert,coffee_shop,legacy_photo_migration_queue,17,28,60.7,CORE
cafe_dessert,coffee_shop,entity_address_areas,16,28,57.1,COMMON
cafe_dessert,coffee_shop,entity_sources,9,28,32.1,COMMON
cafe_dessert,coffee_shop,entity_offer_section,7,28,25.0,COMMON
cafe_dessert,coffee_shop,catalog_sections,6,28,21.4,COMMON
cafe_dessert,coffee_shop,entity_items_norm_v,6,28,21.4,COMMON
cafe_dessert,coffee_shop,entity_items_v,6,28,21.4,COMMON
cafe_dessert,coffee_shop,entity_offer,6,28,21.4,COMMON
cafe_dessert,coffee_shop,menu_items,6,28,21.4,COMMON
cafe_dessert,coffee_shop,menu_sections,6,28,21.4,COMMON
cafe_dessert,coffee_shop,tourist_seen,6,28,21.4,COMMON
cafe_dessert,coffee_shop,tourist_swipe_events,6,28,21.4,COMMON
cafe_dessert,coffee_shop,catalog_items,5,28,17.9,COMMON
cafe_dessert,coffee_shop,catalog_section_days,5,28,17.9,COMMON
cafe_dessert,coffee_shop,menu_section_days,5,28,17.9,COMMON
cafe_dessert,coffee_shop,menu_section_details,5,28,17.9,COMMON
cafe_dessert,coffee_shop,entity_secondary_hours,4,28,14.3,PARTIAL
cafe_dessert,coffee_shop,entity_seo,4,28,14.3,PARTIAL
cafe_dessert,coffee_shop,ai_unified_search_items_full,3,28,10.7,PARTIAL
cafe_dessert,coffee_shop,happy_hour_sections,3,28,10.7,PARTIAL
cafe_dessert,coffee_shop,entity_good_for,2,28,7.1,PARTIAL
cafe_dessert,coffee_shop,entity_highlights,2,28,7.1,PARTIAL
cafe_dessert,coffee_shop,recovery_import_log,2,28,7.1,PARTIAL
cafe_dessert,coffee_shop,tourist_saves,2,28,7.1,PARTIAL
cafe_dessert,coffee_shop,dressings,1,28,3.6,PARTIAL
cafe_dessert,coffee_shop,drink_item_option_groups,1,28,3.6,PARTIAL
cafe_dessert,coffee_shop,drink_items,1,28,3.6,PARTIAL
cafe_dessert,coffee_shop,drink_sections,1,28,3.6,PARTIAL
cafe_dessert,coffee_shop,menu_item_option_groups,1,28,3.6,PARTIAL
cafe_dessert,coffee_shop,menu_periods,1,28,3.6,PARTIAL
cafe_dessert,coffee_shop,entity_conflicts,1,28,3.6,PARTIAL
cafe_dessert,coffee_shop,ai_event_planner_index_full,1,28,3.6,PARTIAL
cafe_dessert,coffee_shop,entity_events,1,28,3.6,PARTIAL
cafe_dessert,coffee_shop,happy_hour_items,1,28,3.6,PARTIAL
cafe_dessert,coffee_shop,entity_gallery,1,28,3.6,PARTIAL
cafe_dessert,coffee_shop,entity_sections,1,28,3.6,PARTIAL
cafe_dessert,ice_cream_shop,entity,28,28,100.0,CORE
cafe_dessert,ice_cream_shop,entity_completeness_v,28,28,100.0,CORE
cafe_dessert,ice_cream_shop,industry_cafe_dessert,28,28,100.0,CORE
cafe_dessert,ice_cream_shop,search_index,28,28,100.0,CORE
cafe_dessert,ice_cream_shop,v_industry_facts_slugs,28,28,100.0,CORE
cafe_dessert,ice_cream_shop,entity_photos,27,28,96.4,CORE
cafe_dessert,ice_cream_shop,entity_theme,25,28,89.3,CORE
cafe_dessert,ice_cream_shop,ai_data_completeness_audit_full,23,28,82.1,CORE
cafe_dessert,ice_cream_shop,ai_entity_intent_tags_full,23,28,82.1,CORE
cafe_dessert,ice_cream_shop,ai_entity_profiles_full,23,28,82.1,CORE
cafe_dessert,ice_cream_shop,ai_photo_index_full,23,28,82.1,CORE
cafe_dessert,ice_cream_shop,entity_google_maps_links,23,28,82.1,CORE
cafe_dessert,ice_cream_shop,entity_google_reviews,23,28,82.1,CORE
cafe_dessert,ice_cream_shop,entity_modules,23,28,82.1,CORE
cafe_dessert,ice_cream_shop,entity_nearby_landmark_types,23,28,82.1,CORE
cafe_dessert,ice_cream_shop,entity_nearby_landmarks,23,28,82.1,CORE
cafe_dessert,ice_cream_shop,entity_reviews,23,28,82.1,CORE
cafe_dessert,ice_cream_shop,entity_tags,23,28,82.1,CORE
cafe_dessert,ice_cream_shop,entity_attributes,22,28,78.6,CORE
cafe_dessert,ice_cream_shop,entity_hours,22,28,78.6,CORE
cafe_dessert,ice_cream_shop,industry_food_beverage,21,28,75.0,CORE
cafe_dessert,ice_cream_shop,legacy_photo_migration_queue,20,28,71.4,CORE
cafe_dessert,ice_cream_shop,entity_address_areas,16,28,57.1,COMMON
cafe_dessert,ice_cream_shop,recovery_import_log,4,28,14.3,PARTIAL
cafe_dessert,ice_cream_shop,entity_offer,3,28,10.7,PARTIAL
cafe_dessert,ice_cream_shop,entity_offer_section,3,28,10.7,PARTIAL
cafe_dessert,ice_cream_shop,entity_sources,3,28,10.7,PARTIAL
cafe_dessert,ice_cream_shop,tourist_seen,3,28,10.7,PARTIAL
cafe_dessert,ice_cream_shop,tourist_swipe_events,3,28,10.7,PARTIAL
cafe_dessert,ice_cream_shop,entity_conflicts,3,28,10.7,PARTIAL
cafe_dessert,ice_cream_shop,catalog_items,2,28,7.1,PARTIAL
cafe_dessert,ice_cream_shop,catalog_section_days,2,28,7.1,PARTIAL
cafe_dessert,ice_cream_shop,catalog_sections,2,28,7.1,PARTIAL
cafe_dessert,ice_cream_shop,entity_items_norm_v,2,28,7.1,PARTIAL
cafe_dessert,ice_cream_shop,entity_items_v,2,28,7.1,PARTIAL
cafe_dessert,ice_cream_shop,menu_items,2,28,7.1,PARTIAL
cafe_dessert,ice_cream_shop,menu_section_days,2,28,7.1,PARTIAL
cafe_dessert,ice_cream_shop,menu_section_details,2,28,7.1,PARTIAL
cafe_dessert,ice_cream_shop,menu_sections,2,28,7.1,PARTIAL
cafe_dessert,ice_cream_shop,tourist_saves,2,28,7.1,PARTIAL
vacation_rental,owner_managed_beach_house,entity,28,28,100.0,CORE
vacation_rental,owner_managed_beach_house,entity_completeness_v,28,28,100.0,CORE
vacation_rental,owner_managed_beach_house,entity_modules,28,28,100.0,CORE
vacation_rental,owner_managed_beach_house,industry_vacation_rental,28,28,100.0,CORE
vacation_rental,owner_managed_beach_house,search_index,28,28,100.0,CORE
vacation_rental,owner_managed_beach_house,v_industry_facts_slugs,28,28,100.0,CORE
vacation_rental,owner_managed_beach_house,entity_theme,27,28,96.4,CORE
vacation_rental,owner_managed_beach_house,entity_specials,1,28,3.6,PARTIAL
vacation_rental,owner_managed_beach_house,entity_conflicts,1,28,3.6,PARTIAL
personal_care,nail_salon,ai_data_completeness_audit_full,27,27,100.0,CORE
personal_care,nail_salon,ai_entity_intent_tags_full,27,27,100.0,CORE
personal_care,nail_salon,ai_entity_profiles_full,27,27,100.0,CORE
personal_care,nail_salon,entity,27,27,100.0,CORE
personal_care,nail_salon,entity_completeness_v,27,27,100.0,CORE
personal_care,nail_salon,entity_tags,27,27,100.0,CORE
personal_care,nail_salon,entity_theme,27,27,100.0,CORE
personal_care,nail_salon,industry_personal_care,27,27,100.0,CORE
personal_care,nail_salon,search_index,27,27,100.0,CORE
personal_care,nail_salon,v_industry_facts_slugs,27,27,100.0,CORE
personal_care,nail_salon,bookable_resources,26,27,96.3,CORE
personal_care,nail_salon,bookable_resources_json_backup,26,27,96.3,CORE
personal_care,nail_salon,entity_google_maps_links,26,27,96.3,CORE
personal_care,nail_salon,entity_google_reviews,26,27,96.3,CORE
personal_care,nail_salon,entity_items_norm_v,26,27,96.3,CORE
personal_care,nail_salon,entity_items_v,26,27,96.3,CORE
personal_care,nail_salon,entity_modules,26,27,96.3,CORE
personal_care,nail_salon,entity_nearby_landmark_types,26,27,96.3,CORE
personal_care,nail_salon,entity_nearby_landmarks,26,27,96.3,CORE
personal_care,nail_salon,entity_offer,26,27,96.3,CORE
personal_care,nail_salon,entity_reviews,26,27,96.3,CORE
personal_care,nail_salon,ai_photo_index_full,25,27,92.6,CORE
personal_care,nail_salon,entity_attributes,25,27,92.6,CORE
personal_care,nail_salon,entity_hours,25,27,92.6,CORE
personal_care,nail_salon,entity_photos,25,27,92.6,CORE
personal_care,nail_salon,personal_care_services,16,27,59.3,COMMON
personal_care,nail_salon,service_menu,16,27,59.3,COMMON
personal_care,nail_salon,entity_address_areas,15,27,55.6,COMMON
personal_care,nail_salon,tourist_seen,1,27,3.7,PARTIAL
personal_care,nail_salon,tourist_swipe_events,1,27,3.7,PARTIAL
personal_care,nail_salon,legacy_photo_migration_queue,1,27,3.7,PARTIAL
rental,rentals,entity,27,27,100.0,CORE
rental,rentals,industry_rental,27,27,100.0,CORE
rental,rentals,search_index,27,27,100.0,CORE
rental,rentals,v_industry_facts_slugs,27,27,100.0,CORE
rental,rentals,entity_theme,24,27,88.9,CORE
rental,rentals,entity_completeness_v,23,27,85.2,CORE
rental,rentals,ai_data_completeness_audit_full,21,27,77.8,CORE
rental,rentals,ai_entity_intent_tags_full,21,27,77.8,CORE
rental,rentals,ai_entity_profiles_full,21,27,77.8,CORE
rental,rentals,entity_photos,21,27,77.8,CORE
rental,rentals,entity_tags,21,27,77.8,CORE
rental,rentals,ai_photo_index_full,19,27,70.4,CORE
rental,rentals,entity_items_norm_v,17,27,63.0,CORE
rental,rentals,entity_items_v,17,27,63.0,CORE
rental,rentals,entity_modules,17,27,63.0,CORE
rental,rentals,entity_offer,17,27,63.0,CORE
rental,rentals,bookable_resources,16,27,59.3,COMMON
rental,rentals,bookable_resources_json_backup,16,27,59.3,COMMON
rental,rentals,entity_hours,16,27,59.3,COMMON
rental,rentals,entity_good_for,11,27,40.7,COMMON
rental,rentals,entity_highlights,11,27,40.7,COMMON
rental,rentals,tourist_seen,3,27,11.1,PARTIAL
rental,rentals,tourist_swipe_events,3,27,11.1,PARTIAL
rental,rentals,recovery_import_log,3,27,11.1,PARTIAL
rental,rentals,entity_conflicts,3,27,11.1,PARTIAL
rental,rentals,entity_offer_section,1,27,3.7,PARTIAL
rental,rentals,entity_sources,1,27,3.7,PARTIAL
rental,rentals,meeting_points,1,27,3.7,PARTIAL
rental,rentals,offerings,1,27,3.7,PARTIAL
rental,rentals,requirements,1,27,3.7,PARTIAL
rental,boat_rental,entity,26,26,100.0,CORE
rental,boat_rental,entity_completeness_v,26,26,100.0,CORE
rental,boat_rental,industry_rental,26,26,100.0,CORE
rental,boat_rental,search_index,26,26,100.0,CORE
rental,boat_rental,v_industry_facts_slugs,26,26,100.0,CORE
rental,boat_rental,ai_data_completeness_audit_full,25,26,96.2,CORE
rental,boat_rental,ai_entity_intent_tags_full,25,26,96.2,CORE
rental,boat_rental,ai_entity_profiles_full,25,26,96.2,CORE
rental,boat_rental,ai_photo_index_full,25,26,96.2,CORE
rental,boat_rental,entity_items_norm_v,25,26,96.2,CORE
rental,boat_rental,entity_items_v,25,26,96.2,CORE
rental,boat_rental,entity_modules,25,26,96.2,CORE
rental,boat_rental,entity_offer,25,26,96.2,CORE
rental,boat_rental,entity_photos,25,26,96.2,CORE
rental,boat_rental,entity_tags,25,26,96.2,CORE
rental,boat_rental,entity_theme,25,26,96.2,CORE
rental,boat_rental,entity_sources,22,26,84.6,CORE
rental,boat_rental,offerings,17,26,65.4,CORE
rental,boat_rental,offering_prices,16,26,61.5,CORE
rental,boat_rental,entity_highlights,15,26,57.7,COMMON
rental,boat_rental,entity_offer_section,14,26,53.8,COMMON
rental,boat_rental,meeting_points,14,26,53.8,COMMON
rental,boat_rental,pricing_items,14,26,53.8,COMMON
rental,boat_rental,requirements,14,26,53.8,COMMON
rental,boat_rental,faqs,12,26,46.2,COMMON
rental,boat_rental,bookable_resources,11,26,42.3,COMMON
rental,boat_rental,bookable_resources_json_backup,11,26,42.3,COMMON
rental,boat_rental,entity_google_maps_links,11,26,42.3,COMMON
rental,boat_rental,entity_google_reviews,11,26,42.3,COMMON
rental,boat_rental,entity_nearby_landmark_types,11,26,42.3,COMMON
rental,boat_rental,entity_nearby_landmarks,11,26,42.3,COMMON
rental,boat_rental,entity_reviews,11,26,42.3,COMMON
rental,boat_rental,entity_attributes,10,26,38.5,COMMON
rental,boat_rental,entity_hours,10,26,38.5,COMMON
rental,boat_rental,legacy_photo_migration_queue,10,26,38.5,COMMON
rental,boat_rental,entity_address_areas,4,26,15.4,COMMON
rental,boat_rental,entity_sections,3,26,11.5,PARTIAL
rental,boat_rental,tourist_seen,3,26,11.5,PARTIAL
rental,boat_rental,tourist_swipe_events,3,26,11.5,PARTIAL
rental,boat_rental,entity_seo,3,26,11.5,PARTIAL
rental,boat_rental,entity_secondary_hours,2,26,7.7,PARTIAL
rental,boat_rental,entity_conflicts,2,26,7.7,PARTIAL
rental,boat_rental,entity_policies,1,26,3.8,PARTIAL
rental,boat_rental,offerings_details_backup,1,26,3.8,PARTIAL
rental,boat_rental,recovery_import_log,1,26,3.8,PARTIAL
rental,boat_rental,entity_seo_keywords,1,26,3.8,PARTIAL
rental,boat_rental,tourist_saves,1,26,3.8,PARTIAL
rental,boat_rental,entity_section_items,1,26,3.8,PARTIAL
rental,boat_rental,entity_section_items_metadata_backup,1,26,3.8,PARTIAL
fitness_sports,gym,entity,26,26,100.0,CORE
fitness_sports,gym,entity_completeness_v,26,26,100.0,CORE
fitness_sports,gym,entity_theme,26,26,100.0,CORE
fitness_sports,gym,industry_fitness_sports,26,26,100.0,CORE
fitness_sports,gym,search_index,26,26,100.0,CORE
fitness_sports,gym,v_industry_facts_slugs,26,26,100.0,CORE
fitness_sports,gym,ai_data_completeness_audit_full,25,26,96.2,CORE
fitness_sports,gym,ai_entity_intent_tags_full,25,26,96.2,CORE
fitness_sports,gym,ai_entity_profiles_full,25,26,96.2,CORE
fitness_sports,gym,entity_tags,25,26,96.2,CORE
fitness_sports,gym,entity_google_maps_links,24,26,92.3,CORE
fitness_sports,gym,entity_modules,24,26,92.3,CORE
fitness_sports,gym,entity_attributes,23,26,88.5,CORE
fitness_sports,gym,entity_nearby_landmark_types,23,26,88.5,CORE
fitness_sports,gym,entity_nearby_landmarks,23,26,88.5,CORE
fitness_sports,gym,entity_google_reviews,21,26,80.8,CORE
fitness_sports,gym,entity_reviews,21,26,80.8,CORE
fitness_sports,gym,ai_photo_index_full,20,26,76.9,CORE
fitness_sports,gym,entity_photos,20,26,76.9,CORE
fitness_sports,gym,entity_hours,15,26,57.7,COMMON
fitness_sports,gym,entity_address_areas,12,26,46.2,COMMON
fitness_sports,gym,entity_sources,6,26,23.1,COMMON
fitness_sports,gym,entity_seo,4,26,15.4,COMMON
fitness_sports,gym,entity_secondary_hours,1,26,3.8,PARTIAL
fitness_sports,gym,tourist_seen,1,26,3.8,PARTIAL
fitness_sports,gym,tourist_swipe_events,1,26,3.8,PARTIAL
fitness_sports,gym,recovery_import_log,1,26,3.8,PARTIAL
retail,jewelry_store,ai_data_completeness_audit_full,26,26,100.0,CORE
retail,jewelry_store,ai_entity_intent_tags_full,26,26,100.0,CORE
retail,jewelry_store,ai_entity_profiles_full,26,26,100.0,CORE
retail,jewelry_store,entity,26,26,100.0,CORE
retail,jewelry_store,entity_completeness_v,26,26,100.0,CORE
retail,jewelry_store,entity_modules,26,26,100.0,CORE
retail,jewelry_store,entity_photos,26,26,100.0,CORE
retail,jewelry_store,entity_tags,26,26,100.0,CORE
retail,jewelry_store,entity_theme,26,26,100.0,CORE
retail,jewelry_store,industry_retail,26,26,100.0,CORE
retail,jewelry_store,search_index,26,26,100.0,CORE
retail,jewelry_store,v_industry_facts_slugs,26,26,100.0,CORE
retail,jewelry_store,ai_photo_index_full,25,26,96.2,CORE
retail,jewelry_store,entity_attributes,25,26,96.2,CORE
retail,jewelry_store,entity_google_maps_links,25,26,96.2,CORE
retail,jewelry_store,entity_hours,25,26,96.2,CORE
retail,jewelry_store,entity_nearby_landmark_types,25,26,96.2,CORE
retail,jewelry_store,entity_nearby_landmarks,25,26,96.2,CORE
retail,jewelry_store,entity_google_reviews,24,26,92.3,CORE
retail,jewelry_store,entity_reviews,24,26,92.3,CORE
retail,jewelry_store,entity_address_areas,21,26,80.8,CORE
retail,jewelry_store,entity_sources,4,26,15.4,COMMON
retail,jewelry_store,legacy_photo_migration_queue,3,26,11.5,PARTIAL
parking,parking_lot,ai_data_completeness_audit_full,26,26,100.0,CORE
parking,parking_lot,ai_entity_intent_tags_full,26,26,100.0,CORE
parking,parking_lot,ai_entity_profiles_full,26,26,100.0,CORE
parking,parking_lot,entity,26,26,100.0,CORE
parking,parking_lot,entity_completeness_v,26,26,100.0,CORE
parking,parking_lot,entity_tags,26,26,100.0,CORE
parking,parking_lot,entity_theme,26,26,100.0,CORE
parking,parking_lot,industry_parking,26,26,100.0,CORE
parking,parking_lot,search_index,26,26,100.0,CORE
parking,parking_lot,v_industry_facts_slugs,26,26,100.0,CORE
parking,parking_lot,bookable_resources,25,26,96.2,CORE
parking,parking_lot,bookable_resources_json_backup,25,26,96.2,CORE
parking,parking_lot,entity_items_norm_v,25,26,96.2,CORE
parking,parking_lot,entity_items_v,25,26,96.2,CORE
parking,parking_lot,entity_offer,25,26,96.2,CORE
parking,parking_lot,entity_attributes,23,26,88.5,CORE
parking,parking_lot,entity_google_maps_links,23,26,88.5,CORE
parking,parking_lot,entity_nearby_landmark_types,23,26,88.5,CORE
parking,parking_lot,entity_nearby_landmarks,23,26,88.5,CORE
parking,parking_lot,entity_photos,18,26,69.2,CORE
parking,parking_lot,entity_google_reviews,17,26,65.4,CORE
parking,parking_lot,entity_reviews,17,26,65.4,CORE
parking,parking_lot,ai_photo_index_full,16,26,61.5,CORE
parking,parking_lot,entity_address_areas,15,26,57.7,COMMON
parking,parking_lot,entity_modules,9,26,34.6,COMMON
parking,parking_lot,entity_hours,4,26,15.4,COMMON
parking,parking_lot,recovery_import_log,3,26,11.5,PARTIAL
parking,parking_lot,legacy_photo_migration_queue,1,26,3.8,PARTIAL
parking,parking_lot,entity_events,1,26,3.8,PARTIAL
parking,parking_lot,entity_conflicts,1,26,3.8,PARTIAL
hotel,resort_hotel,entity,24,24,100.0,CORE
hotel,resort_hotel,entity_completeness_v,24,24,100.0,CORE
hotel,resort_hotel,entity_modules,24,24,100.0,CORE
hotel,resort_hotel,entity_theme,24,24,100.0,CORE
hotel,resort_hotel,industry_hotel,24,24,100.0,CORE
hotel,resort_hotel,search_index,24,24,100.0,CORE
hotel,resort_hotel,v_industry_facts_slugs,24,24,100.0,CORE
hotel,resort_hotel,ai_data_completeness_audit_full,23,24,95.8,CORE
hotel,resort_hotel,ai_entity_intent_tags_full,23,24,95.8,CORE
hotel,resort_hotel,ai_entity_profiles_full,23,24,95.8,CORE
hotel,resort_hotel,entity_google_maps_links,23,24,95.8,CORE
hotel,resort_hotel,entity_nearby_landmark_types,23,24,95.8,CORE
hotel,resort_hotel,entity_nearby_landmarks,23,24,95.8,CORE
hotel,resort_hotel,entity_tags,23,24,95.8,CORE
hotel,resort_hotel,entity_attributes,22,24,91.7,CORE
hotel,resort_hotel,entity_address_areas,20,24,83.3,CORE
hotel,resort_hotel,ai_photo_index_full,19,24,79.2,CORE
hotel,resort_hotel,entity_photos,19,24,79.2,CORE
hotel,resort_hotel,entity_google_reviews,18,24,75.0,CORE
hotel,resort_hotel,entity_reviews,18,24,75.0,CORE
hotel,resort_hotel,legacy_photo_migration_queue,11,24,45.8,COMMON
hotel,resort_hotel,entity_hours,8,24,33.3,COMMON
hotel,resort_hotel,entity_sources,7,24,29.2,COMMON
hotel,resort_hotel,entity_seo,3,24,12.5,PARTIAL
hotel,resort_hotel,ai_event_planner_index_full,1,24,4.2,PARTIAL
hotel,resort_hotel,ai_unified_search_items_full,1,24,4.2,PARTIAL
hotel,resort_hotel,entity_events,1,24,4.2,PARTIAL
hotel,resort_hotel,entity_good_for,1,24,4.2,PARTIAL
hotel,resort_hotel,entity_highlights,1,24,4.2,PARTIAL
hotel,resort_hotel,tourist_seen,1,24,4.2,PARTIAL
hotel,resort_hotel,tourist_swipe_events,1,24,4.2,PARTIAL
condo,condo,entity,24,24,100.0,CORE
condo,condo,entity_completeness_v,24,24,100.0,CORE
condo,condo,industry_condo,24,24,100.0,CORE
condo,condo,search_index,24,24,100.0,CORE
condo,condo,v_industry_facts_slugs,24,24,100.0,CORE
condo,condo,entity_conflicts,22,24,91.7,CORE
condo,condo,entity_theme,2,24,8.3,PARTIAL
condo,condo,recovery_import_log,2,24,8.3,PARTIAL
condo,condo,entity_photos,1,24,4.2,PARTIAL
food_beverage,chinese_restaurant,entity,23,23,100.0,CORE
food_beverage,chinese_restaurant,entity_completeness_v,23,23,100.0,CORE
food_beverage,chinese_restaurant,entity_photos,23,23,100.0,CORE
food_beverage,chinese_restaurant,entity_theme,23,23,100.0,CORE
food_beverage,chinese_restaurant,industry_food_beverage,23,23,100.0,CORE
food_beverage,chinese_restaurant,search_index,23,23,100.0,CORE
food_beverage,chinese_restaurant,v_industry_facts_slugs,23,23,100.0,CORE
food_beverage,chinese_restaurant,ai_data_completeness_audit_full,22,23,95.7,CORE
food_beverage,chinese_restaurant,ai_entity_intent_tags_full,22,23,95.7,CORE
food_beverage,chinese_restaurant,ai_entity_profiles_full,22,23,95.7,CORE
food_beverage,chinese_restaurant,ai_photo_index_full,22,23,95.7,CORE
food_beverage,chinese_restaurant,entity_attributes,22,23,95.7,CORE
food_beverage,chinese_restaurant,entity_google_maps_links,22,23,95.7,CORE
food_beverage,chinese_restaurant,entity_google_reviews,22,23,95.7,CORE
food_beverage,chinese_restaurant,entity_hours,22,23,95.7,CORE
food_beverage,chinese_restaurant,entity_modules,22,23,95.7,CORE
food_beverage,chinese_restaurant,entity_nearby_landmark_types,22,23,95.7,CORE
food_beverage,chinese_restaurant,entity_nearby_landmarks,22,23,95.7,CORE
food_beverage,chinese_restaurant,entity_reviews,22,23,95.7,CORE
food_beverage,chinese_restaurant,entity_tags,22,23,95.7,CORE
food_beverage,chinese_restaurant,entity_address_areas,21,23,91.3,CORE
food_beverage,chinese_restaurant,tourist_seen,3,23,13.0,PARTIAL
food_beverage,chinese_restaurant,tourist_swipe_events,3,23,13.0,PARTIAL
food_beverage,chinese_restaurant,entity_secondary_hours,2,23,8.7,PARTIAL
food_beverage,chinese_restaurant,legacy_photo_migration_queue,2,23,8.7,PARTIAL
food_beverage,chinese_restaurant,ai_unified_search_items_full,1,23,4.3,PARTIAL
food_beverage,chinese_restaurant,catalog_items,1,23,4.3,PARTIAL
food_beverage,chinese_restaurant,catalog_section_days,1,23,4.3,PARTIAL
food_beverage,chinese_restaurant,catalog_sections,1,23,4.3,PARTIAL
food_beverage,chinese_restaurant,entity_items_norm_v,1,23,4.3,PARTIAL
food_beverage,chinese_restaurant,entity_items_v,1,23,4.3,PARTIAL
food_beverage,chinese_restaurant,entity_offer,1,23,4.3,PARTIAL
food_beverage,chinese_restaurant,entity_offer_section,1,23,4.3,PARTIAL
food_beverage,chinese_restaurant,entity_sources,1,23,4.3,PARTIAL
food_beverage,chinese_restaurant,menu_items,1,23,4.3,PARTIAL
food_beverage,chinese_restaurant,menu_section_days,1,23,4.3,PARTIAL
food_beverage,chinese_restaurant,menu_section_details,1,23,4.3,PARTIAL
food_beverage,chinese_restaurant,menu_sections,1,23,4.3,PARTIAL
food_beverage,chinese_restaurant,tourist_saves,1,23,4.3,PARTIAL
food_beverage,chinese_restaurant,recovery_import_log,1,23,4.3,PARTIAL
personal_care,beauty_salon,ai_data_completeness_audit_full,23,23,100.0,CORE
personal_care,beauty_salon,ai_entity_intent_tags_full,23,23,100.0,CORE
personal_care,beauty_salon,ai_entity_profiles_full,23,23,100.0,CORE
personal_care,beauty_salon,entity,23,23,100.0,CORE
personal_care,beauty_salon,entity_completeness_v,23,23,100.0,CORE
personal_care,beauty_salon,entity_tags,23,23,100.0,CORE
personal_care,beauty_salon,entity_theme,23,23,100.0,CORE
personal_care,beauty_salon,industry_personal_care,23,23,100.0,CORE
personal_care,beauty_salon,search_index,23,23,100.0,CORE
personal_care,beauty_salon,v_industry_facts_slugs,23,23,100.0,CORE
personal_care,beauty_salon,bookable_resources,22,23,95.7,CORE
personal_care,beauty_salon,bookable_resources_json_backup,22,23,95.7,CORE
personal_care,beauty_salon,entity_items_norm_v,22,23,95.7,CORE
personal_care,beauty_salon,entity_items_v,22,23,95.7,CORE
personal_care,beauty_salon,entity_modules,22,23,95.7,CORE
personal_care,beauty_salon,entity_offer,22,23,95.7,CORE
personal_care,beauty_salon,entity_attributes,20,23,87.0,CORE
personal_care,beauty_salon,entity_google_maps_links,20,23,87.0,CORE
personal_care,beauty_salon,ai_photo_index_full,19,23,82.6,CORE
personal_care,beauty_salon,entity_google_reviews,19,23,82.6,CORE
personal_care,beauty_salon,entity_hours,19,23,82.6,CORE
personal_care,beauty_salon,entity_nearby_landmark_types,19,23,82.6,CORE
personal_care,beauty_salon,entity_nearby_landmarks,19,23,82.6,CORE
personal_care,beauty_salon,entity_photos,19,23,82.6,CORE
personal_care,beauty_salon,entity_reviews,19,23,82.6,CORE
personal_care,beauty_salon,personal_care_services,17,23,73.9,CORE
personal_care,beauty_salon,service_menu,17,23,73.9,CORE
personal_care,beauty_salon,entity_address_areas,9,23,39.1,COMMON
personal_care,beauty_salon,legacy_photo_migration_queue,6,23,26.1,COMMON
personal_care,beauty_salon,catalog_items,1,23,4.3,PARTIAL
personal_care,beauty_salon,catalog_section_days,1,23,4.3,PARTIAL
personal_care,beauty_salon,catalog_sections,1,23,4.3,PARTIAL
personal_care,beauty_salon,entity_offer_section,1,23,4.3,PARTIAL
personal_care,beauty_salon,menu_items,1,23,4.3,PARTIAL
personal_care,beauty_salon,menu_section_days,1,23,4.3,PARTIAL
personal_care,beauty_salon,menu_section_details,1,23,4.3,PARTIAL
personal_care,beauty_salon,menu_sections,1,23,4.3,PARTIAL
personal_care,beauty_salon,offerings,1,23,4.3,PARTIAL
personal_care,beauty_salon,entity_good_for,1,23,4.3,PARTIAL
personal_care,beauty_salon,entity_highlights,1,23,4.3,PARTIAL
personal_care,beauty_salon,entity_seo,1,23,4.3,PARTIAL
personal_care,beauty_salon,entity_sources,1,23,4.3,PARTIAL
personal_care,massage,ai_data_completeness_audit_full,23,23,100.0,CORE
personal_care,massage,ai_entity_intent_tags_full,23,23,100.0,CORE
personal_care,massage,ai_entity_profiles_full,23,23,100.0,CORE
personal_care,massage,bookable_resources,23,23,100.0,CORE
personal_care,massage,bookable_resources_json_backup,23,23,100.0,CORE
personal_care,massage,entity,23,23,100.0,CORE
personal_care,massage,entity_attributes,23,23,100.0,CORE
personal_care,massage,entity_completeness_v,23,23,100.0,CORE
personal_care,massage,entity_google_maps_links,23,23,100.0,CORE
personal_care,massage,entity_items_norm_v,23,23,100.0,CORE
personal_care,massage,entity_items_v,23,23,100.0,CORE
personal_care,massage,entity_modules,23,23,100.0,CORE
personal_care,massage,entity_nearby_landmark_types,23,23,100.0,CORE
personal_care,massage,entity_nearby_landmarks,23,23,100.0,CORE
personal_care,massage,entity_offer,23,23,100.0,CORE
personal_care,massage,entity_tags,23,23,100.0,CORE
personal_care,massage,entity_theme,23,23,100.0,CORE
personal_care,massage,industry_personal_care,23,23,100.0,CORE
personal_care,massage,search_index,23,23,100.0,CORE
personal_care,massage,v_industry_facts_slugs,23,23,100.0,CORE
personal_care,massage,entity_google_reviews,22,23,95.7,CORE
personal_care,massage,entity_hours,22,23,95.7,CORE
personal_care,massage,entity_reviews,22,23,95.7,CORE
personal_care,massage,ai_photo_index_full,20,23,87.0,CORE
personal_care,massage,entity_photos,20,23,87.0,CORE
personal_care,massage,personal_care_services,18,23,78.3,CORE
personal_care,massage,service_menu,18,23,78.3,CORE
personal_care,massage,entity_address_areas,15,23,65.2,CORE
personal_care,massage,legacy_photo_migration_queue,12,23,52.2,COMMON
personal_care,massage,entity_sources,6,23,26.1,COMMON
personal_care,massage,entity_seo,3,23,13.0,PARTIAL
personal_care,massage,entity_good_for,1,23,4.3,PARTIAL
personal_care,massage,entity_highlights,1,23,4.3,PARTIAL
retail,gift_shop,entity,23,23,100.0,CORE
retail,gift_shop,entity_completeness_v,23,23,100.0,CORE
retail,gift_shop,industry_retail,23,23,100.0,CORE
retail,gift_shop,v_industry_facts_slugs,23,23,100.0,CORE
retail,gift_shop,entity_theme,22,23,95.7,CORE
retail,gift_shop,search_index,22,23,95.7,CORE
retail,gift_shop,ai_data_completeness_audit_full,21,23,91.3,CORE
retail,gift_shop,ai_entity_intent_tags_full,21,23,91.3,CORE
retail,gift_shop,ai_entity_profiles_full,21,23,91.3,CORE
retail,gift_shop,entity_attributes,21,23,91.3,CORE
retail,gift_shop,entity_google_maps_links,21,23,91.3,CORE
retail,gift_shop,entity_modules,21,23,91.3,CORE
retail,gift_shop,entity_nearby_landmark_types,21,23,91.3,CORE
retail,gift_shop,entity_nearby_landmarks,21,23,91.3,CORE
retail,gift_shop,entity_tags,21,23,91.3,CORE
retail,gift_shop,entity_hours,20,23,87.0,CORE
retail,gift_shop,entity_google_reviews,19,23,82.6,CORE
retail,gift_shop,entity_photos,19,23,82.6,CORE
retail,gift_shop,entity_reviews,19,23,82.6,CORE
retail,gift_shop,ai_photo_index_full,18,23,78.3,CORE
retail,gift_shop,entity_address_areas,17,23,73.9,CORE
retail,gift_shop,legacy_photo_migration_queue,16,23,69.6,CORE
retail,gift_shop,entity_sources,3,23,13.0,PARTIAL
retail,gift_shop,entity_seo,1,23,4.3,PARTIAL
retail,gift_shop,entity_known_for,1,23,4.3,PARTIAL
retail,gift_shop,entity_conflicts,1,23,4.3,PARTIAL
attraction,tourist_attraction,entity,21,21,100.0,CORE
attraction,tourist_attraction,entity_photos,21,21,100.0,CORE
attraction,tourist_attraction,entity_theme,21,21,100.0,CORE
attraction,tourist_attraction,industry_attraction,21,21,100.0,CORE
attraction,tourist_attraction,search_index,21,21,100.0,CORE
attraction,tourist_attraction,v_industry_facts_slugs,21,21,100.0,CORE
attraction,tourist_attraction,entity_completeness_v,20,21,95.2,CORE
attraction,tourist_attraction,ai_data_completeness_audit_full,19,21,90.5,CORE
attraction,tourist_attraction,ai_entity_intent_tags_full,19,21,90.5,CORE
attraction,tourist_attraction,ai_entity_profiles_full,19,21,90.5,CORE
attraction,tourist_attraction,ai_photo_index_full,19,21,90.5,CORE
attraction,tourist_attraction,entity_modules,19,21,90.5,CORE
attraction,tourist_attraction,entity_tags,19,21,90.5,CORE
attraction,tourist_attraction,entity_attributes,18,21,85.7,CORE
attraction,tourist_attraction,entity_google_maps_links,18,21,85.7,CORE
attraction,tourist_attraction,entity_google_reviews,17,21,81.0,CORE
attraction,tourist_attraction,entity_reviews,17,21,81.0,CORE
attraction,tourist_attraction,entity_nearby_landmarks,15,21,71.4,CORE
attraction,tourist_attraction,entity_nearby_landmark_types,14,21,66.7,CORE
attraction,tourist_attraction,entity_hours,12,21,57.1,COMMON
attraction,tourist_attraction,entity_address_areas,11,21,52.4,COMMON
attraction,tourist_attraction,entity_sources,5,21,23.8,COMMON
attraction,tourist_attraction,entity_offer,4,21,19.0,COMMON
attraction,tourist_attraction,entity_items_norm_v,3,21,14.3,PARTIAL
attraction,tourist_attraction,entity_items_v,3,21,14.3,PARTIAL
attraction,tourist_attraction,entity_events,3,21,14.3,PARTIAL
attraction,tourist_attraction,ai_unified_search_items_full,2,21,9.5,PARTIAL
attraction,tourist_attraction,entity_sections,2,21,9.5,PARTIAL
attraction,tourist_attraction,entity_seo_keywords,2,21,9.5,PARTIAL
attraction,tourist_attraction,entity_highlights,2,21,9.5,PARTIAL
attraction,tourist_attraction,meeting_points,2,21,9.5,PARTIAL
attraction,tourist_attraction,offerings,2,21,9.5,PARTIAL
attraction,tourist_attraction,requirements,2,21,9.5,PARTIAL
attraction,tourist_attraction,whats_included,2,21,9.5,PARTIAL
attraction,tourist_attraction,catalog_items,1,21,4.8,PARTIAL
attraction,tourist_attraction,catalog_section_days,1,21,4.8,PARTIAL
attraction,tourist_attraction,catalog_sections,1,21,4.8,PARTIAL
attraction,tourist_attraction,entity_offer_section,1,21,4.8,PARTIAL
attraction,tourist_attraction,menu_items,1,21,4.8,PARTIAL
attraction,tourist_attraction,menu_section_days,1,21,4.8,PARTIAL
attraction,tourist_attraction,menu_section_details,1,21,4.8,PARTIAL
attraction,tourist_attraction,menu_sections,1,21,4.8,PARTIAL
attraction,tourist_attraction,entity_policies,1,21,4.8,PARTIAL
attraction,tourist_attraction,legacy_photo_migration_queue,1,21,4.8,PARTIAL
attraction,tourist_attraction,ai_event_planner_index_full,1,21,4.8,PARTIAL
attraction,tourist_attraction,entity_good_for,1,21,4.8,PARTIAL
attraction,tourist_attraction,whats_excluded,1,21,4.8,PARTIAL
attraction,tourist_attraction,recovery_import_log,1,21,4.8,PARTIAL
attraction,tourist_attraction,tourist_seen,1,21,4.8,PARTIAL
attraction,tourist_attraction,tourist_swipe_events,1,21,4.8,PARTIAL
retail,book_store,entity,21,21,100.0,CORE
retail,book_store,entity_completeness_v,21,21,100.0,CORE
retail,book_store,entity_theme,21,21,100.0,CORE
retail,book_store,industry_retail,21,21,100.0,CORE
retail,book_store,search_index,21,21,100.0,CORE
retail,book_store,v_industry_facts_slugs,21,21,100.0,CORE
retail,book_store,ai_data_completeness_audit_full,20,21,95.2,CORE
retail,book_store,ai_entity_intent_tags_full,20,21,95.2,CORE
retail,book_store,ai_entity_profiles_full,20,21,95.2,CORE
retail,book_store,entity_attributes,20,21,95.2,CORE
retail,book_store,entity_tags,20,21,95.2,CORE
retail,book_store,entity_google_maps_links,19,21,90.5,CORE
retail,book_store,entity_modules,19,21,90.5,CORE
retail,book_store,entity_nearby_landmark_types,19,21,90.5,CORE
retail,book_store,entity_nearby_landmarks,19,21,90.5,CORE
retail,book_store,entity_google_reviews,18,21,85.7,CORE
retail,book_store,entity_hours,18,21,85.7,CORE
retail,book_store,entity_reviews,18,21,85.7,CORE
retail,book_store,ai_photo_index_full,17,21,81.0,CORE
retail,book_store,entity_photos,17,21,81.0,CORE
retail,book_store,entity_address_areas,15,21,71.4,CORE
retail,book_store,entity_secondary_hours,2,21,9.5,PARTIAL
retail,book_store,legacy_photo_migration_queue,1,21,4.8,PARTIAL
retail,book_store,entity_sources,1,21,4.8,PARTIAL
retail,book_store,recovery_import_log,1,21,4.8,PARTIAL
attraction,museum,ai_data_completeness_audit_full,21,21,100.0,CORE
attraction,museum,ai_entity_intent_tags_full,21,21,100.0,CORE
attraction,museum,ai_entity_profiles_full,21,21,100.0,CORE
attraction,museum,ai_photo_index_full,21,21,100.0,CORE
attraction,museum,entity,21,21,100.0,CORE
attraction,museum,entity_attributes,21,21,100.0,CORE
attraction,museum,entity_completeness_v,21,21,100.0,CORE
attraction,museum,entity_google_maps_links,21,21,100.0,CORE
attraction,museum,entity_google_reviews,21,21,100.0,CORE
attraction,museum,entity_modules,21,21,100.0,CORE
attraction,museum,entity_nearby_landmarks,21,21,100.0,CORE
attraction,museum,entity_photos,21,21,100.0,CORE
attraction,museum,entity_reviews,21,21,100.0,CORE
attraction,museum,entity_tags,21,21,100.0,CORE
attraction,museum,entity_theme,21,21,100.0,CORE
attraction,museum,industry_attraction,21,21,100.0,CORE
attraction,museum,search_index,21,21,100.0,CORE
attraction,museum,v_industry_facts_slugs,21,21,100.0,CORE
attraction,museum,entity_address_areas,20,21,95.2,CORE
attraction,museum,entity_nearby_landmark_types,20,21,95.2,CORE
attraction,museum,entity_hours,19,21,90.5,CORE
attraction,museum,entity_sources,7,21,33.3,COMMON
attraction,museum,entity_offer,2,21,9.5,PARTIAL
attraction,museum,legacy_photo_migration_queue,2,21,9.5,PARTIAL
attraction,museum,recovery_import_log,1,21,4.8,PARTIAL
attraction,museum,entity_good_for,1,21,4.8,PARTIAL
attraction,museum,entity_highlights,1,21,4.8,PARTIAL
artist,art_gallery,entity,21,21,100.0,CORE
artist,art_gallery,entity_completeness_v,21,21,100.0,CORE
artist,art_gallery,industry_artist,21,21,100.0,CORE
artist,art_gallery,search_index,21,21,100.0,CORE
artist,art_gallery,v_industry_facts_slugs,21,21,100.0,CORE
artist,art_gallery,entity_theme,20,21,95.2,CORE
artist,art_gallery,ai_data_completeness_audit_full,19,21,90.5,CORE
artist,art_gallery,ai_entity_intent_tags_full,19,21,90.5,CORE
artist,art_gallery,ai_entity_profiles_full,19,21,90.5,CORE
artist,art_gallery,entity_modules,19,21,90.5,CORE
artist,art_gallery,entity_tags,19,21,90.5,CORE
artist,art_gallery,ai_photo_index_full,18,21,85.7,CORE
artist,art_gallery,entity_google_maps_links,18,21,85.7,CORE
artist,art_gallery,entity_nearby_landmark_types,18,21,85.7,CORE
artist,art_gallery,entity_nearby_landmarks,18,21,85.7,CORE
artist,art_gallery,entity_photos,18,21,85.7,CORE
artist,art_gallery,entity_attributes,17,21,81.0,CORE
artist,art_gallery,entity_google_reviews,15,21,71.4,CORE
artist,art_gallery,entity_reviews,15,21,71.4,CORE
artist,art_gallery,entity_hours,14,21,66.7,CORE
artist,art_gallery,entity_address_areas,9,21,42.9,COMMON
artist,art_gallery,legacy_photo_migration_queue,7,21,33.3,COMMON
artist,art_gallery,entity_sources,4,21,19.0,COMMON
artist,art_gallery,entity_good_for,2,21,9.5,PARTIAL
artist,art_gallery,entity_highlights,2,21,9.5,PARTIAL
artist,art_gallery,entity_conflicts,2,21,9.5,PARTIAL
artist,art_gallery,recovery_import_log,2,21,9.5,PARTIAL
artist,art_gallery,entity_items_norm_v,1,21,4.8,PARTIAL
artist,art_gallery,entity_items_v,1,21,4.8,PARTIAL
artist,art_gallery,entity_offer,1,21,4.8,PARTIAL
artist,art_gallery,offering_prices,1,21,4.8,PARTIAL
artist,art_gallery,offerings,1,21,4.8,PARTIAL
artist,art_gallery,ai_event_planner_index_full,1,21,4.8,PARTIAL
artist,art_gallery,ai_unified_search_items_full,1,21,4.8,PARTIAL
artist,art_gallery,entity_events,1,21,4.8,PARTIAL
food_beverage,fast-food,entity,21,21,100.0,CORE
food_beverage,fast-food,entity_completeness_v,21,21,100.0,CORE
food_beverage,fast-food,industry_food_beverage,21,21,100.0,CORE
food_beverage,fast-food,search_index,21,21,100.0,CORE
food_beverage,fast-food,v_industry_facts_slugs,21,21,100.0,CORE
food_beverage,fast-food,entity_conflicts,11,21,52.4,COMMON
food_beverage,fast-food,entity_theme,10,21,47.6,COMMON
food_beverage,fast-food,recovery_import_log,10,21,47.6,COMMON
food_beverage,fast-food,entity_offer,1,21,4.8,PARTIAL
food_beverage,fast-food,entity_offer_section,1,21,4.8,PARTIAL
food_beverage,bar_and_grill,entity,20,20,100.0,CORE
food_beverage,bar_and_grill,entity_completeness_v,20,20,100.0,CORE
food_beverage,bar_and_grill,industry_food_beverage,20,20,100.0,CORE
food_beverage,bar_and_grill,v_industry_facts_slugs,20,20,100.0,CORE
food_beverage,bar_and_grill,entity_tags,19,20,95.0,CORE
food_beverage,bar_and_grill,entity_theme,19,20,95.0,CORE
food_beverage,bar_and_grill,search_index,19,20,95.0,CORE
food_beverage,bar_and_grill,ai_data_completeness_audit_full,16,20,80.0,CORE
food_beverage,bar_and_grill,ai_entity_intent_tags_full,16,20,80.0,CORE
food_beverage,bar_and_grill,ai_entity_profiles_full,16,20,80.0,CORE
food_beverage,bar_and_grill,ai_photo_index_full,16,20,80.0,CORE
food_beverage,bar_and_grill,entity_attributes,16,20,80.0,CORE
food_beverage,bar_and_grill,entity_google_maps_links,16,20,80.0,CORE
food_beverage,bar_and_grill,entity_hours,16,20,80.0,CORE
food_beverage,bar_and_grill,entity_modules,16,20,80.0,CORE
food_beverage,bar_and_grill,entity_nearby_landmark_types,16,20,80.0,CORE
food_beverage,bar_and_grill,entity_nearby_landmarks,16,20,80.0,CORE
food_beverage,bar_and_grill,entity_photos,16,20,80.0,CORE
food_beverage,bar_and_grill,entity_google_reviews,15,20,75.0,CORE
food_beverage,bar_and_grill,entity_reviews,15,20,75.0,CORE
food_beverage,bar_and_grill,ai_unified_search_items_full,12,20,60.0,CORE
food_beverage,bar_and_grill,entity_events,9,20,45.0,COMMON
food_beverage,bar_and_grill,ai_event_planner_index_full,8,20,40.0,COMMON
food_beverage,bar_and_grill,catalog_section_days,8,20,40.0,COMMON
food_beverage,bar_and_grill,catalog_sections,8,20,40.0,COMMON
food_beverage,bar_and_grill,legacy_photo_migration_queue,8,20,40.0,COMMON
food_beverage,bar_and_grill,catalog_items,7,20,35.0,COMMON
food_beverage,bar_and_grill,entity_items_norm_v,7,20,35.0,COMMON
food_beverage,bar_and_grill,entity_items_v,7,20,35.0,COMMON
food_beverage,bar_and_grill,entity_offer,7,20,35.0,COMMON
food_beverage,bar_and_grill,entity_offer_section,7,20,35.0,COMMON
food_beverage,bar_and_grill,menu_items,7,20,35.0,COMMON
food_beverage,bar_and_grill,menu_section_days,7,20,35.0,COMMON
food_beverage,bar_and_grill,menu_section_details,7,20,35.0,COMMON
food_beverage,bar_and_grill,menu_sections,7,20,35.0,COMMON
food_beverage,bar_and_grill,entity_address_areas,7,20,35.0,COMMON
food_beverage,bar_and_grill,entity_sources,5,20,25.0,COMMON
food_beverage,bar_and_grill,tourist_seen,5,20,25.0,COMMON
food_beverage,bar_and_grill,tourist_swipe_events,5,20,25.0,COMMON
food_beverage,bar_and_grill,entity_secondary_hours,5,20,25.0,COMMON
food_beverage,bar_and_grill,ai_data_quality_audit,4,20,20.0,COMMON
food_beverage,bar_and_grill,ai_data_quality_issues,4,20,20.0,COMMON
food_beverage,bar_and_grill,ai_menu_item_tag_values,4,20,20.0,COMMON
food_beverage,bar_and_grill,ai_menu_item_tags,4,20,20.0,COMMON
food_beverage,bar_and_grill,ai_planner_intent_tags,4,20,20.0,COMMON
food_beverage,bar_and_grill,ai_planner_profile_tags,4,20,20.0,COMMON
food_beverage,bar_and_grill,ai_planner_profiles,4,20,20.0,COMMON
food_beverage,bar_and_grill,ai_voice_snippets,4,20,20.0,COMMON
food_beverage,bar_and_grill,drink_items,4,20,20.0,COMMON
food_beverage,bar_and_grill,drink_sections,4,20,20.0,COMMON
food_beverage,bar_and_grill,ai_drink_item_tag_values,3,20,15.0,COMMON
food_beverage,bar_and_grill,ai_drink_item_tags,3,20,15.0,COMMON
food_beverage,bar_and_grill,recovery_import_log,3,20,15.0,COMMON
food_beverage,bar_and_grill,entity_good_for,3,20,15.0,COMMON
food_beverage,bar_and_grill,entity_highlights,3,20,15.0,COMMON
food_beverage,bar_and_grill,happy_hour_sections,3,20,15.0,COMMON
food_beverage,bar_and_grill,tourist_saves,2,20,10.0,PARTIAL
food_beverage,bar_and_grill,entity_specials,2,20,10.0,PARTIAL
food_beverage,bar_and_grill,menu_item_details,1,20,5.0,PARTIAL
food_beverage,bar_and_grill,entity_seo,1,20,5.0,PARTIAL
retail,womens_clothing_store,entity,20,20,100.0,CORE
retail,womens_clothing_store,entity_completeness_v,20,20,100.0,CORE
retail,womens_clothing_store,entity_theme,20,20,100.0,CORE
retail,womens_clothing_store,industry_retail,20,20,100.0,CORE
retail,womens_clothing_store,search_index,20,20,100.0,CORE
retail,womens_clothing_store,v_industry_facts_slugs,20,20,100.0,CORE
retail,womens_clothing_store,ai_data_completeness_audit_full,19,20,95.0,CORE
retail,womens_clothing_store,ai_entity_intent_tags_full,19,20,95.0,CORE
retail,womens_clothing_store,ai_entity_profiles_full,19,20,95.0,CORE
retail,womens_clothing_store,entity_attributes,19,20,95.0,CORE
retail,womens_clothing_store,entity_google_maps_links,19,20,95.0,CORE
retail,womens_clothing_store,entity_google_reviews,19,20,95.0,CORE
retail,womens_clothing_store,entity_hours,19,20,95.0,CORE
retail,womens_clothing_store,entity_modules,19,20,95.0,CORE
retail,womens_clothing_store,entity_nearby_landmark_types,19,20,95.0,CORE
retail,womens_clothing_store,entity_nearby_landmarks,19,20,95.0,CORE
retail,womens_clothing_store,entity_reviews,19,20,95.0,CORE
retail,womens_clothing_store,entity_tags,19,20,95.0,CORE
retail,womens_clothing_store,ai_photo_index_full,18,20,90.0,CORE
retail,womens_clothing_store,entity_photos,18,20,90.0,CORE
retail,womens_clothing_store,entity_address_areas,17,20,85.0,CORE
retail,womens_clothing_store,legacy_photo_migration_queue,10,20,50.0,COMMON
retail,womens_clothing_store,entity_sources,5,20,25.0,COMMON
retail,womens_clothing_store,entity_seo,3,20,15.0,COMMON
retail,womens_clothing_store,entity_good_for,1,20,5.0,PARTIAL
retail,womens_clothing_store,entity_highlights,1,20,5.0,PARTIAL
retail,womens_clothing_store,entity_conflicts,1,20,5.0,PARTIAL
health_medical,veterinary_care,ai_data_completeness_audit_full,20,20,100.0,CORE
health_medical,veterinary_care,ai_entity_intent_tags_full,20,20,100.0,CORE
health_medical,veterinary_care,ai_entity_profiles_full,20,20,100.0,CORE
health_medical,veterinary_care,ai_photo_index_full,20,20,100.0,CORE
health_medical,veterinary_care,bookable_resources,20,20,100.0,CORE
health_medical,veterinary_care,bookable_resources_json_backup,20,20,100.0,CORE
health_medical,veterinary_care,entity,20,20,100.0,CORE
health_medical,veterinary_care,entity_attributes,20,20,100.0,CORE
health_medical,veterinary_care,entity_completeness_v,20,20,100.0,CORE
health_medical,veterinary_care,entity_google_maps_links,20,20,100.0,CORE
health_medical,veterinary_care,entity_google_reviews,20,20,100.0,CORE
health_medical,veterinary_care,entity_hours,20,20,100.0,CORE
health_medical,veterinary_care,entity_items_norm_v,20,20,100.0,CORE
health_medical,veterinary_care,entity_items_v,20,20,100.0,CORE
health_medical,veterinary_care,entity_modules,20,20,100.0,CORE
health_medical,veterinary_care,entity_nearby_landmarks,20,20,100.0,CORE
health_medical,veterinary_care,entity_offer,20,20,100.0,CORE
health_medical,veterinary_care,entity_photos,20,20,100.0,CORE
health_medical,veterinary_care,entity_reviews,20,20,100.0,CORE
health_medical,veterinary_care,entity_tags,20,20,100.0,CORE
health_medical,veterinary_care,entity_theme,20,20,100.0,CORE
health_medical,veterinary_care,industry_health_medical,20,20,100.0,CORE
health_medical,veterinary_care,search_index,20,20,100.0,CORE
health_medical,veterinary_care,v_industry_facts_slugs,20,20,100.0,CORE
health_medical,veterinary_care,entity_nearby_landmark_types,18,20,90.0,CORE
health_medical,veterinary_care,entity_address_areas,11,20,55.0,COMMON
health_medical,veterinary_care,health_medical_services,6,20,30.0,COMMON
health_medical,veterinary_care,service_menu,6,20,30.0,COMMON
health_medical,veterinary_care,entity_secondary_hours,1,20,5.0,PARTIAL
cafe_dessert,bakery,ai_data_completeness_audit_full,19,19,100.0,CORE
cafe_dessert,bakery,ai_entity_intent_tags_full,19,19,100.0,CORE
cafe_dessert,bakery,ai_entity_profiles_full,19,19,100.0,CORE
cafe_dessert,bakery,ai_photo_index_full,19,19,100.0,CORE
cafe_dessert,bakery,entity,19,19,100.0,CORE
cafe_dessert,bakery,entity_tags,19,19,100.0,CORE
cafe_dessert,bakery,entity_theme,19,19,100.0,CORE
cafe_dessert,bakery,industry_cafe_dessert,19,19,100.0,CORE
cafe_dessert,bakery,search_index,19,19,100.0,CORE
cafe_dessert,bakery,v_industry_facts_slugs,19,19,100.0,CORE
cafe_dessert,bakery,entity_completeness_v,18,19,94.7,CORE
cafe_dessert,bakery,entity_modules,18,19,94.7,CORE
cafe_dessert,bakery,entity_photos,18,19,94.7,CORE
cafe_dessert,bakery,entity_attributes,16,19,84.2,CORE
cafe_dessert,bakery,entity_google_maps_links,16,19,84.2,CORE
cafe_dessert,bakery,entity_google_reviews,16,19,84.2,CORE
cafe_dessert,bakery,entity_reviews,16,19,84.2,CORE
cafe_dessert,bakery,entity_hours,15,19,78.9,CORE
cafe_dessert,bakery,entity_nearby_landmark_types,15,19,78.9,CORE
cafe_dessert,bakery,entity_nearby_landmarks,15,19,78.9,CORE
cafe_dessert,bakery,industry_food_beverage,13,19,68.4,CORE
cafe_dessert,bakery,entity_offer,6,19,31.6,COMMON
cafe_dessert,bakery,entity_offer_section,6,19,31.6,COMMON
cafe_dessert,bakery,entity_address_areas,6,19,31.6,COMMON
cafe_dessert,bakery,ai_unified_search_items_full,5,19,26.3,COMMON
cafe_dessert,bakery,catalog_items,5,19,26.3,COMMON
cafe_dessert,bakery,catalog_section_days,5,19,26.3,COMMON
cafe_dessert,bakery,catalog_sections,5,19,26.3,COMMON
cafe_dessert,bakery,entity_items_norm_v,5,19,26.3,COMMON
cafe_dessert,bakery,entity_items_v,5,19,26.3,COMMON
cafe_dessert,bakery,menu_items,5,19,26.3,COMMON
cafe_dessert,bakery,menu_section_days,5,19,26.3,COMMON
cafe_dessert,bakery,menu_section_details,5,19,26.3,COMMON
cafe_dessert,bakery,menu_sections,5,19,26.3,COMMON
cafe_dessert,bakery,legacy_photo_migration_queue,3,19,15.8,COMMON
cafe_dessert,bakery,tourist_seen,3,19,15.8,COMMON
cafe_dessert,bakery,tourist_swipe_events,3,19,15.8,COMMON
cafe_dessert,bakery,entity_good_for,2,19,10.5,PARTIAL
cafe_dessert,bakery,entity_highlights,2,19,10.5,PARTIAL
cafe_dessert,bakery,entity_sources,2,19,10.5,PARTIAL
cafe_dessert,bakery,tourist_saves,1,19,5.3,PARTIAL
cafe_dessert,bakery,recovery_import_log,1,19,5.3,PARTIAL
retail,shoe_store,ai_data_completeness_audit_full,19,19,100.0,CORE
retail,shoe_store,ai_entity_intent_tags_full,19,19,100.0,CORE
retail,shoe_store,ai_entity_profiles_full,19,19,100.0,CORE
retail,shoe_store,entity,19,19,100.0,CORE
retail,shoe_store,entity_attributes,19,19,100.0,CORE
retail,shoe_store,entity_google_maps_links,19,19,100.0,CORE
retail,shoe_store,entity_google_reviews,19,19,100.0,CORE
retail,shoe_store,entity_modules,19,19,100.0,CORE
retail,shoe_store,entity_nearby_landmark_types,19,19,100.0,CORE
retail,shoe_store,entity_nearby_landmarks,19,19,100.0,CORE
retail,shoe_store,entity_reviews,19,19,100.0,CORE
retail,shoe_store,entity_tags,19,19,100.0,CORE
retail,shoe_store,entity_theme,19,19,100.0,CORE
retail,shoe_store,industry_retail,19,19,100.0,CORE
retail,shoe_store,search_index,19,19,100.0,CORE
retail,shoe_store,v_industry_facts_slugs,19,19,100.0,CORE
retail,shoe_store,entity_photos,18,19,94.7,CORE
retail,shoe_store,ai_photo_index_full,17,19,89.5,CORE
retail,shoe_store,entity_address_areas,17,19,89.5,CORE
retail,shoe_store,entity_completeness_v,17,19,89.5,CORE
retail,shoe_store,entity_hours,17,19,89.5,CORE
retail,shoe_store,legacy_photo_migration_queue,2,19,10.5,PARTIAL
retail,shoe_store,entity_good_for,1,19,5.3,PARTIAL
retail,shoe_store,entity_highlights,1,19,5.3,PARTIAL
rental,car_rental,entity,18,18,100.0,CORE
rental,car_rental,entity_completeness_v,18,18,100.0,CORE
rental,car_rental,industry_rental,18,18,100.0,CORE
rental,car_rental,search_index,18,18,100.0,CORE
rental,car_rental,v_industry_facts_slugs,18,18,100.0,CORE
rental,car_rental,ai_data_completeness_audit_full,16,18,88.9,CORE
rental,car_rental,ai_entity_intent_tags_full,16,18,88.9,CORE
rental,car_rental,ai_entity_profiles_full,16,18,88.9,CORE
rental,car_rental,entity_items_norm_v,16,18,88.9,CORE
rental,car_rental,entity_items_v,16,18,88.9,CORE
rental,car_rental,entity_modules,16,18,88.9,CORE
rental,car_rental,entity_offer,16,18,88.9,CORE
rental,car_rental,entity_tags,16,18,88.9,CORE
rental,car_rental,entity_theme,16,18,88.9,CORE
rental,car_rental,bookable_resources,13,18,72.2,CORE
rental,car_rental,bookable_resources_json_backup,13,18,72.2,CORE
rental,car_rental,entity_google_maps_links,13,18,72.2,CORE
rental,car_rental,entity_nearby_landmark_types,13,18,72.2,CORE
rental,car_rental,entity_nearby_landmarks,13,18,72.2,CORE
rental,car_rental,ai_photo_index_full,12,18,66.7,CORE
rental,car_rental,entity_hours,12,18,66.7,CORE
rental,car_rental,entity_photos,12,18,66.7,CORE
rental,car_rental,entity_attributes,11,18,61.1,CORE
rental,car_rental,entity_google_reviews,10,18,55.6,COMMON
rental,car_rental,entity_reviews,10,18,55.6,COMMON
rental,car_rental,entity_address_areas,10,18,55.6,COMMON
rental,car_rental,entity_sources,5,18,27.8,COMMON
rental,car_rental,legacy_photo_migration_queue,4,18,22.2,COMMON
rental,car_rental,meeting_points,4,18,22.2,COMMON
rental,car_rental,offerings,4,18,22.2,COMMON
rental,car_rental,requirements,4,18,22.2,COMMON
rental,car_rental,entity_highlights,4,18,22.2,COMMON
rental,car_rental,entity_conflicts,3,18,16.7,COMMON
rental,car_rental,entity_offer_section,3,18,16.7,COMMON
rental,car_rental,offering_prices,2,18,11.1,PARTIAL
rental,car_rental,recovery_import_log,2,18,11.1,PARTIAL
rental,car_rental,whats_excluded,1,18,5.6,PARTIAL
rental,car_rental,whats_included,1,18,5.6,PARTIAL
rental,car_rental,entity_seo,1,18,5.6,PARTIAL
rental,car_rental,entity_good_for,1,18,5.6,PARTIAL
rental,car_rental,pricing_items,1,18,5.6,PARTIAL
rental,car_rental,entity_section_items,1,18,5.6,PARTIAL
rental,car_rental,entity_sections,1,18,5.6,PARTIAL
rental,car_rental,entity_seo_keywords,1,18,5.6,PARTIAL
food_beverage,american_restaurant,ai_data_completeness_audit_full,17,17,100.0,CORE
food_beverage,american_restaurant,ai_entity_intent_tags_full,17,17,100.0,CORE
food_beverage,american_restaurant,ai_entity_profiles_full,17,17,100.0,CORE
food_beverage,american_restaurant,ai_photo_index_full,17,17,100.0,CORE
food_beverage,american_restaurant,entity,17,17,100.0,CORE
food_beverage,american_restaurant,entity_attributes,17,17,100.0,CORE
food_beverage,american_restaurant,entity_completeness_v,17,17,100.0,CORE
food_beverage,american_restaurant,entity_google_maps_links,17,17,100.0,CORE
food_beverage,american_restaurant,entity_google_reviews,17,17,100.0,CORE
food_beverage,american_restaurant,entity_hours,17,17,100.0,CORE
food_beverage,american_restaurant,entity_modules,17,17,100.0,CORE
food_beverage,american_restaurant,entity_nearby_landmarks,17,17,100.0,CORE
food_beverage,american_restaurant,entity_photos,17,17,100.0,CORE
food_beverage,american_restaurant,entity_reviews,17,17,100.0,CORE
food_beverage,american_restaurant,entity_tags,17,17,100.0,CORE
food_beverage,american_restaurant,entity_theme,17,17,100.0,CORE
food_beverage,american_restaurant,industry_food_beverage,17,17,100.0,CORE
food_beverage,american_restaurant,search_index,17,17,100.0,CORE
food_beverage,american_restaurant,v_industry_facts_slugs,17,17,100.0,CORE
food_beverage,american_restaurant,entity_nearby_landmark_types,16,17,94.1,CORE
food_beverage,american_restaurant,entity_address_areas,13,17,76.5,CORE
food_beverage,american_restaurant,legacy_photo_migration_queue,10,17,58.8,COMMON
food_beverage,american_restaurant,ai_unified_search_items_full,9,17,52.9,COMMON
food_beverage,american_restaurant,catalog_section_days,8,17,47.1,COMMON
food_beverage,american_restaurant,catalog_sections,8,17,47.1,COMMON
food_beverage,american_restaurant,catalog_items,6,17,35.3,COMMON
food_beverage,american_restaurant,entity_items_norm_v,6,17,35.3,COMMON
food_beverage,american_restaurant,entity_items_v,6,17,35.3,COMMON
food_beverage,american_restaurant,entity_offer,6,17,35.3,COMMON
food_beverage,american_restaurant,entity_offer_section,6,17,35.3,COMMON
food_beverage,american_restaurant,ai_event_planner_index_full,6,17,35.3,COMMON
food_beverage,american_restaurant,entity_events,6,17,35.3,COMMON
food_beverage,american_restaurant,menu_items,5,17,29.4,COMMON
food_beverage,american_restaurant,menu_section_days,5,17,29.4,COMMON
food_beverage,american_restaurant,menu_section_details,5,17,29.4,COMMON
food_beverage,american_restaurant,menu_sections,5,17,29.4,COMMON
food_beverage,american_restaurant,entity_secondary_hours,4,17,23.5,COMMON
food_beverage,american_restaurant,entity_sources,4,17,23.5,COMMON
food_beverage,american_restaurant,happy_hour_sections,4,17,23.5,COMMON
food_beverage,american_restaurant,ai_data_quality_audit,3,17,17.6,COMMON
food_beverage,american_restaurant,ai_data_quality_issues,3,17,17.6,COMMON
food_beverage,american_restaurant,ai_menu_item_tag_values,3,17,17.6,COMMON
food_beverage,american_restaurant,ai_menu_item_tags,3,17,17.6,COMMON
food_beverage,american_restaurant,ai_planner_intent_tags,3,17,17.6,COMMON
food_beverage,american_restaurant,ai_planner_profile_tags,3,17,17.6,COMMON
food_beverage,american_restaurant,ai_planner_profiles,3,17,17.6,COMMON
food_beverage,american_restaurant,ai_voice_snippets,3,17,17.6,COMMON
food_beverage,american_restaurant,drink_items,2,17,11.8,PARTIAL
food_beverage,american_restaurant,drink_sections,2,17,11.8,PARTIAL
food_beverage,american_restaurant,happy_hour_items,2,17,11.8,PARTIAL
food_beverage,american_restaurant,ai_drink_item_tag_values,2,17,11.8,PARTIAL
food_beverage,american_restaurant,ai_drink_item_tags,2,17,11.8,PARTIAL
food_beverage,american_restaurant,recovery_import_log,2,17,11.8,PARTIAL
food_beverage,american_restaurant,entity_conflicts,1,17,5.9,PARTIAL
food_beverage,american_restaurant,entity_good_for,1,17,5.9,PARTIAL
food_beverage,american_restaurant,entity_highlights,1,17,5.9,PARTIAL
food_beverage,american_restaurant,menu_item_details,1,17,5.9,PARTIAL
food_beverage,american_restaurant,entity_amenities,1,17,5.9,PARTIAL
food_beverage,american_restaurant,entity_seo,1,17,5.9,PARTIAL
food_beverage,pizza_restaurant,entity,17,17,100.0,CORE
food_beverage,pizza_restaurant,entity_completeness_v,17,17,100.0,CORE
food_beverage,pizza_restaurant,entity_theme,17,17,100.0,CORE
food_beverage,pizza_restaurant,industry_food_beverage,17,17,100.0,CORE
food_beverage,pizza_restaurant,search_index,17,17,100.0,CORE
food_beverage,pizza_restaurant,v_industry_facts_slugs,17,17,100.0,CORE
food_beverage,pizza_restaurant,ai_data_completeness_audit_full,16,17,94.1,CORE
food_beverage,pizza_restaurant,ai_entity_intent_tags_full,16,17,94.1,CORE
food_beverage,pizza_restaurant,ai_entity_profiles_full,16,17,94.1,CORE
food_beverage,pizza_restaurant,entity_modules,16,17,94.1,CORE
food_beverage,pizza_restaurant,entity_photos,16,17,94.1,CORE
food_beverage,pizza_restaurant,entity_tags,16,17,94.1,CORE
food_beverage,pizza_restaurant,ai_photo_index_full,15,17,88.2,CORE
food_beverage,pizza_restaurant,entity_attributes,15,17,88.2,CORE
food_beverage,pizza_restaurant,entity_google_maps_links,14,17,82.4,CORE
food_beverage,pizza_restaurant,entity_google_reviews,14,17,82.4,CORE
food_beverage,pizza_restaurant,entity_hours,14,17,82.4,CORE
food_beverage,pizza_restaurant,entity_nearby_landmark_types,14,17,82.4,CORE
food_beverage,pizza_restaurant,entity_nearby_landmarks,14,17,82.4,CORE
food_beverage,pizza_restaurant,entity_reviews,14,17,82.4,CORE
food_beverage,pizza_restaurant,entity_offer,9,17,52.9,COMMON
food_beverage,pizza_restaurant,entity_offer_section,9,17,52.9,COMMON
food_beverage,pizza_restaurant,entity_address_areas,9,17,52.9,COMMON
food_beverage,pizza_restaurant,catalog_items,8,17,47.1,COMMON
food_beverage,pizza_restaurant,catalog_section_days,8,17,47.1,COMMON
food_beverage,pizza_restaurant,catalog_sections,8,17,47.1,COMMON
food_beverage,pizza_restaurant,entity_items_norm_v,8,17,47.1,COMMON
food_beverage,pizza_restaurant,entity_items_v,8,17,47.1,COMMON
food_beverage,pizza_restaurant,legacy_photo_migration_queue,8,17,47.1,COMMON
food_beverage,pizza_restaurant,menu_items,8,17,47.1,COMMON
food_beverage,pizza_restaurant,menu_section_days,8,17,47.1,COMMON
food_beverage,pizza_restaurant,menu_section_details,8,17,47.1,COMMON
food_beverage,pizza_restaurant,menu_sections,8,17,47.1,COMMON
food_beverage,pizza_restaurant,ai_unified_search_items_full,5,17,29.4,COMMON
food_beverage,pizza_restaurant,entity_secondary_hours,5,17,29.4,COMMON
food_beverage,pizza_restaurant,recovery_import_log,4,17,23.5,COMMON
food_beverage,pizza_restaurant,entity_events,3,17,17.6,COMMON
food_beverage,pizza_restaurant,happy_hour_sections,3,17,17.6,COMMON
food_beverage,pizza_restaurant,entity_sources,3,17,17.6,COMMON
food_beverage,pizza_restaurant,ai_event_planner_index_full,2,17,11.8,PARTIAL
food_beverage,pizza_restaurant,tourist_seen,2,17,11.8,PARTIAL
food_beverage,pizza_restaurant,tourist_swipe_events,2,17,11.8,PARTIAL
food_beverage,pizza_restaurant,entity_conflicts,1,17,5.9,PARTIAL
food_beverage,pizza_restaurant,menu_item_details,1,17,5.9,PARTIAL
food_beverage,pizza_restaurant,entity_good_for,1,17,5.9,PARTIAL
food_beverage,pizza_restaurant,entity_highlights,1,17,5.9,PARTIAL
food_beverage,pizza_restaurant,happy_hour_items,1,17,5.9,PARTIAL
food_beverage,pizza_restaurant,entity_amenities,1,17,5.9,PARTIAL
food_beverage,pizza_restaurant,entity_policies,1,17,5.9,PARTIAL
food_beverage,pizza_restaurant,entity_fuel_prices,1,17,5.9,PARTIAL
food_beverage,mexican_restaurant,entity,17,17,100.0,CORE
food_beverage,mexican_restaurant,entity_modules,17,17,100.0,CORE
food_beverage,mexican_restaurant,entity_photos,17,17,100.0,CORE
food_beverage,mexican_restaurant,entity_theme,17,17,100.0,CORE
food_beverage,mexican_restaurant,industry_food_beverage,17,17,100.0,CORE
food_beverage,mexican_restaurant,search_index,17,17,100.0,CORE
food_beverage,mexican_restaurant,v_industry_facts_slugs,17,17,100.0,CORE
food_beverage,mexican_restaurant,ai_data_completeness_audit_full,16,17,94.1,CORE
food_beverage,mexican_restaurant,ai_entity_intent_tags_full,16,17,94.1,CORE
food_beverage,mexican_restaurant,ai_entity_profiles_full,16,17,94.1,CORE
food_beverage,mexican_restaurant,ai_photo_index_full,16,17,94.1,CORE
food_beverage,mexican_restaurant,entity_attributes,16,17,94.1,CORE
food_beverage,mexican_restaurant,entity_completeness_v,16,17,94.1,CORE
food_beverage,mexican_restaurant,entity_google_maps_links,16,17,94.1,CORE
food_beverage,mexican_restaurant,entity_google_reviews,16,17,94.1,CORE
food_beverage,mexican_restaurant,entity_nearby_landmark_types,16,17,94.1,CORE
food_beverage,mexican_restaurant,entity_nearby_landmarks,16,17,94.1,CORE
food_beverage,mexican_restaurant,entity_reviews,16,17,94.1,CORE
food_beverage,mexican_restaurant,entity_tags,16,17,94.1,CORE
food_beverage,mexican_restaurant,entity_hours,15,17,88.2,CORE
food_beverage,mexican_restaurant,entity_address_areas,8,17,47.1,COMMON
food_beverage,mexican_restaurant,legacy_photo_migration_queue,7,17,41.2,COMMON
food_beverage,mexican_restaurant,catalog_section_days,5,17,29.4,COMMON
food_beverage,mexican_restaurant,catalog_sections,5,17,29.4,COMMON
food_beverage,mexican_restaurant,entity_offer,5,17,29.4,COMMON
food_beverage,mexican_restaurant,entity_offer_section,5,17,29.4,COMMON
food_beverage,mexican_restaurant,ai_unified_search_items_full,5,17,29.4,COMMON
food_beverage,mexican_restaurant,catalog_items,4,17,23.5,COMMON
food_beverage,mexican_restaurant,entity_items_norm_v,4,17,23.5,COMMON
food_beverage,mexican_restaurant,entity_items_v,4,17,23.5,COMMON
food_beverage,mexican_restaurant,entity_sources,4,17,23.5,COMMON
food_beverage,mexican_restaurant,menu_items,4,17,23.5,COMMON
food_beverage,mexican_restaurant,menu_section_days,4,17,23.5,COMMON
food_beverage,mexican_restaurant,menu_section_details,4,17,23.5,COMMON
food_beverage,mexican_restaurant,menu_sections,4,17,23.5,COMMON
food_beverage,mexican_restaurant,ai_event_planner_index_full,4,17,23.5,COMMON
food_beverage,mexican_restaurant,entity_events,4,17,23.5,COMMON
food_beverage,mexican_restaurant,entity_secondary_hours,4,17,23.5,COMMON
food_beverage,mexican_restaurant,tourist_saves,3,17,17.6,COMMON
food_beverage,mexican_restaurant,tourist_seen,3,17,17.6,COMMON
food_beverage,mexican_restaurant,tourist_swipe_events,3,17,17.6,COMMON
food_beverage,mexican_restaurant,entity_gallery,2,17,11.8,PARTIAL
food_beverage,mexican_restaurant,entity_sections,2,17,11.8,PARTIAL
food_beverage,mexican_restaurant,recovery_import_log,2,17,11.8,PARTIAL
food_beverage,mexican_restaurant,happy_hour_sections,2,17,11.8,PARTIAL
food_beverage,mexican_restaurant,menu_item_tags,1,17,5.9,PARTIAL
food_beverage,mexican_restaurant,entity_amenities,1,17,5.9,PARTIAL
food_beverage,mexican_restaurant,entity_good_for,1,17,5.9,PARTIAL
food_beverage,mexican_restaurant,entity_highlights,1,17,5.9,PARTIAL
food_beverage,mexican_restaurant,entity_specials,1,17,5.9,PARTIAL
food_beverage,mexican_restaurant,happy_hour_items,1,17,5.9,PARTIAL
food_beverage,mexican_restaurant,happy_hour_section_days,1,17,5.9,PARTIAL
food_beverage,mexican_restaurant,menu_item_details,1,17,5.9,PARTIAL
food_beverage,mexican_restaurant,entity_conflicts,1,17,5.9,PARTIAL
property_management,vacation_rental_manager,entity,17,17,100.0,CORE
property_management,vacation_rental_manager,entity_completeness_v,17,17,100.0,CORE
property_management,vacation_rental_manager,entity_modules,17,17,100.0,CORE
property_management,vacation_rental_manager,entity_theme,17,17,100.0,CORE
property_management,vacation_rental_manager,industry_property_management,17,17,100.0,CORE
property_management,vacation_rental_manager,search_index,17,17,100.0,CORE
property_management,vacation_rental_manager,v_industry_facts_slugs,17,17,100.0,CORE
property_management,vacation_rental_manager,entity_specials,1,17,5.9,PARTIAL
vacation_rental,vacation_rental,ai_data_completeness_audit_full,16,16,100.0,CORE
vacation_rental,vacation_rental,ai_entity_intent_tags_full,16,16,100.0,CORE
vacation_rental,vacation_rental,ai_entity_profiles_full,16,16,100.0,CORE
vacation_rental,vacation_rental,ai_photo_index_full,16,16,100.0,CORE
vacation_rental,vacation_rental,entity,16,16,100.0,CORE
vacation_rental,vacation_rental,entity_completeness_v,16,16,100.0,CORE
vacation_rental,vacation_rental,entity_modules,16,16,100.0,CORE
vacation_rental,vacation_rental,entity_photos,16,16,100.0,CORE
vacation_rental,vacation_rental,entity_tags,16,16,100.0,CORE
vacation_rental,vacation_rental,entity_theme,16,16,100.0,CORE
vacation_rental,vacation_rental,industry_vacation_rental,16,16,100.0,CORE
vacation_rental,vacation_rental,search_index,16,16,100.0,CORE
vacation_rental,vacation_rental,v_industry_facts_slugs,16,16,100.0,CORE
vacation_rental,vacation_rental,bookable_resources,14,16,87.5,CORE
vacation_rental,vacation_rental,bookable_resources_json_backup,14,16,87.5,CORE
vacation_rental,vacation_rental,entity_items_norm_v,14,16,87.5,CORE
vacation_rental,vacation_rental,entity_items_v,14,16,87.5,CORE
vacation_rental,vacation_rental,entity_offer,14,16,87.5,CORE
vacation_rental,vacation_rental,entity_section_items,14,16,87.5,CORE
vacation_rental,vacation_rental,entity_section_items_metadata_backup,14,16,87.5,CORE
vacation_rental,vacation_rental,entity_sections,14,16,87.5,CORE
vacation_rental,vacation_rental,rental_units,14,16,87.5,CORE
vacation_rental,vacation_rental,recovery_import_log,13,16,81.3,CORE
vacation_rental,vacation_rental,entity_hours,2,16,12.5,PARTIAL
vacation_rental,vacation_rental,entity_google_maps_links,1,16,6.3,PARTIAL
vacation_rental,vacation_rental,entity_nearby_landmark_types,1,16,6.3,PARTIAL
vacation_rental,vacation_rental,entity_nearby_landmarks,1,16,6.3,PARTIAL
vacation_rental,vacation_rental,tourist_seen,1,16,6.3,PARTIAL
vacation_rental,vacation_rental,tourist_swipe_events,1,16,6.3,PARTIAL
vacation_rental,vacation_rental,entity_good_for,1,16,6.3,PARTIAL
vacation_rental,vacation_rental,entity_highlights,1,16,6.3,PARTIAL
retail,bicycle_store,ai_data_completeness_audit_full,16,16,100.0,CORE
retail,bicycle_store,ai_entity_intent_tags_full,16,16,100.0,CORE
retail,bicycle_store,ai_entity_profiles_full,16,16,100.0,CORE
retail,bicycle_store,ai_photo_index_full,16,16,100.0,CORE
retail,bicycle_store,entity,16,16,100.0,CORE
retail,bicycle_store,entity_attributes,16,16,100.0,CORE
retail,bicycle_store,entity_completeness_v,16,16,100.0,CORE
retail,bicycle_store,entity_google_maps_links,16,16,100.0,CORE
retail,bicycle_store,entity_google_reviews,16,16,100.0,CORE
retail,bicycle_store,entity_hours,16,16,100.0,CORE
retail,bicycle_store,entity_modules,16,16,100.0,CORE
retail,bicycle_store,entity_nearby_landmark_types,16,16,100.0,CORE
retail,bicycle_store,entity_nearby_landmarks,16,16,100.0,CORE
retail,bicycle_store,entity_photos,16,16,100.0,CORE
retail,bicycle_store,entity_reviews,16,16,100.0,CORE
retail,bicycle_store,entity_tags,16,16,100.0,CORE
retail,bicycle_store,entity_theme,16,16,100.0,CORE
retail,bicycle_store,industry_retail,16,16,100.0,CORE
retail,bicycle_store,search_index,16,16,100.0,CORE
retail,bicycle_store,v_industry_facts_slugs,16,16,100.0,CORE
retail,bicycle_store,entity_address_areas,13,16,81.3,CORE
retail,bicycle_store,legacy_photo_migration_queue,1,16,6.3,PARTIAL
retail,bicycle_store,entity_secondary_hours,1,16,6.3,PARTIAL
retail,bicycle_store,entity_sources,1,16,6.3,PARTIAL
professional_service,bank,entity,16,16,100.0,CORE
professional_service,bank,entity_theme,16,16,100.0,CORE
professional_service,bank,industry_professional_service,16,16,100.0,CORE
professional_service,bank,search_index,16,16,100.0,CORE
professional_service,bank,v_industry_facts_slugs,16,16,100.0,CORE
professional_service,bank,ai_data_completeness_audit_full,14,16,87.5,CORE
professional_service,bank,ai_entity_intent_tags_full,14,16,87.5,CORE
professional_service,bank,ai_entity_profiles_full,14,16,87.5,CORE
professional_service,bank,entity_tags,14,16,87.5,CORE
professional_service,bank,ai_photo_index_full,13,16,81.3,CORE
professional_service,bank,entity_hours,13,16,81.3,CORE
professional_service,bank,entity_photos,13,16,81.3,CORE
professional_service,bank,entity_completeness_v,13,16,81.3,CORE
professional_service,bank,bookable_resources,11,16,68.8,CORE
professional_service,bank,bookable_resources_json_backup,11,16,68.8,CORE
professional_service,bank,entity_items_norm_v,11,16,68.8,CORE
professional_service,bank,entity_items_v,11,16,68.8,CORE
professional_service,bank,entity_modules,11,16,68.8,CORE
professional_service,bank,entity_offer,11,16,68.8,CORE
professional_service,bank,professional_services,8,16,50.0,COMMON
professional_service,bank,service_menu,8,16,50.0,COMMON
professional_service,bank,entity_attributes,5,16,31.3,COMMON
professional_service,bank,entity_good_for,5,16,31.3,COMMON
professional_service,bank,entity_google_maps_links,5,16,31.3,COMMON
professional_service,bank,entity_google_reviews,5,16,31.3,COMMON
professional_service,bank,entity_highlights,5,16,31.3,COMMON
professional_service,bank,entity_nearby_landmark_types,5,16,31.3,COMMON
professional_service,bank,entity_nearby_landmarks,5,16,31.3,COMMON
professional_service,bank,entity_reviews,5,16,31.3,COMMON
professional_service,bank,entity_address_areas,4,16,25.0,COMMON
professional_service,bank,entity_secondary_hours,4,16,25.0,COMMON
professional_service,bank,recovery_import_log,3,16,18.8,COMMON
attraction,attraction,entity,16,16,100.0,CORE
attraction,attraction,entity_completeness_v,16,16,100.0,CORE
attraction,attraction,industry_attraction,16,16,100.0,CORE
attraction,attraction,search_index,16,16,100.0,CORE
attraction,attraction,v_industry_facts_slugs,16,16,100.0,CORE
attraction,attraction,entity_tags,14,16,87.5,CORE
attraction,attraction,entity_theme,14,16,87.5,CORE
attraction,attraction,ai_data_completeness_audit_full,13,16,81.3,CORE
attraction,attraction,ai_entity_intent_tags_full,13,16,81.3,CORE
attraction,attraction,ai_entity_profiles_full,13,16,81.3,CORE
attraction,attraction,entity_photos,7,16,43.8,COMMON
attraction,attraction,ai_photo_index_full,6,16,37.5,COMMON
attraction,attraction,entity_hours,5,16,31.3,COMMON
attraction,attraction,entity_modules,4,16,25.0,COMMON
attraction,attraction,entity_items_norm_v,3,16,18.8,COMMON
attraction,attraction,entity_items_v,3,16,18.8,COMMON
attraction,attraction,entity_offer,3,16,18.8,COMMON
attraction,attraction,entity_good_for,3,16,18.8,COMMON
attraction,attraction,entity_highlights,3,16,18.8,COMMON
attraction,attraction,entity_conflicts,3,16,18.8,COMMON
attraction,attraction,tourist_seen,2,16,12.5,PARTIAL
attraction,attraction,tourist_swipe_events,2,16,12.5,PARTIAL
attraction,attraction,entity_sources,2,16,12.5,PARTIAL
attraction,attraction,offerings,2,16,12.5,PARTIAL
attraction,attraction,bookable_resources,1,16,6.3,PARTIAL
attraction,attraction,bookable_resources_json_backup,1,16,6.3,PARTIAL
attraction,attraction,entity_address_areas,1,16,6.3,PARTIAL
attraction,attraction,entity_attributes,1,16,6.3,PARTIAL
attraction,attraction,entity_google_maps_links,1,16,6.3,PARTIAL
attraction,attraction,entity_google_reviews,1,16,6.3,PARTIAL
attraction,attraction,entity_nearby_landmark_types,1,16,6.3,PARTIAL
attraction,attraction,entity_nearby_landmarks,1,16,6.3,PARTIAL
attraction,attraction,entity_reviews,1,16,6.3,PARTIAL
attraction,attraction,entity_sections,1,16,6.3,PARTIAL
attraction,attraction,entity_seo_keywords,1,16,6.3,PARTIAL
attraction,attraction,offering_prices,1,16,6.3,PARTIAL
attraction,attraction,ai_event_planner_index_full,1,16,6.3,PARTIAL
attraction,attraction,ai_unified_search_items_full,1,16,6.3,PARTIAL
attraction,attraction,entity_events,1,16,6.3,PARTIAL
attraction,attraction,recovery_import_log,1,16,6.3,PARTIAL
entertainment_venue,entertainment,entity,16,16,100.0,CORE
entertainment_venue,entertainment,entity_theme,16,16,100.0,CORE
entertainment_venue,entertainment,industry_entertainment_venue,16,16,100.0,CORE
entertainment_venue,entertainment,search_index,16,16,100.0,CORE
entertainment_venue,entertainment,v_industry_facts_slugs,16,16,100.0,CORE
entertainment_venue,entertainment,entity_completeness_v,15,16,93.8,CORE
entertainment_venue,entertainment,entity_tags,8,16,50.0,COMMON
entertainment_venue,entertainment,recovery_import_log,8,16,50.0,COMMON
entertainment_venue,entertainment,ai_data_completeness_audit_full,7,16,43.8,COMMON
entertainment_venue,entertainment,ai_entity_intent_tags_full,7,16,43.8,COMMON
entertainment_venue,entertainment,ai_entity_profiles_full,7,16,43.8,COMMON
entertainment_venue,entertainment,entity_hours,6,16,37.5,COMMON
entertainment_venue,entertainment,entity_photos,6,16,37.5,COMMON
entertainment_venue,entertainment,ai_photo_index_full,5,16,31.3,COMMON
entertainment_venue,entertainment,bookable_resources,5,16,31.3,COMMON
entertainment_venue,entertainment,bookable_resources_json_backup,5,16,31.3,COMMON
entertainment_venue,entertainment,entity_items_norm_v,5,16,31.3,COMMON
entertainment_venue,entertainment,entity_items_v,5,16,31.3,COMMON
entertainment_venue,entertainment,entity_offer,5,16,31.3,COMMON
entertainment_venue,entertainment,entity_good_for,4,16,25.0,COMMON
entertainment_venue,entertainment,entity_highlights,4,16,25.0,COMMON
entertainment_venue,entertainment,entity_modules,4,16,25.0,COMMON
entertainment_venue,entertainment,entity_events,3,16,18.8,COMMON
entertainment_venue,entertainment,ai_event_planner_index_full,2,16,12.5,PARTIAL
entertainment_venue,entertainment,ai_unified_search_items_full,2,16,12.5,PARTIAL
entertainment_venue,entertainment,entity_sources,1,16,6.3,PARTIAL
professional_service,(none),entity,16,16,100.0,CORE
professional_service,(none),entity_completeness_v,16,16,100.0,CORE
professional_service,(none),entity_photos,15,16,93.8,CORE
professional_service,(none),entity_tags,15,16,93.8,CORE
professional_service,(none),entity_theme,15,16,93.8,CORE
professional_service,(none),industry_professional_service,15,16,93.8,CORE
professional_service,(none),search_index,15,16,93.8,CORE
professional_service,(none),v_industry_facts_slugs,15,16,93.8,CORE
golf,golf_course,ai_data_completeness_audit_full,15,15,100.0,CORE
golf,golf_course,ai_entity_intent_tags_full,15,15,100.0,CORE
golf,golf_course,ai_entity_profiles_full,15,15,100.0,CORE
golf,golf_course,ai_photo_index_full,15,15,100.0,CORE
golf,golf_course,entity,15,15,100.0,CORE
golf,golf_course,entity_completeness_v,15,15,100.0,CORE
golf,golf_course,entity_hours,15,15,100.0,CORE
golf,golf_course,entity_photos,15,15,100.0,CORE
golf,golf_course,entity_tags,15,15,100.0,CORE
golf,golf_course,entity_theme,15,15,100.0,CORE
golf,golf_course,industry_golf,15,15,100.0,CORE
golf,golf_course,search_index,15,15,100.0,CORE
golf,golf_course,v_industry_facts_slugs,15,15,100.0,CORE
golf,golf_course,entity_modules,14,15,93.3,CORE
golf,golf_course,entity_attributes,13,15,86.7,CORE
golf,golf_course,entity_google_maps_links,13,15,86.7,CORE
golf,golf_course,entity_google_reviews,13,15,86.7,CORE
golf,golf_course,entity_reviews,13,15,86.7,CORE
golf,golf_course,entity_nearby_landmarks,11,15,73.3,CORE
golf,golf_course,entity_sources,10,15,66.7,CORE
golf,golf_course,entity_nearby_landmark_types,10,15,66.7,CORE
golf,golf_course,legacy_photo_migration_queue,6,15,40.0,COMMON
golf,golf_course,entity_offer,4,15,26.7,COMMON
golf,golf_course,entity_items_norm_v,3,15,20.0,COMMON
golf,golf_course,entity_items_v,3,15,20.0,COMMON
golf,golf_course,entity_address_areas,3,15,20.0,COMMON
golf,golf_course,ai_unified_search_items_full,2,15,13.3,PARTIAL
golf,golf_course,catalog_items,2,15,13.3,PARTIAL
golf,golf_course,catalog_section_days,2,15,13.3,PARTIAL
golf,golf_course,catalog_sections,2,15,13.3,PARTIAL
golf,golf_course,entity_offer_section,2,15,13.3,PARTIAL
golf,golf_course,menu_items,2,15,13.3,PARTIAL
golf,golf_course,menu_section_days,2,15,13.3,PARTIAL
golf,golf_course,menu_section_details,2,15,13.3,PARTIAL
golf,golf_course,menu_sections,2,15,13.3,PARTIAL
golf,golf_course,offerings,2,15,13.3,PARTIAL
golf,golf_course,entity_seo,2,15,13.3,PARTIAL
golf,golf_course,entity_secondary_hours,2,15,13.3,PARTIAL
golf,golf_course,entity_amenities,1,15,6.7,PARTIAL
golf,golf_course,entity_events,1,15,6.7,PARTIAL
golf,golf_course,entity_policies,1,15,6.7,PARTIAL
golf,golf_course,offering_prices,1,15,6.7,PARTIAL
golf,golf_course,tourist_seen,1,15,6.7,PARTIAL
golf,golf_course,tourist_swipe_events,1,15,6.7,PARTIAL
golf,golf_course,entity_good_for,1,15,6.7,PARTIAL
golf,golf_course,entity_highlights,1,15,6.7,PARTIAL
charter_fishing,(none),entity,15,15,100.0,CORE
charter_fishing,(none),entity_completeness_v,15,15,100.0,CORE
charter_fishing,(none),entity_theme,15,15,100.0,CORE
charter_fishing,(none),search_index,15,15,100.0,CORE
charter_fishing,(none),entity_sources,13,15,86.7,CORE
charter_fishing,(none),entity_tags,13,15,86.7,CORE
charter_fishing,(none),industry_charter_fishing,13,15,86.7,CORE
charter_fishing,(none),v_industry_facts_slugs,13,15,86.7,CORE
charter_fishing,(none),entity_offer,6,15,40.0,COMMON
charter_fishing,(none),entity_items_norm_v,4,15,26.7,COMMON
charter_fishing,(none),entity_items_v,4,15,26.7,COMMON
charter_fishing,(none),bookable_resources,3,15,20.0,COMMON
charter_fishing,(none),offering_prices,2,15,13.3,PARTIAL
charter_fishing,(none),offerings,2,15,13.3,PARTIAL
charter_fishing,(none),ai_data_completeness_audit_full,2,15,13.3,PARTIAL
charter_fishing,(none),ai_entity_intent_tags_full,2,15,13.3,PARTIAL
charter_fishing,(none),ai_entity_profiles_full,2,15,13.3,PARTIAL
charter_fishing,(none),ai_photo_index_full,2,15,13.3,PARTIAL
charter_fishing,(none),bookable_resources_json_backup,2,15,13.3,PARTIAL
charter_fishing,(none),entity_modules,2,15,13.3,PARTIAL
charter_fishing,(none),entity_photos,2,15,13.3,PARTIAL
charter_fishing,(none),entity_conflicts,2,15,13.3,PARTIAL
charter_fishing,(none),charter_fishing_type,1,15,6.7,PARTIAL
charter_fishing,(none),vessels,1,15,6.7,PARTIAL
charter_fishing,(none),whats_included,1,15,6.7,PARTIAL
fitness_sports,sports_school,ai_data_completeness_audit_full,14,14,100.0,CORE
fitness_sports,sports_school,ai_entity_intent_tags_full,14,14,100.0,CORE
fitness_sports,sports_school,ai_entity_profiles_full,14,14,100.0,CORE
fitness_sports,sports_school,entity,14,14,100.0,CORE
fitness_sports,sports_school,entity_attributes,14,14,100.0,CORE
fitness_sports,sports_school,entity_completeness_v,14,14,100.0,CORE
fitness_sports,sports_school,entity_google_maps_links,14,14,100.0,CORE
fitness_sports,sports_school,entity_hours,14,14,100.0,CORE
fitness_sports,sports_school,entity_modules,14,14,100.0,CORE
fitness_sports,sports_school,entity_nearby_landmark_types,14,14,100.0,CORE
fitness_sports,sports_school,entity_nearby_landmarks,14,14,100.0,CORE
fitness_sports,sports_school,entity_tags,14,14,100.0,CORE
fitness_sports,sports_school,entity_theme,14,14,100.0,CORE
fitness_sports,sports_school,industry_fitness_sports,14,14,100.0,CORE
fitness_sports,sports_school,search_index,14,14,100.0,CORE
fitness_sports,sports_school,v_industry_facts_slugs,14,14,100.0,CORE
fitness_sports,sports_school,ai_photo_index_full,13,14,92.9,CORE
fitness_sports,sports_school,entity_google_reviews,13,14,92.9,CORE
fitness_sports,sports_school,entity_photos,13,14,92.9,CORE
fitness_sports,sports_school,entity_reviews,13,14,92.9,CORE
fitness_sports,sports_school,entity_address_areas,5,14,35.7,COMMON
fitness_sports,sports_school,entity_sources,4,14,28.6,COMMON
fitness_sports,sports_school,tourist_seen,1,14,7.1,PARTIAL
fitness_sports,sports_school,tourist_swipe_events,1,14,7.1,PARTIAL
fitness_sports,sports_school,entity_seo,1,14,7.1,PARTIAL
fitness_sports,sports_school,legacy_photo_migration_queue,1,14,7.1,PARTIAL
outdoor_recreation,hiking_area,ai_data_completeness_audit_full,14,14,100.0,CORE
outdoor_recreation,hiking_area,ai_entity_intent_tags_full,14,14,100.0,CORE
outdoor_recreation,hiking_area,ai_entity_profiles_full,14,14,100.0,CORE
outdoor_recreation,hiking_area,entity,14,14,100.0,CORE
outdoor_recreation,hiking_area,entity_completeness_v,14,14,100.0,CORE
outdoor_recreation,hiking_area,entity_google_maps_links,14,14,100.0,CORE
outdoor_recreation,hiking_area,entity_modules,14,14,100.0,CORE
outdoor_recreation,hiking_area,entity_tags,14,14,100.0,CORE
outdoor_recreation,hiking_area,entity_theme,14,14,100.0,CORE
outdoor_recreation,hiking_area,industry_outdoor_recreation,14,14,100.0,CORE
outdoor_recreation,hiking_area,search_index,14,14,100.0,CORE
outdoor_recreation,hiking_area,v_industry_facts_slugs,14,14,100.0,CORE
outdoor_recreation,hiking_area,entity_attributes,13,14,92.9,CORE
outdoor_recreation,hiking_area,entity_google_reviews,13,14,92.9,CORE
outdoor_recreation,hiking_area,entity_reviews,13,14,92.9,CORE
outdoor_recreation,hiking_area,ai_photo_index_full,12,14,85.7,CORE
outdoor_recreation,hiking_area,entity_nearby_landmarks,12,14,85.7,CORE
outdoor_recreation,hiking_area,entity_photos,12,14,85.7,CORE
outdoor_recreation,hiking_area,entity_address_areas,9,14,64.3,CORE
outdoor_recreation,hiking_area,entity_hours,8,14,57.1,COMMON
outdoor_recreation,hiking_area,entity_nearby_landmark_types,8,14,57.1,COMMON
outdoor_recreation,hiking_area,legacy_photo_migration_queue,3,14,21.4,COMMON
outdoor_recreation,hiking_area,entity_sections,1,14,7.1,PARTIAL
outdoor_recreation,hiking_area,entity_seo_keywords,1,14,7.1,PARTIAL
outdoor_recreation,hiking_area,tourist_seen,1,14,7.1,PARTIAL
outdoor_recreation,hiking_area,tourist_swipe_events,1,14,7.1,PARTIAL
food_beverage,japanese_restaurant,entity,13,13,100.0,CORE
food_beverage,japanese_restaurant,entity_completeness_v,13,13,100.0,CORE
food_beverage,japanese_restaurant,entity_theme,13,13,100.0,CORE
food_beverage,japanese_restaurant,industry_food_beverage,13,13,100.0,CORE
food_beverage,japanese_restaurant,search_index,13,13,100.0,CORE
food_beverage,japanese_restaurant,v_industry_facts_slugs,13,13,100.0,CORE
food_beverage,japanese_restaurant,ai_data_completeness_audit_full,12,13,92.3,CORE
food_beverage,japanese_restaurant,ai_entity_intent_tags_full,12,13,92.3,CORE
food_beverage,japanese_restaurant,ai_entity_profiles_full,12,13,92.3,CORE
food_beverage,japanese_restaurant,ai_photo_index_full,12,13,92.3,CORE
food_beverage,japanese_restaurant,entity_attributes,12,13,92.3,CORE
food_beverage,japanese_restaurant,entity_google_maps_links,12,13,92.3,CORE
food_beverage,japanese_restaurant,entity_google_reviews,12,13,92.3,CORE
food_beverage,japanese_restaurant,entity_hours,12,13,92.3,CORE
food_beverage,japanese_restaurant,entity_modules,12,13,92.3,CORE
food_beverage,japanese_restaurant,entity_nearby_landmark_types,12,13,92.3,CORE
food_beverage,japanese_restaurant,entity_nearby_landmarks,12,13,92.3,CORE
food_beverage,japanese_restaurant,entity_photos,12,13,92.3,CORE
food_beverage,japanese_restaurant,entity_reviews,12,13,92.3,CORE
food_beverage,japanese_restaurant,entity_tags,12,13,92.3,CORE
food_beverage,japanese_restaurant,entity_address_areas,11,13,84.6,CORE
food_beverage,japanese_restaurant,entity_secondary_hours,5,13,38.5,COMMON
food_beverage,japanese_restaurant,tourist_seen,3,13,23.1,COMMON
food_beverage,japanese_restaurant,tourist_swipe_events,3,13,23.1,COMMON
food_beverage,japanese_restaurant,catalog_items,2,13,15.4,COMMON
food_beverage,japanese_restaurant,catalog_section_days,2,13,15.4,COMMON
food_beverage,japanese_restaurant,catalog_sections,2,13,15.4,COMMON
food_beverage,japanese_restaurant,entity_items_norm_v,2,13,15.4,COMMON
food_beverage,japanese_restaurant,entity_items_v,2,13,15.4,COMMON
food_beverage,japanese_restaurant,entity_offer,2,13,15.4,COMMON
food_beverage,japanese_restaurant,entity_offer_section,2,13,15.4,COMMON
food_beverage,japanese_restaurant,menu_items,2,13,15.4,COMMON
food_beverage,japanese_restaurant,menu_section_days,2,13,15.4,COMMON
food_beverage,japanese_restaurant,menu_section_details,2,13,15.4,COMMON
food_beverage,japanese_restaurant,menu_sections,2,13,15.4,COMMON
food_beverage,japanese_restaurant,legacy_photo_migration_queue,1,13,7.7,PARTIAL
food_beverage,japanese_restaurant,menu_item_details,1,13,7.7,PARTIAL
food_beverage,japanese_restaurant,recovery_import_log,1,13,7.7,PARTIAL
vacation_rental,vacation-home,entity,13,13,100.0,CORE
vacation_rental,vacation-home,entity_completeness_v,13,13,100.0,CORE
vacation_rental,vacation-home,entity_conflicts,13,13,100.0,CORE
vacation_rental,vacation-home,industry_vacation_rental,13,13,100.0,CORE
vacation_rental,vacation-home,search_index,13,13,100.0,CORE
vacation_rental,vacation-home,v_industry_facts_slugs,13,13,100.0,CORE
condo,apartment_complex,ai_data_completeness_audit_full,12,12,100.0,CORE
condo,apartment_complex,ai_entity_intent_tags_full,12,12,100.0,CORE
condo,apartment_complex,ai_entity_profiles_full,12,12,100.0,CORE
condo,apartment_complex,bookable_resources,12,12,100.0,CORE
condo,apartment_complex,bookable_resources_json_backup,12,12,100.0,CORE
condo,apartment_complex,entity,12,12,100.0,CORE
condo,apartment_complex,entity_completeness_v,12,12,100.0,CORE
condo,apartment_complex,entity_items_norm_v,12,12,100.0,CORE
condo,apartment_complex,entity_items_v,12,12,100.0,CORE
condo,apartment_complex,entity_modules,12,12,100.0,CORE
condo,apartment_complex,entity_offer,12,12,100.0,CORE
condo,apartment_complex,entity_tags,12,12,100.0,CORE
condo,apartment_complex,entity_theme,12,12,100.0,CORE
condo,apartment_complex,industry_condo,12,12,100.0,CORE
condo,apartment_complex,search_index,12,12,100.0,CORE
condo,apartment_complex,v_industry_facts_slugs,12,12,100.0,CORE
condo,apartment_complex,entity_google_maps_links,11,12,91.7,CORE
condo,apartment_complex,entity_nearby_landmark_types,11,12,91.7,CORE
condo,apartment_complex,entity_nearby_landmarks,11,12,91.7,CORE
condo,apartment_complex,entity_section_items,11,12,91.7,CORE
condo,apartment_complex,entity_section_items_metadata_backup,11,12,91.7,CORE
condo,apartment_complex,entity_sections,11,12,91.7,CORE
condo,apartment_complex,rental_units,11,12,91.7,CORE
condo,apartment_complex,ai_photo_index_full,9,12,75.0,CORE
condo,apartment_complex,entity_hours,9,12,75.0,CORE
condo,apartment_complex,entity_photos,9,12,75.0,CORE
condo,apartment_complex,entity_address_areas,9,12,75.0,CORE
condo,apartment_complex,entity_attributes,9,12,75.0,CORE
condo,apartment_complex,entity_google_reviews,9,12,75.0,CORE
condo,apartment_complex,entity_reviews,9,12,75.0,CORE
condo,apartment_complex,entity_sources,3,12,25.0,COMMON
condo,apartment_complex,entity_events,1,12,8.3,PARTIAL
condo,apartment_complex,industry_vacation_rental,1,12,8.3,PARTIAL
condo,apartment_complex,entity_seo,1,12,8.3,PARTIAL
condo,apartment_complex,legacy_photo_migration_queue,1,12,8.3,PARTIAL
rental,kayak_rental,ai_data_completeness_audit_full,12,12,100.0,CORE
rental,kayak_rental,ai_entity_intent_tags_full,12,12,100.0,CORE
rental,kayak_rental,ai_entity_profiles_full,12,12,100.0,CORE
rental,kayak_rental,entity,12,12,100.0,CORE
rental,kayak_rental,entity_completeness_v,12,12,100.0,CORE
rental,kayak_rental,entity_items_norm_v,12,12,100.0,CORE
rental,kayak_rental,entity_items_v,12,12,100.0,CORE
rental,kayak_rental,entity_modules,12,12,100.0,CORE
rental,kayak_rental,entity_offer,12,12,100.0,CORE
rental,kayak_rental,entity_tags,12,12,100.0,CORE
rental,kayak_rental,entity_theme,12,12,100.0,CORE
rental,kayak_rental,industry_rental,12,12,100.0,CORE
rental,kayak_rental,search_index,12,12,100.0,CORE
rental,kayak_rental,v_industry_facts_slugs,12,12,100.0,CORE
rental,kayak_rental,ai_photo_index_full,11,12,91.7,CORE
rental,kayak_rental,entity_photos,11,12,91.7,CORE
rental,kayak_rental,bookable_resources,9,12,75.0,CORE
rental,kayak_rental,bookable_resources_json_backup,9,12,75.0,CORE
rental,kayak_rental,entity_google_maps_links,9,12,75.0,CORE
rental,kayak_rental,entity_nearby_landmark_types,9,12,75.0,CORE
rental,kayak_rental,entity_nearby_landmarks,9,12,75.0,CORE
rental,kayak_rental,entity_attributes,7,12,58.3,COMMON
rental,kayak_rental,entity_google_reviews,7,12,58.3,COMMON
rental,kayak_rental,entity_reviews,7,12,58.3,COMMON
rental,kayak_rental,entity_hours,6,12,50.0,COMMON
rental,kayak_rental,entity_sources,5,12,41.7,COMMON
rental,kayak_rental,legacy_photo_migration_queue,4,12,33.3,COMMON
rental,kayak_rental,requirements,4,12,33.3,COMMON
rental,kayak_rental,entity_highlights,4,12,33.3,COMMON
rental,kayak_rental,offerings,4,12,33.3,COMMON
rental,kayak_rental,pricing_items,3,12,25.0,COMMON
rental,kayak_rental,entity_address_areas,3,12,25.0,COMMON
rental,kayak_rental,offering_prices,3,12,25.0,COMMON
rental,kayak_rental,entity_offer_section,3,12,25.0,COMMON
rental,kayak_rental,meeting_points,3,12,25.0,COMMON
rental,kayak_rental,entity_section_items,2,12,16.7,COMMON
rental,kayak_rental,entity_sections,2,12,16.7,COMMON
rental,kayak_rental,entity_seo_keywords,2,12,16.7,COMMON
rental,kayak_rental,faqs,2,12,16.7,COMMON
rental,kayak_rental,entity_faqs,1,12,8.3,PARTIAL
rental,kayak_rental,entity_known_for,1,12,8.3,PARTIAL
rental,kayak_rental,entity_offer_deposit,1,12,8.3,PARTIAL
rental,kayak_rental,entity_refund_policy,1,12,8.3,PARTIAL
rental,kayak_rental,entity_section_item_features,1,12,8.3,PARTIAL
rental,kayak_rental,entity_section_items_metadata_backup,1,12,8.3,PARTIAL
rental,kayak_rental,whats_included,1,12,8.3,PARTIAL
rental,kayak_rental,tourist_saves,1,12,8.3,PARTIAL
rental,kayak_rental,tourist_seen,1,12,8.3,PARTIAL
rental,kayak_rental,tourist_swipe_events,1,12,8.3,PARTIAL
retail,pet_store,ai_data_completeness_audit_full,12,12,100.0,CORE
retail,pet_store,ai_entity_intent_tags_full,12,12,100.0,CORE
retail,pet_store,ai_entity_profiles_full,12,12,100.0,CORE
retail,pet_store,entity,12,12,100.0,CORE
retail,pet_store,entity_attributes,12,12,100.0,CORE
retail,pet_store,entity_tags,12,12,100.0,CORE
retail,pet_store,entity_theme,12,12,100.0,CORE
retail,pet_store,industry_retail,12,12,100.0,CORE
retail,pet_store,search_index,12,12,100.0,CORE
retail,pet_store,v_industry_facts_slugs,12,12,100.0,CORE
retail,pet_store,ai_photo_index_full,11,12,91.7,CORE
retail,pet_store,entity_completeness_v,11,12,91.7,CORE
retail,pet_store,entity_google_maps_links,11,12,91.7,CORE
retail,pet_store,entity_google_reviews,11,12,91.7,CORE
retail,pet_store,entity_hours,11,12,91.7,CORE
retail,pet_store,entity_modules,11,12,91.7,CORE
retail,pet_store,entity_nearby_landmarks,11,12,91.7,CORE
retail,pet_store,entity_photos,11,12,91.7,CORE
retail,pet_store,entity_reviews,11,12,91.7,CORE
retail,pet_store,entity_nearby_landmark_types,10,12,83.3,CORE
retail,pet_store,entity_address_areas,8,12,66.7,CORE
retail,market,ai_data_completeness_audit_full,12,12,100.0,CORE
retail,market,ai_entity_intent_tags_full,12,12,100.0,CORE
retail,market,ai_entity_profiles_full,12,12,100.0,CORE
retail,market,entity,12,12,100.0,CORE
retail,market,entity_attributes,12,12,100.0,CORE
retail,market,entity_completeness_v,12,12,100.0,CORE
retail,market,entity_modules,12,12,100.0,CORE
retail,market,entity_photos,12,12,100.0,CORE
retail,market,entity_tags,12,12,100.0,CORE
retail,market,entity_theme,12,12,100.0,CORE
retail,market,industry_retail,12,12,100.0,CORE
retail,market,search_index,12,12,100.0,CORE
retail,market,v_industry_facts_slugs,12,12,100.0,CORE
retail,market,ai_photo_index_full,11,12,91.7,CORE
retail,market,entity_google_maps_links,11,12,91.7,CORE
retail,market,entity_google_reviews,11,12,91.7,CORE
retail,market,entity_hours,11,12,91.7,CORE
retail,market,entity_reviews,11,12,91.7,CORE
retail,market,entity_nearby_landmark_types,9,12,75.0,CORE
retail,market,entity_nearby_landmarks,9,12,75.0,CORE
retail,market,entity_address_areas,3,12,25.0,COMMON
retail,market,entity_sources,3,12,25.0,COMMON
retail,market,entity_seo,2,12,16.7,COMMON
retail,market,legacy_photo_migration_queue,2,12,16.7,COMMON
retail,market,entity_faqs,1,12,8.3,PARTIAL
retail,market,entity_highlights,1,12,8.3,PARTIAL
retail,market,entity_known_for,1,12,8.3,PARTIAL
retail,market,faqs,1,12,8.3,PARTIAL
retail,market,recovery_import_log,1,12,8.3,PARTIAL
health_medical,pharmacy,entity,12,12,100.0,CORE
health_medical,pharmacy,entity_completeness_v,12,12,100.0,CORE
health_medical,pharmacy,entity_theme,12,12,100.0,CORE
health_medical,pharmacy,industry_health_medical,12,12,100.0,CORE
health_medical,pharmacy,search_index,12,12,100.0,CORE
health_medical,pharmacy,v_industry_facts_slugs,12,12,100.0,CORE
health_medical,pharmacy,ai_data_completeness_audit_full,8,12,66.7,CORE
health_medical,pharmacy,ai_entity_intent_tags_full,8,12,66.7,CORE
health_medical,pharmacy,ai_entity_profiles_full,8,12,66.7,CORE
health_medical,pharmacy,entity_modules,8,12,66.7,CORE
health_medical,pharmacy,entity_tags,8,12,66.7,CORE
health_medical,pharmacy,entity_attributes,6,12,50.0,COMMON
health_medical,pharmacy,entity_google_maps_links,5,12,41.7,COMMON
health_medical,pharmacy,entity_hours,5,12,41.7,COMMON
health_medical,pharmacy,ai_photo_index_full,4,12,33.3,COMMON
health_medical,pharmacy,entity_nearby_landmark_types,4,12,33.3,COMMON
health_medical,pharmacy,entity_nearby_landmarks,4,12,33.3,COMMON
health_medical,pharmacy,recovery_import_log,4,12,33.3,COMMON
health_medical,pharmacy,entity_photos,2,12,16.7,COMMON
health_medical,pharmacy,entity_google_reviews,1,12,8.3,PARTIAL
health_medical,pharmacy,entity_reviews,1,12,8.3,PARTIAL
health_medical,pharmacy,bookable_resources,1,12,8.3,PARTIAL
health_medical,pharmacy,bookable_resources_json_backup,1,12,8.3,PARTIAL
health_medical,pharmacy,entity_items_norm_v,1,12,8.3,PARTIAL
health_medical,pharmacy,entity_items_v,1,12,8.3,PARTIAL
health_medical,pharmacy,entity_offer,1,12,8.3,PARTIAL
health_medical,pharmacy,health_medical_services,1,12,8.3,PARTIAL
health_medical,pharmacy,service_menu,1,12,8.3,PARTIAL
condo,condo_unit,entity,12,12,100.0,CORE
condo,condo_unit,entity_completeness_v,12,12,100.0,CORE
condo,condo_unit,industry_condo,12,12,100.0,CORE
condo,condo_unit,v_industry_facts_slugs,12,12,100.0,CORE
condo,condo_unit,entity_external_listing,5,12,41.7,COMMON
condo,condo_unit,amenities,1,12,8.3,PARTIAL
condo,condo_unit,entity_attributes,1,12,8.3,PARTIAL
watersport,jet_ski,ai_data_completeness_audit_full,11,11,100.0,CORE
watersport,jet_ski,ai_entity_intent_tags_full,11,11,100.0,CORE
watersport,jet_ski,ai_entity_profiles_full,11,11,100.0,CORE
watersport,jet_ski,ai_photo_index_full,11,11,100.0,CORE
watersport,jet_ski,entity,11,11,100.0,CORE
watersport,jet_ski,entity_completeness_v,11,11,100.0,CORE
watersport,jet_ski,entity_items_norm_v,11,11,100.0,CORE
watersport,jet_ski,entity_items_v,11,11,100.0,CORE
watersport,jet_ski,entity_modules,11,11,100.0,CORE
watersport,jet_ski,entity_offer,11,11,100.0,CORE
watersport,jet_ski,entity_photos,11,11,100.0,CORE
watersport,jet_ski,entity_sources,11,11,100.0,CORE
watersport,jet_ski,entity_tags,11,11,100.0,CORE
watersport,jet_ski,entity_theme,11,11,100.0,CORE
watersport,jet_ski,industry_watersport,11,11,100.0,CORE
watersport,jet_ski,search_index,11,11,100.0,CORE
watersport,jet_ski,v_industry_facts_slugs,11,11,100.0,CORE
watersport,jet_ski,activity_options,10,11,90.9,CORE
watersport,jet_ski,offerings,10,11,90.9,CORE
watersport,jet_ski,requirements,10,11,90.9,CORE
watersport,jet_ski,meeting_points,9,11,81.8,CORE
watersport,jet_ski,entity_highlights,9,11,81.8,CORE
watersport,jet_ski,faqs,9,11,81.8,CORE
watersport,jet_ski,offering_prices,8,11,72.7,CORE
watersport,jet_ski,pricing_items,8,11,72.7,CORE
watersport,jet_ski,entity_offer_section,8,11,72.7,CORE
watersport,jet_ski,bookable_resources,3,11,27.3,COMMON
watersport,jet_ski,bookable_resources_json_backup,3,11,27.3,COMMON
watersport,jet_ski,entity_attributes,3,11,27.3,COMMON
watersport,jet_ski,entity_google_maps_links,3,11,27.3,COMMON
watersport,jet_ski,entity_google_reviews,3,11,27.3,COMMON
watersport,jet_ski,entity_hours,3,11,27.3,COMMON
watersport,jet_ski,entity_nearby_landmark_types,3,11,27.3,COMMON
watersport,jet_ski,entity_nearby_landmarks,3,11,27.3,COMMON
watersport,jet_ski,entity_reviews,3,11,27.3,COMMON
watersport,jet_ski,legacy_photo_migration_queue,3,11,27.3,COMMON
watersport,jet_ski,entity_address_areas,2,11,18.2,COMMON
watersport,jet_ski,entity_sections,2,11,18.2,COMMON
watersport,jet_ski,entity_seo_keywords,2,11,18.2,COMMON
watersport,jet_ski,whats_included,2,11,18.2,COMMON
watersport,jet_ski,entity_conflicts,1,11,9.1,PARTIAL
watersport,jet_ski,whats_excluded,1,11,9.1,PARTIAL
watersport,jet_ski,ai_unified_search_items_full,1,11,9.1,PARTIAL
watersport,jet_ski,entity_faqs,1,11,9.1,PARTIAL
watersport,jet_ski,entity_known_for,1,11,9.1,PARTIAL
watersport,jet_ski,entity_seo,1,11,9.1,PARTIAL
watersport,jet_ski,entity_specials,1,11,9.1,PARTIAL
hotel,bed_and_breakfast,ai_data_completeness_audit_full,11,11,100.0,CORE
hotel,bed_and_breakfast,ai_entity_intent_tags_full,11,11,100.0,CORE
hotel,bed_and_breakfast,ai_entity_profiles_full,11,11,100.0,CORE
hotel,bed_and_breakfast,entity,11,11,100.0,CORE
hotel,bed_and_breakfast,entity_completeness_v,11,11,100.0,CORE
hotel,bed_and_breakfast,entity_modules,11,11,100.0,CORE
hotel,bed_and_breakfast,entity_tags,11,11,100.0,CORE
hotel,bed_and_breakfast,entity_theme,11,11,100.0,CORE
hotel,bed_and_breakfast,industry_hotel,11,11,100.0,CORE
hotel,bed_and_breakfast,search_index,11,11,100.0,CORE
hotel,bed_and_breakfast,v_industry_facts_slugs,11,11,100.0,CORE
hotel,bed_and_breakfast,entity_google_maps_links,10,11,90.9,CORE
hotel,bed_and_breakfast,entity_nearby_landmark_types,10,11,90.9,CORE
hotel,bed_and_breakfast,entity_nearby_landmarks,10,11,90.9,CORE
hotel,bed_and_breakfast,ai_photo_index_full,8,11,72.7,CORE
hotel,bed_and_breakfast,entity_photos,8,11,72.7,CORE
hotel,bed_and_breakfast,entity_attributes,8,11,72.7,CORE
hotel,bed_and_breakfast,entity_google_reviews,7,11,63.6,CORE
hotel,bed_and_breakfast,entity_reviews,7,11,63.6,CORE
hotel,bed_and_breakfast,entity_address_areas,4,11,36.4,COMMON
hotel,bed_and_breakfast,entity_hours,3,11,27.3,COMMON
hotel,bed_and_breakfast,legacy_photo_migration_queue,3,11,27.3,COMMON
hotel,bed_and_breakfast,bookable_resources,1,11,9.1,PARTIAL
hotel,bed_and_breakfast,bookable_resources_json_backup,1,11,9.1,PARTIAL
hotel,bed_and_breakfast,entity_good_for,1,11,9.1,PARTIAL
hotel,bed_and_breakfast,entity_highlights,1,11,9.1,PARTIAL
hotel,bed_and_breakfast,entity_items_norm_v,1,11,9.1,PARTIAL
hotel,bed_and_breakfast,entity_items_v,1,11,9.1,PARTIAL
hotel,bed_and_breakfast,entity_offer,1,11,9.1,PARTIAL
hotel,bed_and_breakfast,entity_sources,1,11,9.1,PARTIAL
hotel,bed_and_breakfast,entity_secondary_hours,1,11,9.1,PARTIAL
outdoor_recreation,campground,entity,11,11,100.0,CORE
outdoor_recreation,campground,entity_completeness_v,11,11,100.0,CORE
outdoor_recreation,campground,industry_outdoor_recreation,11,11,100.0,CORE
outdoor_recreation,campground,search_index,11,11,100.0,CORE
outdoor_recreation,campground,v_industry_facts_slugs,11,11,100.0,CORE
outdoor_recreation,campground,ai_data_completeness_audit_full,10,11,90.9,CORE
outdoor_recreation,campground,ai_entity_intent_tags_full,10,11,90.9,CORE
outdoor_recreation,campground,ai_entity_profiles_full,10,11,90.9,CORE
outdoor_recreation,campground,entity_google_maps_links,10,11,90.9,CORE
outdoor_recreation,campground,entity_modules,10,11,90.9,CORE
outdoor_recreation,campground,entity_photos,10,11,90.9,CORE
outdoor_recreation,campground,entity_tags,10,11,90.9,CORE
outdoor_recreation,campground,entity_theme,10,11,90.9,CORE
outdoor_recreation,campground,ai_photo_index_full,9,11,81.8,CORE
outdoor_recreation,campground,entity_attributes,9,11,81.8,CORE
outdoor_recreation,campground,entity_google_reviews,9,11,81.8,CORE
outdoor_recreation,campground,entity_nearby_landmarks,9,11,81.8,CORE
outdoor_recreation,campground,entity_reviews,9,11,81.8,CORE
outdoor_recreation,campground,entity_address_areas,7,11,63.6,CORE
outdoor_recreation,campground,entity_nearby_landmark_types,7,11,63.6,CORE
outdoor_recreation,campground,entity_hours,6,11,54.5,COMMON
outdoor_recreation,campground,legacy_photo_migration_queue,5,11,45.5,COMMON
outdoor_recreation,campground,entity_sources,1,11,9.1,PARTIAL
outdoor_recreation,campground,recovery_import_log,1,11,9.1,PARTIAL
outdoor_recreation,campground,entity_conflicts,1,11,9.1,PARTIAL
retail,shopping,entity,11,11,100.0,CORE
retail,shopping,entity_completeness_v,11,11,100.0,CORE
retail,shopping,industry_retail,11,11,100.0,CORE
retail,shopping,search_index,11,11,100.0,CORE
retail,shopping,v_industry_facts_slugs,11,11,100.0,CORE
retail,shopping,entity_theme,10,11,90.9,CORE
retail,shopping,ai_data_completeness_audit_full,5,11,45.5,COMMON
retail,shopping,ai_entity_intent_tags_full,5,11,45.5,COMMON
retail,shopping,ai_entity_profiles_full,5,11,45.5,COMMON
retail,shopping,entity_hours,5,11,45.5,COMMON
retail,shopping,entity_tags,5,11,45.5,COMMON
retail,shopping,recovery_import_log,5,11,45.5,COMMON
retail,shopping,entity_attributes,4,11,36.4,COMMON
retail,shopping,entity_modules,3,11,27.3,COMMON
retail,shopping,ai_photo_index_full,2,11,18.2,COMMON
retail,shopping,entity_photos,2,11,18.2,COMMON
retail,shopping,bookable_resources,1,11,9.1,PARTIAL
retail,shopping,bookable_resources_json_backup,1,11,9.1,PARTIAL
retail,shopping,entity_address_areas,1,11,9.1,PARTIAL
retail,shopping,entity_google_maps_links,1,11,9.1,PARTIAL
retail,shopping,entity_google_reviews,1,11,9.1,PARTIAL
retail,shopping,entity_items_norm_v,1,11,9.1,PARTIAL
retail,shopping,entity_items_v,1,11,9.1,PARTIAL
retail,shopping,entity_nearby_landmark_types,1,11,9.1,PARTIAL
retail,shopping,entity_nearby_landmarks,1,11,9.1,PARTIAL
retail,shopping,entity_offer,1,11,9.1,PARTIAL
retail,shopping,entity_reviews,1,11,9.1,PARTIAL
retail,shopping,entity_conflicts,1,11,9.1,PARTIAL
health_medical,health,ai_data_completeness_audit_full,11,11,100.0,CORE
health_medical,health,ai_entity_intent_tags_full,11,11,100.0,CORE
health_medical,health,ai_entity_profiles_full,11,11,100.0,CORE
health_medical,health,ai_photo_index_full,11,11,100.0,CORE
health_medical,health,bookable_resources,11,11,100.0,CORE
health_medical,health,bookable_resources_json_backup,11,11,100.0,CORE
health_medical,health,entity,11,11,100.0,CORE
health_medical,health,entity_completeness_v,11,11,100.0,CORE
health_medical,health,entity_google_maps_links,11,11,100.0,CORE
health_medical,health,entity_items_norm_v,11,11,100.0,CORE
health_medical,health,entity_items_v,11,11,100.0,CORE
health_medical,health,entity_modules,11,11,100.0,CORE
health_medical,health,entity_nearby_landmark_types,11,11,100.0,CORE
health_medical,health,entity_nearby_landmarks,11,11,100.0,CORE
health_medical,health,entity_offer,11,11,100.0,CORE
health_medical,health,entity_photos,11,11,100.0,CORE
health_medical,health,entity_tags,11,11,100.0,CORE
health_medical,health,entity_theme,11,11,100.0,CORE
health_medical,health,industry_health_medical,11,11,100.0,CORE
health_medical,health,search_index,11,11,100.0,CORE
health_medical,health,v_industry_facts_slugs,11,11,100.0,CORE
health_medical,health,entity_attributes,10,11,90.9,CORE
health_medical,health,entity_google_reviews,10,11,90.9,CORE
health_medical,health,entity_hours,10,11,90.9,CORE
health_medical,health,entity_reviews,10,11,90.9,CORE
health_medical,health,health_medical_services,9,11,81.8,CORE
health_medical,health,service_menu,9,11,81.8,CORE
health_medical,health,entity_address_areas,6,11,54.5,COMMON
health_medical,health,entity_sources,5,11,45.5,COMMON
health_medical,health,legacy_photo_migration_queue,1,11,9.1,PARTIAL
health_medical,health,entity_seo,1,11,9.1,PARTIAL
retail,sporting_goods_store,ai_data_completeness_audit_full,11,11,100.0,CORE
retail,sporting_goods_store,ai_entity_intent_tags_full,11,11,100.0,CORE
retail,sporting_goods_store,ai_entity_profiles_full,11,11,100.0,CORE
retail,sporting_goods_store,ai_photo_index_full,11,11,100.0,CORE
retail,sporting_goods_store,entity,11,11,100.0,CORE
retail,sporting_goods_store,entity_attributes,11,11,100.0,CORE
retail,sporting_goods_store,entity_completeness_v,11,11,100.0,CORE
retail,sporting_goods_store,entity_google_maps_links,11,11,100.0,CORE
retail,sporting_goods_store,entity_google_reviews,11,11,100.0,CORE
retail,sporting_goods_store,entity_hours,11,11,100.0,CORE
retail,sporting_goods_store,entity_modules,11,11,100.0,CORE
retail,sporting_goods_store,entity_nearby_landmark_types,11,11,100.0,CORE
retail,sporting_goods_store,entity_nearby_landmarks,11,11,100.0,CORE
retail,sporting_goods_store,entity_photos,11,11,100.0,CORE
retail,sporting_goods_store,entity_reviews,11,11,100.0,CORE
retail,sporting_goods_store,entity_tags,11,11,100.0,CORE
retail,sporting_goods_store,entity_theme,11,11,100.0,CORE
retail,sporting_goods_store,industry_retail,11,11,100.0,CORE
retail,sporting_goods_store,search_index,11,11,100.0,CORE
retail,sporting_goods_store,v_industry_facts_slugs,11,11,100.0,CORE
retail,sporting_goods_store,entity_address_areas,7,11,63.6,CORE
retail,sporting_goods_store,legacy_photo_migration_queue,5,11,45.5,COMMON
retail,sporting_goods_store,entity_sources,2,11,18.2,COMMON
retail,sporting_goods_store,entity_secondary_hours,2,11,18.2,COMMON
retail,sporting_goods_store,entity_items_norm_v,1,11,9.1,PARTIAL
retail,sporting_goods_store,entity_items_v,1,11,9.1,PARTIAL
retail,sporting_goods_store,entity_offer,1,11,9.1,PARTIAL
retail,sporting_goods_store,inventory_items,1,11,9.1,PARTIAL
retail,sporting_goods_store,offerings,1,11,9.1,PARTIAL
retail,sporting_goods_store,products,1,11,9.1,PARTIAL
retail,sporting_goods_store,entity_sections,1,11,9.1,PARTIAL
retail,sporting_goods_store,entity_seo_keywords,1,11,9.1,PARTIAL
outdoor_recreation,state_park,ai_data_completeness_audit_full,11,11,100.0,CORE
outdoor_recreation,state_park,ai_entity_intent_tags_full,11,11,100.0,CORE
outdoor_recreation,state_park,ai_entity_profiles_full,11,11,100.0,CORE
outdoor_recreation,state_park,ai_photo_index_full,11,11,100.0,CORE
outdoor_recreation,state_park,entity,11,11,100.0,CORE
outdoor_recreation,state_park,entity_completeness_v,11,11,100.0,CORE
outdoor_recreation,state_park,entity_modules,11,11,100.0,CORE
outdoor_recreation,state_park,industry_outdoor_recreation,11,11,100.0,CORE
outdoor_recreation,state_park,search_index,11,11,100.0,CORE
outdoor_recreation,state_park,v_industry_facts_slugs,11,11,100.0,CORE
outdoor_recreation,state_park,entity_address_areas,9,11,81.8,CORE
outdoor_recreation,state_park,entity_attributes,9,11,81.8,CORE
outdoor_recreation,state_park,entity_google_maps_links,9,11,81.8,CORE
outdoor_recreation,state_park,entity_google_reviews,9,11,81.8,CORE
outdoor_recreation,state_park,entity_nearby_landmarks,9,11,81.8,CORE
outdoor_recreation,state_park,entity_photos,9,11,81.8,CORE
outdoor_recreation,state_park,entity_reviews,9,11,81.8,CORE
outdoor_recreation,state_park,entity_tags,9,11,81.8,CORE
outdoor_recreation,state_park,entity_theme,9,11,81.8,CORE
outdoor_recreation,state_park,entity_hours,6,11,54.5,COMMON
outdoor_recreation,state_park,entity_nearby_landmark_types,6,11,54.5,COMMON
outdoor_recreation,state_park,legacy_photo_migration_queue,3,11,27.3,COMMON
outdoor_recreation,state_park,entity_conflicts,2,11,18.2,COMMON
trade_home_service,car_repair,ai_data_completeness_audit_full,11,11,100.0,CORE
trade_home_service,car_repair,ai_entity_intent_tags_full,11,11,100.0,CORE
trade_home_service,car_repair,ai_entity_profiles_full,11,11,100.0,CORE
trade_home_service,car_repair,entity,11,11,100.0,CORE
trade_home_service,car_repair,entity_completeness_v,11,11,100.0,CORE
trade_home_service,car_repair,entity_hours,11,11,100.0,CORE
trade_home_service,car_repair,entity_modules,11,11,100.0,CORE
trade_home_service,car_repair,entity_tags,11,11,100.0,CORE
trade_home_service,car_repair,entity_theme,11,11,100.0,CORE
trade_home_service,car_repair,industry_trade_home_service,11,11,100.0,CORE
trade_home_service,car_repair,search_index,11,11,100.0,CORE
trade_home_service,car_repair,v_industry_facts_slugs,11,11,100.0,CORE
trade_home_service,car_repair,ai_photo_index_full,10,11,90.9,CORE
trade_home_service,car_repair,bookable_resources,10,11,90.9,CORE
trade_home_service,car_repair,bookable_resources_json_backup,10,11,90.9,CORE
trade_home_service,car_repair,entity_attributes,10,11,90.9,CORE
trade_home_service,car_repair,entity_google_maps_links,10,11,90.9,CORE
trade_home_service,car_repair,entity_google_reviews,10,11,90.9,CORE
trade_home_service,car_repair,entity_items_norm_v,10,11,90.9,CORE
trade_home_service,car_repair,entity_items_v,10,11,90.9,CORE
trade_home_service,car_repair,entity_offer,10,11,90.9,CORE
trade_home_service,car_repair,entity_photos,10,11,90.9,CORE
trade_home_service,car_repair,entity_reviews,10,11,90.9,CORE
trade_home_service,car_repair,service_menu,9,11,81.8,CORE
trade_home_service,car_repair,trade_home_services,9,11,81.8,CORE
trade_home_service,car_repair,entity_nearby_landmark_types,8,11,72.7,CORE
trade_home_service,car_repair,entity_nearby_landmarks,8,11,72.7,CORE
trade_home_service,car_repair,entity_sources,3,11,27.3,COMMON
trade_home_service,car_repair,entity_seo,1,11,9.1,PARTIAL
trade_home_service,car_repair,entity_address_areas,1,11,9.1,PARTIAL
professional_service,financial_services,ai_data_completeness_audit_full,11,11,100.0,CORE
professional_service,financial_services,ai_entity_intent_tags_full,11,11,100.0,CORE
professional_service,financial_services,ai_entity_profiles_full,11,11,100.0,CORE
professional_service,financial_services,entity,11,11,100.0,CORE
professional_service,financial_services,entity_tags,11,11,100.0,CORE
professional_service,financial_services,entity_theme,11,11,100.0,CORE
professional_service,financial_services,industry_professional_service,11,11,100.0,CORE
professional_service,financial_services,search_index,11,11,100.0,CORE
professional_service,financial_services,v_industry_facts_slugs,11,11,100.0,CORE
professional_service,financial_services,entity_completeness_v,8,11,72.7,CORE
professional_service,financial_services,entity_hours,7,11,63.6,CORE
professional_service,financial_services,ai_photo_index_full,5,11,45.5,COMMON
professional_service,financial_services,bookable_resources,5,11,45.5,COMMON
professional_service,financial_services,bookable_resources_json_backup,5,11,45.5,COMMON
professional_service,financial_services,entity_items_norm_v,5,11,45.5,COMMON
professional_service,financial_services,entity_items_v,5,11,45.5,COMMON
professional_service,financial_services,entity_modules,5,11,45.5,COMMON
professional_service,financial_services,entity_offer,5,11,45.5,COMMON
professional_service,financial_services,entity_photos,5,11,45.5,COMMON
professional_service,financial_services,entity_attributes,4,11,36.4,COMMON
professional_service,financial_services,entity_google_maps_links,4,11,36.4,COMMON
professional_service,financial_services,entity_nearby_landmark_types,4,11,36.4,COMMON
professional_service,financial_services,entity_nearby_landmarks,4,11,36.4,COMMON
professional_service,financial_services,professional_services,4,11,36.4,COMMON
professional_service,financial_services,service_menu,4,11,36.4,COMMON
professional_service,financial_services,entity_address_areas,3,11,27.3,COMMON
professional_service,financial_services,entity_google_reviews,3,11,27.3,COMMON
professional_service,financial_services,entity_reviews,3,11,27.3,COMMON
professional_service,financial_services,entity_good_for,1,11,9.1,PARTIAL
professional_service,financial_services,entity_highlights,1,11,9.1,PARTIAL
condo,apartment_building,ai_data_completeness_audit_full,11,11,100.0,CORE
condo,apartment_building,ai_entity_intent_tags_full,11,11,100.0,CORE
condo,apartment_building,ai_entity_profiles_full,11,11,100.0,CORE
condo,apartment_building,bookable_resources,11,11,100.0,CORE
condo,apartment_building,bookable_resources_json_backup,11,11,100.0,CORE
condo,apartment_building,entity,11,11,100.0,CORE
condo,apartment_building,entity_completeness_v,11,11,100.0,CORE
condo,apartment_building,entity_google_maps_links,11,11,100.0,CORE
condo,apartment_building,entity_items_norm_v,11,11,100.0,CORE
condo,apartment_building,entity_items_v,11,11,100.0,CORE
condo,apartment_building,entity_modules,11,11,100.0,CORE
condo,apartment_building,entity_nearby_landmarks,11,11,100.0,CORE
condo,apartment_building,entity_offer,11,11,100.0,CORE
condo,apartment_building,entity_tags,11,11,100.0,CORE
condo,apartment_building,entity_theme,11,11,100.0,CORE
condo,apartment_building,industry_condo,11,11,100.0,CORE
condo,apartment_building,search_index,11,11,100.0,CORE
condo,apartment_building,v_industry_facts_slugs,11,11,100.0,CORE
condo,apartment_building,entity_attributes,9,11,81.8,CORE
condo,apartment_building,entity_address_areas,8,11,72.7,CORE
condo,apartment_building,entity_nearby_landmark_types,8,11,72.7,CORE
condo,apartment_building,entity_google_reviews,5,11,45.5,COMMON
condo,apartment_building,entity_reviews,5,11,45.5,COMMON
condo,apartment_building,ai_photo_index_full,3,11,27.3,COMMON
condo,apartment_building,entity_photos,3,11,27.3,COMMON
condo,apartment_building,entity_hours,1,11,9.1,PARTIAL
rental,(none),entity,11,11,100.0,CORE
rental,(none),entity_completeness_v,11,11,100.0,CORE
rental,(none),entity_theme,9,11,81.8,CORE
rental,(none),search_index,9,11,81.8,CORE
rental,(none),industry_rental,8,11,72.7,CORE
rental,(none),v_industry_facts_slugs,8,11,72.7,CORE
rental,(none),ai_data_completeness_audit_full,7,11,63.6,CORE
rental,(none),ai_entity_intent_tags_full,7,11,63.6,CORE
rental,(none),ai_entity_profiles_full,7,11,63.6,CORE
rental,(none),entity_modules,7,11,63.6,CORE
rental,(none),ai_photo_index_full,6,11,54.5,COMMON
rental,(none),bookable_resources,6,11,54.5,COMMON
rental,(none),bookable_resources_json_backup,6,11,54.5,COMMON
rental,(none),entity_items_norm_v,6,11,54.5,COMMON
rental,(none),entity_items_v,6,11,54.5,COMMON
rental,(none),entity_offer,6,11,54.5,COMMON
rental,(none),entity_photos,6,11,54.5,COMMON
rental,(none),entity_sources,3,11,27.3,COMMON
rental,(none),entity_tags,2,11,18.2,COMMON
outdoor_recreation,(none),entity,11,11,100.0,CORE
outdoor_recreation,(none),entity_completeness_v,11,11,100.0,CORE
outdoor_recreation,(none),entity_sources,11,11,100.0,CORE
outdoor_recreation,(none),entity_tags,11,11,100.0,CORE
outdoor_recreation,(none),entity_theme,11,11,100.0,CORE
outdoor_recreation,(none),industry_outdoor_recreation,11,11,100.0,CORE
outdoor_recreation,(none),search_index,11,11,100.0,CORE
outdoor_recreation,(none),v_industry_facts_slugs,11,11,100.0,CORE
outdoor_recreation,(none),entity_offer,1,11,9.1,PARTIAL
photography,photographer,entity,11,11,100.0,CORE
photography,photographer,entity_completeness_v,11,11,100.0,CORE
photography,photographer,industry_photography,11,11,100.0,CORE
photography,photographer,search_index,11,11,100.0,CORE
photography,photographer,v_industry_facts_slugs,11,11,100.0,CORE
photography,photographer,entity_theme,10,11,90.9,CORE
photography,photographer,recovery_import_log,9,11,81.8,CORE
photography,photographer,entity_attributes,1,11,9.1,PARTIAL
photography,photographer,entity_conflicts,1,11,9.1,PARTIAL
retail,grocery_store,entity,10,10,100.0,CORE
retail,grocery_store,entity_completeness_v,10,10,100.0,CORE
retail,grocery_store,industry_retail,10,10,100.0,CORE
retail,grocery_store,search_index,10,10,100.0,CORE
retail,grocery_store,v_industry_facts_slugs,10,10,100.0,CORE
retail,grocery_store,ai_data_completeness_audit_full,9,10,90.0,CORE
retail,grocery_store,ai_entity_intent_tags_full,9,10,90.0,CORE
retail,grocery_store,ai_entity_profiles_full,9,10,90.0,CORE
retail,grocery_store,ai_photo_index_full,9,10,90.0,CORE
retail,grocery_store,entity_attributes,9,10,90.0,CORE
retail,grocery_store,entity_hours,9,10,90.0,CORE
retail,grocery_store,entity_modules,9,10,90.0,CORE
retail,grocery_store,entity_tags,9,10,90.0,CORE
retail,grocery_store,entity_theme,9,10,90.0,CORE
retail,grocery_store,entity_photos,7,10,70.0,CORE
retail,grocery_store,entity_google_maps_links,6,10,60.0,CORE
retail,grocery_store,entity_google_reviews,6,10,60.0,CORE
retail,grocery_store,entity_nearby_landmark_types,6,10,60.0,CORE
retail,grocery_store,entity_nearby_landmarks,6,10,60.0,CORE
retail,grocery_store,entity_reviews,6,10,60.0,CORE
retail,grocery_store,entity_sources,3,10,30.0,COMMON
retail,grocery_store,legacy_photo_migration_queue,2,10,20.0,COMMON
retail,grocery_store,entity_address_areas,2,10,20.0,COMMON
retail,grocery_store,entity_sections,1,10,10.0,PARTIAL
retail,grocery_store,entity_seo,1,10,10.0,PARTIAL
retail,grocery_store,entity_seo_keywords,1,10,10.0,PARTIAL
retail,grocery_store,recovery_import_log,1,10,10.0,PARTIAL
retail,grocery_store,entity_conflicts,1,10,10.0,PARTIAL
fitness_sports,fitness_center,ai_data_completeness_audit_full,10,10,100.0,CORE
fitness_sports,fitness_center,ai_entity_intent_tags_full,10,10,100.0,CORE
fitness_sports,fitness_center,ai_entity_profiles_full,10,10,100.0,CORE
fitness_sports,fitness_center,bookable_resources,10,10,100.0,CORE
fitness_sports,fitness_center,bookable_resources_json_backup,10,10,100.0,CORE
fitness_sports,fitness_center,entity,10,10,100.0,CORE
fitness_sports,fitness_center,entity_attributes,10,10,100.0,CORE
fitness_sports,fitness_center,entity_google_maps_links,10,10,100.0,CORE
fitness_sports,fitness_center,entity_items_norm_v,10,10,100.0,CORE
fitness_sports,fitness_center,entity_items_v,10,10,100.0,CORE
fitness_sports,fitness_center,entity_modules,10,10,100.0,CORE
fitness_sports,fitness_center,entity_nearby_landmark_types,10,10,100.0,CORE
fitness_sports,fitness_center,entity_nearby_landmarks,10,10,100.0,CORE
fitness_sports,fitness_center,entity_offer,10,10,100.0,CORE
fitness_sports,fitness_center,entity_tags,10,10,100.0,CORE
fitness_sports,fitness_center,entity_theme,10,10,100.0,CORE
fitness_sports,fitness_center,industry_fitness_sports,10,10,100.0,CORE
fitness_sports,fitness_center,search_index,10,10,100.0,CORE
fitness_sports,fitness_center,v_industry_facts_slugs,10,10,100.0,CORE
fitness_sports,fitness_center,entity_completeness_v,9,10,90.0,CORE
fitness_sports,fitness_center,entity_google_reviews,8,10,80.0,CORE
fitness_sports,fitness_center,entity_reviews,8,10,80.0,CORE
fitness_sports,fitness_center,ai_photo_index_full,7,10,70.0,CORE
fitness_sports,fitness_center,entity_hours,7,10,70.0,CORE
fitness_sports,fitness_center,entity_photos,7,10,70.0,CORE
fitness_sports,fitness_center,entity_address_areas,5,10,50.0,COMMON
fitness_sports,fitness_center,entity_seo,3,10,30.0,COMMON
fitness_sports,fitness_center,entity_sources,2,10,20.0,COMMON
outdoor_recreation,gulf_state_park_facility,entity,10,10,100.0,CORE
outdoor_recreation,gulf_state_park_facility,entity_completeness_v,10,10,100.0,CORE
outdoor_recreation,gulf_state_park_facility,entity_tags,10,10,100.0,CORE
outdoor_recreation,gulf_state_park_facility,entity_theme,10,10,100.0,CORE
outdoor_recreation,gulf_state_park_facility,search_index,10,10,100.0,CORE
outdoor_recreation,gulf_state_park_facility,v_industry_facts_slugs,10,10,100.0,CORE
outdoor_recreation,gulf_state_park_facility,entity_sources,9,10,90.0,CORE
outdoor_recreation,gulf_state_park_facility,industry_outdoor_recreation,9,10,90.0,CORE
outdoor_recreation,gulf_state_park_facility,entity_events,3,10,30.0,COMMON
outdoor_recreation,gulf_state_park_facility,entity_offer,3,10,30.0,COMMON
outdoor_recreation,gulf_state_park_facility,ai_data_completeness_audit_full,2,10,20.0,COMMON
outdoor_recreation,gulf_state_park_facility,ai_entity_intent_tags_full,2,10,20.0,COMMON
outdoor_recreation,gulf_state_park_facility,ai_entity_profiles_full,2,10,20.0,COMMON
outdoor_recreation,gulf_state_park_facility,ai_photo_index_full,2,10,20.0,COMMON
outdoor_recreation,gulf_state_park_facility,entity_address_areas,2,10,20.0,COMMON
outdoor_recreation,gulf_state_park_facility,entity_attributes,2,10,20.0,COMMON
outdoor_recreation,gulf_state_park_facility,entity_google_maps_links,2,10,20.0,COMMON
outdoor_recreation,gulf_state_park_facility,entity_google_reviews,2,10,20.0,COMMON
outdoor_recreation,gulf_state_park_facility,entity_items_norm_v,2,10,20.0,COMMON
outdoor_recreation,gulf_state_park_facility,entity_items_v,2,10,20.0,COMMON
outdoor_recreation,gulf_state_park_facility,entity_modules,2,10,20.0,COMMON
outdoor_recreation,gulf_state_park_facility,entity_nearby_landmark_types,2,10,20.0,COMMON
outdoor_recreation,gulf_state_park_facility,entity_nearby_landmarks,2,10,20.0,COMMON
outdoor_recreation,gulf_state_park_facility,entity_photos,2,10,20.0,COMMON
outdoor_recreation,gulf_state_park_facility,entity_reviews,2,10,20.0,COMMON
outdoor_recreation,gulf_state_park_facility,offering_prices,2,10,20.0,COMMON
outdoor_recreation,gulf_state_park_facility,offerings,2,10,20.0,COMMON
outdoor_recreation,gulf_state_park_facility,entity_hours,1,10,10.0,PARTIAL
outdoor_recreation,gulf_state_park_facility,entity_seo,1,10,10.0,PARTIAL
outdoor_recreation,gulf_state_park_facility,legacy_photo_migration_queue,1,10,10.0,PARTIAL
outdoor_recreation,gulf_state_park_facility,entity_sections,1,10,10.0,PARTIAL
outdoor_recreation,gulf_state_park_facility,entity_conflicts,1,10,10.0,PARTIAL
outdoor_recreation,gulf_state_park_facility,industry_retail,1,10,10.0,PARTIAL
civic,association_or_organization,ai_data_completeness_audit_full,10,10,100.0,CORE
civic,association_or_organization,ai_entity_intent_tags_full,10,10,100.0,CORE
civic,association_or_organization,ai_entity_profiles_full,10,10,100.0,CORE
civic,association_or_organization,ai_photo_index_full,10,10,100.0,CORE
civic,association_or_organization,entity,10,10,100.0,CORE
civic,association_or_organization,entity_attributes,10,10,100.0,CORE
civic,association_or_organization,entity_completeness_v,10,10,100.0,CORE
civic,association_or_organization,entity_modules,10,10,100.0,CORE
civic,association_or_organization,entity_photos,10,10,100.0,CORE
civic,association_or_organization,entity_tags,10,10,100.0,CORE
civic,association_or_organization,entity_theme,10,10,100.0,CORE
civic,association_or_organization,industry_civic,10,10,100.0,CORE
civic,association_or_organization,search_index,10,10,100.0,CORE
civic,association_or_organization,v_industry_facts_slugs,10,10,100.0,CORE
civic,association_or_organization,bookable_resources,9,10,90.0,CORE
civic,association_or_organization,bookable_resources_json_backup,9,10,90.0,CORE
civic,association_or_organization,entity_google_maps_links,9,10,90.0,CORE
civic,association_or_organization,entity_google_reviews,9,10,90.0,CORE
civic,association_or_organization,entity_items_norm_v,9,10,90.0,CORE
civic,association_or_organization,entity_items_v,9,10,90.0,CORE
civic,association_or_organization,entity_nearby_landmark_types,9,10,90.0,CORE
civic,association_or_organization,entity_nearby_landmarks,9,10,90.0,CORE
civic,association_or_organization,entity_offer,9,10,90.0,CORE
civic,association_or_organization,entity_reviews,9,10,90.0,CORE
civic,association_or_organization,entity_hours,8,10,80.0,CORE
civic,association_or_organization,entity_address_areas,5,10,50.0,COMMON
civic,association_or_organization,ai_event_planner_index_full,5,10,50.0,COMMON
civic,association_or_organization,ai_unified_search_items_full,5,10,50.0,COMMON
civic,association_or_organization,entity_events,5,10,50.0,COMMON
civic,association_or_organization,entity_secondary_hours,1,10,10.0,PARTIAL
civic,association_or_organization,legacy_photo_migration_queue,1,10,10.0,PARTIAL
outdoor_recreation,beach_access,entity,10,10,100.0,CORE
outdoor_recreation,beach_access,entity_completeness_v,10,10,100.0,CORE
outdoor_recreation,beach_access,entity_tags,10,10,100.0,CORE
outdoor_recreation,beach_access,entity_theme,10,10,100.0,CORE
outdoor_recreation,beach_access,industry_outdoor_recreation,10,10,100.0,CORE
outdoor_recreation,beach_access,search_index,10,10,100.0,CORE
outdoor_recreation,beach_access,v_industry_facts_slugs,10,10,100.0,CORE
outdoor_recreation,beach_access,entity_sources,8,10,80.0,CORE
outdoor_recreation,beach_access,ai_data_completeness_audit_full,3,10,30.0,COMMON
outdoor_recreation,beach_access,ai_entity_intent_tags_full,3,10,30.0,COMMON
outdoor_recreation,beach_access,ai_entity_profiles_full,3,10,30.0,COMMON
outdoor_recreation,beach_access,ai_photo_index_full,3,10,30.0,COMMON
outdoor_recreation,beach_access,entity_attributes,3,10,30.0,COMMON
outdoor_recreation,beach_access,entity_google_maps_links,3,10,30.0,COMMON
outdoor_recreation,beach_access,entity_google_reviews,3,10,30.0,COMMON
outdoor_recreation,beach_access,entity_modules,3,10,30.0,COMMON
outdoor_recreation,beach_access,entity_photos,3,10,30.0,COMMON
outdoor_recreation,beach_access,entity_reviews,3,10,30.0,COMMON
outdoor_recreation,beach_access,legacy_photo_migration_queue,3,10,30.0,COMMON
outdoor_recreation,beach_access,entity_hours,2,10,20.0,COMMON
outdoor_recreation,beach_access,recovery_import_log,2,10,20.0,COMMON
outdoor_recreation,beach_access,entity_nearby_landmark_types,2,10,20.0,COMMON
outdoor_recreation,beach_access,entity_nearby_landmarks,2,10,20.0,COMMON
outdoor_recreation,beach_access,entity_offer,2,10,20.0,COMMON
outdoor_recreation,beach_access,bookable_resources,1,10,10.0,PARTIAL
outdoor_recreation,beach_access,bookable_resources_json_backup,1,10,10.0,PARTIAL
outdoor_recreation,beach_access,entity_events,1,10,10.0,PARTIAL
outdoor_recreation,beach_access,entity_items_norm_v,1,10,10.0,PARTIAL
outdoor_recreation,beach_access,entity_items_v,1,10,10.0,PARTIAL
outdoor_recreation,beach_access,entity_seo,1,10,10.0,PARTIAL
outdoor_recreation,beach_access,entity_sections,1,10,10.0,PARTIAL
outdoor_recreation,beach_access,entity_seo_keywords,1,10,10.0,PARTIAL
performing_arts,performing_arts_theater,ai_data_completeness_audit_full,10,10,100.0,CORE
performing_arts,performing_arts_theater,ai_entity_intent_tags_full,10,10,100.0,CORE
performing_arts,performing_arts_theater,ai_entity_profiles_full,10,10,100.0,CORE
performing_arts,performing_arts_theater,entity,10,10,100.0,CORE
performing_arts,performing_arts_theater,entity_attributes,10,10,100.0,CORE
performing_arts,performing_arts_theater,entity_completeness_v,10,10,100.0,CORE
performing_arts,performing_arts_theater,entity_google_maps_links,10,10,100.0,CORE
performing_arts,performing_arts_theater,entity_modules,10,10,100.0,CORE
performing_arts,performing_arts_theater,entity_tags,10,10,100.0,CORE
performing_arts,performing_arts_theater,entity_theme,10,10,100.0,CORE
performing_arts,performing_arts_theater,industry_performing_arts,10,10,100.0,CORE
performing_arts,performing_arts_theater,search_index,10,10,100.0,CORE
performing_arts,performing_arts_theater,v_industry_facts_slugs,10,10,100.0,CORE
performing_arts,performing_arts_theater,ai_photo_index_full,9,10,90.0,CORE
performing_arts,performing_arts_theater,entity_google_reviews,9,10,90.0,CORE
performing_arts,performing_arts_theater,entity_nearby_landmark_types,9,10,90.0,CORE
performing_arts,performing_arts_theater,entity_nearby_landmarks,9,10,90.0,CORE
performing_arts,performing_arts_theater,entity_photos,9,10,90.0,CORE
performing_arts,performing_arts_theater,entity_reviews,9,10,90.0,CORE
performing_arts,performing_arts_theater,entity_address_areas,6,10,60.0,CORE
performing_arts,performing_arts_theater,entity_hours,4,10,40.0,COMMON
performing_arts,performing_arts_theater,entity_events,2,10,20.0,COMMON
performing_arts,performing_arts_theater,entity_sources,2,10,20.0,COMMON
performing_arts,performing_arts_theater,ai_event_planner_index_full,1,10,10.0,PARTIAL
performing_arts,performing_arts_theater,ai_unified_search_items_full,1,10,10.0,PARTIAL
performing_arts,performing_arts_theater,legacy_photo_migration_queue,1,10,10.0,PARTIAL
performing_arts,performing_arts_theater,tourist_seen,1,10,10.0,PARTIAL
performing_arts,performing_arts_theater,tourist_swipe_events,1,10,10.0,PARTIAL
performing_arts,performing_arts_theater,entity_sections,1,10,10.0,PARTIAL
performing_arts,performing_arts_theater,entity_seo_keywords,1,10,10.0,PARTIAL
health_medical,medical-practice,entity,10,10,100.0,CORE
health_medical,medical-practice,entity_completeness_v,10,10,100.0,CORE
health_medical,medical-practice,industry_health_medical,10,10,100.0,CORE
health_medical,medical-practice,search_index,10,10,100.0,CORE
health_medical,medical-practice,v_industry_facts_slugs,10,10,100.0,CORE
health_medical,medical-practice,entity_theme,9,10,90.0,CORE
health_medical,medical-practice,recovery_import_log,9,10,90.0,CORE
health_medical,medical-practice,entity_photos,1,10,10.0,PARTIAL
health_medical,medical-practice,entity_conflicts,1,10,10.0,PARTIAL
food_beverage,thai_restaurant,ai_data_completeness_audit_full,9,9,100.0,CORE
food_beverage,thai_restaurant,ai_entity_intent_tags_full,9,9,100.0,CORE
food_beverage,thai_restaurant,ai_entity_profiles_full,9,9,100.0,CORE
food_beverage,thai_restaurant,ai_photo_index_full,9,9,100.0,CORE
food_beverage,thai_restaurant,entity,9,9,100.0,CORE
food_beverage,thai_restaurant,entity_attributes,9,9,100.0,CORE
food_beverage,thai_restaurant,entity_completeness_v,9,9,100.0,CORE
food_beverage,thai_restaurant,entity_google_maps_links,9,9,100.0,CORE
food_beverage,thai_restaurant,entity_google_reviews,9,9,100.0,CORE
food_beverage,thai_restaurant,entity_hours,9,9,100.0,CORE
food_beverage,thai_restaurant,entity_modules,9,9,100.0,CORE
food_beverage,thai_restaurant,entity_nearby_landmark_types,9,9,100.0,CORE
food_beverage,thai_restaurant,entity_nearby_landmarks,9,9,100.0,CORE
food_beverage,thai_restaurant,entity_photos,9,9,100.0,CORE
food_beverage,thai_restaurant,entity_reviews,9,9,100.0,CORE
food_beverage,thai_restaurant,entity_tags,9,9,100.0,CORE
food_beverage,thai_restaurant,entity_theme,9,9,100.0,CORE
food_beverage,thai_restaurant,industry_food_beverage,9,9,100.0,CORE
food_beverage,thai_restaurant,search_index,9,9,100.0,CORE
food_beverage,thai_restaurant,v_industry_facts_slugs,9,9,100.0,CORE
food_beverage,thai_restaurant,entity_address_areas,7,9,77.8,CORE
food_beverage,thai_restaurant,ai_unified_search_items_full,1,9,11.1,PARTIAL
food_beverage,thai_restaurant,catalog_items,1,9,11.1,PARTIAL
food_beverage,thai_restaurant,catalog_section_days,1,9,11.1,PARTIAL
food_beverage,thai_restaurant,catalog_sections,1,9,11.1,PARTIAL
food_beverage,thai_restaurant,entity_items_norm_v,1,9,11.1,PARTIAL
food_beverage,thai_restaurant,entity_items_v,1,9,11.1,PARTIAL
food_beverage,thai_restaurant,entity_offer,1,9,11.1,PARTIAL
food_beverage,thai_restaurant,entity_offer_section,1,9,11.1,PARTIAL
food_beverage,thai_restaurant,legacy_photo_migration_queue,1,9,11.1,PARTIAL
food_beverage,thai_restaurant,menu_items,1,9,11.1,PARTIAL
food_beverage,thai_restaurant,menu_section_days,1,9,11.1,PARTIAL
food_beverage,thai_restaurant,menu_section_details,1,9,11.1,PARTIAL
food_beverage,thai_restaurant,menu_sections,1,9,11.1,PARTIAL
food_beverage,thai_restaurant,entity_secondary_hours,1,9,11.1,PARTIAL
entertainment_venue,amusement_center,ai_data_completeness_audit_full,9,9,100.0,CORE
entertainment_venue,amusement_center,ai_entity_intent_tags_full,9,9,100.0,CORE
entertainment_venue,amusement_center,ai_entity_profiles_full,9,9,100.0,CORE
entertainment_venue,amusement_center,ai_photo_index_full,9,9,100.0,CORE
entertainment_venue,amusement_center,entity,9,9,100.0,CORE
entertainment_venue,amusement_center,entity_attributes,9,9,100.0,CORE
entertainment_venue,amusement_center,entity_completeness_v,9,9,100.0,CORE
entertainment_venue,amusement_center,entity_google_maps_links,9,9,100.0,CORE
entertainment_venue,amusement_center,entity_google_reviews,9,9,100.0,CORE
entertainment_venue,amusement_center,entity_hours,9,9,100.0,CORE
entertainment_venue,amusement_center,entity_modules,9,9,100.0,CORE
entertainment_venue,amusement_center,entity_nearby_landmark_types,9,9,100.0,CORE
entertainment_venue,amusement_center,entity_nearby_landmarks,9,9,100.0,CORE
entertainment_venue,amusement_center,entity_photos,9,9,100.0,CORE
entertainment_venue,amusement_center,entity_reviews,9,9,100.0,CORE
entertainment_venue,amusement_center,entity_tags,9,9,100.0,CORE
entertainment_venue,amusement_center,entity_theme,9,9,100.0,CORE
entertainment_venue,amusement_center,industry_entertainment_venue,9,9,100.0,CORE
entertainment_venue,amusement_center,search_index,9,9,100.0,CORE
entertainment_venue,amusement_center,v_industry_facts_slugs,9,9,100.0,CORE
entertainment_venue,amusement_center,entity_address_areas,7,9,77.8,CORE
entertainment_venue,amusement_center,entity_sources,3,9,33.3,COMMON
entertainment_venue,amusement_center,legacy_photo_migration_queue,3,9,33.3,COMMON
entertainment_venue,amusement_center,entity_faqs,1,9,11.1,PARTIAL
entertainment_venue,amusement_center,entity_good_for,1,9,11.1,PARTIAL
entertainment_venue,amusement_center,entity_highlights,1,9,11.1,PARTIAL
entertainment_venue,amusement_center,entity_items_norm_v,1,9,11.1,PARTIAL
entertainment_venue,amusement_center,entity_items_v,1,9,11.1,PARTIAL
entertainment_venue,amusement_center,entity_known_for,1,9,11.1,PARTIAL
entertainment_venue,amusement_center,entity_offer,1,9,11.1,PARTIAL
entertainment_venue,amusement_center,entity_section_items,1,9,11.1,PARTIAL
entertainment_venue,amusement_center,entity_sections,1,9,11.1,PARTIAL
entertainment_venue,amusement_center,entity_seo_keywords,1,9,11.1,PARTIAL
entertainment_venue,amusement_center,faqs,1,9,11.1,PARTIAL
entertainment_venue,amusement_center,offering_prices,1,9,11.1,PARTIAL
entertainment_venue,amusement_center,offerings,1,9,11.1,PARTIAL
entertainment_venue,amusement_center,pricing_items,1,9,11.1,PARTIAL
entertainment_venue,amusement_center,requirements,1,9,11.1,PARTIAL
entertainment_venue,amusement_center,entity_conflicts,1,9,11.1,PARTIAL
entertainment_venue,amusement_center,tourist_seen,1,9,11.1,PARTIAL
entertainment_venue,amusement_center,tourist_swipe_events,1,9,11.1,PARTIAL
fitness_sports,yoga_studio,ai_data_completeness_audit_full,9,9,100.0,CORE
fitness_sports,yoga_studio,ai_entity_intent_tags_full,9,9,100.0,CORE
fitness_sports,yoga_studio,ai_entity_profiles_full,9,9,100.0,CORE
fitness_sports,yoga_studio,ai_photo_index_full,9,9,100.0,CORE
fitness_sports,yoga_studio,bookable_resources,9,9,100.0,CORE
fitness_sports,yoga_studio,bookable_resources_json_backup,9,9,100.0,CORE
fitness_sports,yoga_studio,entity,9,9,100.0,CORE
fitness_sports,yoga_studio,entity_attributes,9,9,100.0,CORE
fitness_sports,yoga_studio,entity_google_maps_links,9,9,100.0,CORE
fitness_sports,yoga_studio,entity_google_reviews,9,9,100.0,CORE
fitness_sports,yoga_studio,entity_items_norm_v,9,9,100.0,CORE
fitness_sports,yoga_studio,entity_items_v,9,9,100.0,CORE
fitness_sports,yoga_studio,entity_modules,9,9,100.0,CORE
fitness_sports,yoga_studio,entity_nearby_landmark_types,9,9,100.0,CORE
fitness_sports,yoga_studio,entity_nearby_landmarks,9,9,100.0,CORE
fitness_sports,yoga_studio,entity_offer,9,9,100.0,CORE
fitness_sports,yoga_studio,entity_photos,9,9,100.0,CORE
fitness_sports,yoga_studio,entity_reviews,9,9,100.0,CORE
fitness_sports,yoga_studio,entity_tags,9,9,100.0,CORE
fitness_sports,yoga_studio,entity_theme,9,9,100.0,CORE
fitness_sports,yoga_studio,industry_fitness_sports,9,9,100.0,CORE
fitness_sports,yoga_studio,search_index,9,9,100.0,CORE
fitness_sports,yoga_studio,v_industry_facts_slugs,9,9,100.0,CORE
fitness_sports,yoga_studio,entity_completeness_v,8,9,88.9,CORE
fitness_sports,yoga_studio,entity_address_areas,6,9,66.7,CORE
fitness_sports,yoga_studio,entity_hours,6,9,66.7,CORE
fitness_sports,yoga_studio,legacy_photo_migration_queue,3,9,33.3,COMMON
fitness_sports,yoga_studio,entity_seo,1,9,11.1,PARTIAL
fitness_sports,yoga_studio,entity_sources,1,9,11.1,PARTIAL
vacation_rental,lodging,bookable_resources,9,9,100.0,CORE
vacation_rental,lodging,bookable_resources_json_backup,9,9,100.0,CORE
vacation_rental,lodging,entity,9,9,100.0,CORE
vacation_rental,lodging,entity_completeness_v,9,9,100.0,CORE
vacation_rental,lodging,entity_items_norm_v,9,9,100.0,CORE
vacation_rental,lodging,entity_items_v,9,9,100.0,CORE
vacation_rental,lodging,entity_offer,9,9,100.0,CORE
vacation_rental,lodging,entity_tags,9,9,100.0,CORE
vacation_rental,lodging,entity_theme,9,9,100.0,CORE
vacation_rental,lodging,industry_hotel,9,9,100.0,CORE
vacation_rental,lodging,industry_vacation_rental,9,9,100.0,CORE
vacation_rental,lodging,search_index,9,9,100.0,CORE
vacation_rental,lodging,v_industry_facts_slugs,9,9,100.0,CORE
vacation_rental,lodging,ai_data_completeness_audit_full,8,9,88.9,CORE
vacation_rental,lodging,ai_entity_intent_tags_full,8,9,88.9,CORE
vacation_rental,lodging,ai_entity_profiles_full,8,9,88.9,CORE
vacation_rental,lodging,entity_google_maps_links,8,9,88.9,CORE
vacation_rental,lodging,entity_modules,8,9,88.9,CORE
vacation_rental,lodging,entity_nearby_landmark_types,8,9,88.9,CORE
vacation_rental,lodging,entity_nearby_landmarks,8,9,88.9,CORE
vacation_rental,lodging,entity_address_areas,3,9,33.3,COMMON
vacation_rental,lodging,entity_photos,2,9,22.2,COMMON
vacation_rental,lodging,recovery_import_log,1,9,11.1,PARTIAL
vacation_rental,lodging,entity_amenities,1,9,11.1,PARTIAL
vacation_rental,lodging,entity_attributes,1,9,11.1,PARTIAL
vacation_rental,lodging,entity_policies,1,9,11.1,PARTIAL
vacation_rental,lodging,rental_units,1,9,11.1,PARTIAL
vacation_rental,lodging,tourist_seen,1,9,11.1,PARTIAL
vacation_rental,lodging,tourist_swipe_events,1,9,11.1,PARTIAL
vacation_rental,lodging,entity_google_reviews,1,9,11.1,PARTIAL
vacation_rental,lodging,entity_reviews,1,9,11.1,PARTIAL
trade_home_service,laundry,ai_data_completeness_audit_full,9,9,100.0,CORE
trade_home_service,laundry,ai_entity_intent_tags_full,9,9,100.0,CORE
trade_home_service,laundry,ai_entity_profiles_full,9,9,100.0,CORE
trade_home_service,laundry,ai_photo_index_full,9,9,100.0,CORE
trade_home_service,laundry,bookable_resources,9,9,100.0,CORE
trade_home_service,laundry,bookable_resources_json_backup,9,9,100.0,CORE
trade_home_service,laundry,entity,9,9,100.0,CORE
trade_home_service,laundry,entity_completeness_v,9,9,100.0,CORE
trade_home_service,laundry,entity_google_maps_links,9,9,100.0,CORE
trade_home_service,laundry,entity_google_reviews,9,9,100.0,CORE
trade_home_service,laundry,entity_items_norm_v,9,9,100.0,CORE
trade_home_service,laundry,entity_items_v,9,9,100.0,CORE
trade_home_service,laundry,entity_modules,9,9,100.0,CORE
trade_home_service,laundry,entity_offer,9,9,100.0,CORE
trade_home_service,laundry,entity_photos,9,9,100.0,CORE
trade_home_service,laundry,entity_reviews,9,9,100.0,CORE
trade_home_service,laundry,entity_tags,9,9,100.0,CORE
trade_home_service,laundry,entity_theme,9,9,100.0,CORE
trade_home_service,laundry,industry_trade_home_service,9,9,100.0,CORE
trade_home_service,laundry,search_index,9,9,100.0,CORE
trade_home_service,laundry,v_industry_facts_slugs,9,9,100.0,CORE
trade_home_service,laundry,entity_hours,8,9,88.9,CORE
trade_home_service,laundry,entity_nearby_landmarks,8,9,88.9,CORE
trade_home_service,laundry,entity_nearby_landmark_types,7,9,77.8,CORE
trade_home_service,laundry,entity_attributes,5,9,55.6,COMMON
trade_home_service,laundry,service_menu,5,9,55.6,COMMON
trade_home_service,laundry,trade_home_services,5,9,55.6,COMMON
trade_home_service,laundry,entity_good_for,2,9,22.2,COMMON
trade_home_service,laundry,entity_highlights,2,9,22.2,COMMON
trade_home_service,laundry,entity_address_areas,2,9,22.2,COMMON
trade_home_service,laundry,entity_secondary_hours,2,9,22.2,COMMON
trade_home_service,laundry,entity_conflicts,1,9,11.1,PARTIAL
trade_home_service,supplier,ai_data_completeness_audit_full,9,9,100.0,CORE
trade_home_service,supplier,ai_entity_intent_tags_full,9,9,100.0,CORE
trade_home_service,supplier,ai_entity_profiles_full,9,9,100.0,CORE
trade_home_service,supplier,ai_photo_index_full,9,9,100.0,CORE
trade_home_service,supplier,bookable_resources,9,9,100.0,CORE
trade_home_service,supplier,bookable_resources_json_backup,9,9,100.0,CORE
trade_home_service,supplier,entity,9,9,100.0,CORE
trade_home_service,supplier,entity_attributes,9,9,100.0,CORE
trade_home_service,supplier,entity_completeness_v,9,9,100.0,CORE
trade_home_service,supplier,entity_google_maps_links,9,9,100.0,CORE
trade_home_service,supplier,entity_google_reviews,9,9,100.0,CORE
trade_home_service,supplier,entity_hours,9,9,100.0,CORE
trade_home_service,supplier,entity_items_norm_v,9,9,100.0,CORE
trade_home_service,supplier,entity_items_v,9,9,100.0,CORE
trade_home_service,supplier,entity_modules,9,9,100.0,CORE
trade_home_service,supplier,entity_nearby_landmark_types,9,9,100.0,CORE
trade_home_service,supplier,entity_nearby_landmarks,9,9,100.0,CORE
trade_home_service,supplier,entity_offer,9,9,100.0,CORE
trade_home_service,supplier,entity_photos,9,9,100.0,CORE
trade_home_service,supplier,entity_reviews,9,9,100.0,CORE
trade_home_service,supplier,entity_tags,9,9,100.0,CORE
trade_home_service,supplier,entity_theme,9,9,100.0,CORE
trade_home_service,supplier,industry_trade_home_service,9,9,100.0,CORE
trade_home_service,supplier,search_index,9,9,100.0,CORE
trade_home_service,supplier,v_industry_facts_slugs,9,9,100.0,CORE
trade_home_service,supplier,service_menu,7,9,77.8,CORE
trade_home_service,supplier,trade_home_services,7,9,77.8,CORE
trade_home_service,supplier,entity_sources,4,9,44.4,COMMON
trade_home_service,supplier,legacy_photo_migration_queue,2,9,22.2,COMMON
trade_home_service,supplier,entity_seo,1,9,11.1,PARTIAL
trade_home_service,supplier,entity_address_areas,1,9,11.1,PARTIAL
trade_home_service,supplier,ai_event_planner_index_full,1,9,11.1,PARTIAL
trade_home_service,supplier,ai_unified_search_items_full,1,9,11.1,PARTIAL
trade_home_service,supplier,entity_events,1,9,11.1,PARTIAL
outdoor_recreation,beach,entity,9,9,100.0,CORE
outdoor_recreation,beach,entity_completeness_v,9,9,100.0,CORE
outdoor_recreation,beach,industry_outdoor_recreation,9,9,100.0,CORE
outdoor_recreation,beach,search_index,9,9,100.0,CORE
outdoor_recreation,beach,v_industry_facts_slugs,9,9,100.0,CORE
outdoor_recreation,beach,ai_data_completeness_audit_full,8,9,88.9,CORE
outdoor_recreation,beach,ai_entity_intent_tags_full,8,9,88.9,CORE
outdoor_recreation,beach,ai_entity_profiles_full,8,9,88.9,CORE
outdoor_recreation,beach,entity_google_maps_links,8,9,88.9,CORE
outdoor_recreation,beach,entity_google_reviews,8,9,88.9,CORE
outdoor_recreation,beach,entity_modules,8,9,88.9,CORE
outdoor_recreation,beach,entity_photos,8,9,88.9,CORE
outdoor_recreation,beach,entity_reviews,8,9,88.9,CORE
outdoor_recreation,beach,entity_tags,8,9,88.9,CORE
outdoor_recreation,beach,entity_theme,8,9,88.9,CORE
outdoor_recreation,beach,ai_photo_index_full,7,9,77.8,CORE
outdoor_recreation,beach,entity_attributes,6,9,66.7,CORE
outdoor_recreation,beach,entity_hours,2,9,22.2,COMMON
outdoor_recreation,beach,entity_sources,1,9,11.1,PARTIAL
outdoor_recreation,beach,legacy_photo_migration_queue,1,9,11.1,PARTIAL
outdoor_recreation,beach,entity_amenities,1,9,11.1,PARTIAL
outdoor_recreation,beach,entity_conflicts,1,9,11.1,PARTIAL
food_beverage,breakfast_restaurant,entity,8,8,100.0,CORE
food_beverage,breakfast_restaurant,entity_completeness_v,8,8,100.0,CORE
food_beverage,breakfast_restaurant,entity_photos,8,8,100.0,CORE
food_beverage,breakfast_restaurant,industry_food_beverage,8,8,100.0,CORE
food_beverage,breakfast_restaurant,search_index,8,8,100.0,CORE
food_beverage,breakfast_restaurant,v_industry_facts_slugs,8,8,100.0,CORE
food_beverage,breakfast_restaurant,ai_data_completeness_audit_full,7,8,87.5,CORE
food_beverage,breakfast_restaurant,ai_entity_intent_tags_full,7,8,87.5,CORE
food_beverage,breakfast_restaurant,ai_entity_profiles_full,7,8,87.5,CORE
food_beverage,breakfast_restaurant,ai_photo_index_full,7,8,87.5,CORE
food_beverage,breakfast_restaurant,entity_attributes,7,8,87.5,CORE
food_beverage,breakfast_restaurant,entity_google_maps_links,7,8,87.5,CORE
food_beverage,breakfast_restaurant,entity_google_reviews,7,8,87.5,CORE
food_beverage,breakfast_restaurant,entity_modules,7,8,87.5,CORE
food_beverage,breakfast_restaurant,entity_nearby_landmark_types,7,8,87.5,CORE
food_beverage,breakfast_restaurant,entity_nearby_landmarks,7,8,87.5,CORE
food_beverage,breakfast_restaurant,entity_reviews,7,8,87.5,CORE
food_beverage,breakfast_restaurant,entity_tags,7,8,87.5,CORE
food_beverage,breakfast_restaurant,entity_theme,7,8,87.5,CORE
food_beverage,breakfast_restaurant,entity_hours,6,8,75.0,CORE
food_beverage,breakfast_restaurant,entity_address_areas,4,8,50.0,COMMON
food_beverage,breakfast_restaurant,entity_offer,4,8,50.0,COMMON
food_beverage,breakfast_restaurant,entity_offer_section,4,8,50.0,COMMON
food_beverage,breakfast_restaurant,legacy_photo_migration_queue,4,8,50.0,COMMON
food_beverage,breakfast_restaurant,ai_unified_search_items_full,3,8,37.5,COMMON
food_beverage,breakfast_restaurant,catalog_items,3,8,37.5,COMMON
food_beverage,breakfast_restaurant,catalog_section_days,3,8,37.5,COMMON
food_beverage,breakfast_restaurant,catalog_sections,3,8,37.5,COMMON
food_beverage,breakfast_restaurant,entity_items_norm_v,3,8,37.5,COMMON
food_beverage,breakfast_restaurant,entity_items_v,3,8,37.5,COMMON
food_beverage,breakfast_restaurant,entity_sources,3,8,37.5,COMMON
food_beverage,breakfast_restaurant,menu_items,3,8,37.5,COMMON
food_beverage,breakfast_restaurant,menu_section_days,3,8,37.5,COMMON
food_beverage,breakfast_restaurant,menu_section_details,3,8,37.5,COMMON
food_beverage,breakfast_restaurant,menu_sections,3,8,37.5,COMMON
food_beverage,breakfast_restaurant,entity_secondary_hours,2,8,25.0,COMMON
food_beverage,breakfast_restaurant,entity_conflicts,2,8,25.0,COMMON
food_beverage,breakfast_restaurant,ai_data_quality_audit,1,8,12.5,PARTIAL
food_beverage,breakfast_restaurant,ai_data_quality_issues,1,8,12.5,PARTIAL
food_beverage,breakfast_restaurant,ai_drink_item_tag_values,1,8,12.5,PARTIAL
food_beverage,breakfast_restaurant,ai_drink_item_tags,1,8,12.5,PARTIAL
food_beverage,breakfast_restaurant,ai_menu_item_tag_values,1,8,12.5,PARTIAL
food_beverage,breakfast_restaurant,ai_menu_item_tags,1,8,12.5,PARTIAL
food_beverage,breakfast_restaurant,ai_planner_intent_tags,1,8,12.5,PARTIAL
food_beverage,breakfast_restaurant,ai_planner_profile_tags,1,8,12.5,PARTIAL
food_beverage,breakfast_restaurant,ai_planner_profiles,1,8,12.5,PARTIAL
food_beverage,breakfast_restaurant,ai_voice_snippets,1,8,12.5,PARTIAL
food_beverage,breakfast_restaurant,drink_items,1,8,12.5,PARTIAL
food_beverage,breakfast_restaurant,drink_sections,1,8,12.5,PARTIAL
food_beverage,breakfast_restaurant,menu_item_details,1,8,12.5,PARTIAL
food_beverage,breakfast_restaurant,tourist_saves,1,8,12.5,PARTIAL
food_beverage,breakfast_restaurant,tourist_seen,1,8,12.5,PARTIAL
food_beverage,breakfast_restaurant,tourist_swipe_events,1,8,12.5,PARTIAL
food_beverage,breakfast_restaurant,recovery_import_log,1,8,12.5,PARTIAL
food_beverage,breakfast_restaurant,entity_good_for,1,8,12.5,PARTIAL
food_beverage,breakfast_restaurant,entity_highlights,1,8,12.5,PARTIAL
retail,retail,entity,8,8,100.0,CORE
retail,retail,industry_retail,8,8,100.0,CORE
retail,retail,search_index,8,8,100.0,CORE
retail,retail,v_industry_facts_slugs,8,8,100.0,CORE
retail,retail,entity_completeness_v,7,8,87.5,CORE
retail,retail,entity_theme,7,8,87.5,CORE
retail,retail,ai_data_completeness_audit_full,6,8,75.0,CORE
retail,retail,ai_entity_intent_tags_full,6,8,75.0,CORE
retail,retail,ai_entity_profiles_full,6,8,75.0,CORE
retail,retail,entity_photos,6,8,75.0,CORE
retail,retail,entity_tags,6,8,75.0,CORE
retail,retail,ai_photo_index_full,5,8,62.5,CORE
retail,retail,entity_modules,5,8,62.5,CORE
retail,retail,entity_hours,5,8,62.5,CORE
retail,retail,entity_good_for,4,8,50.0,COMMON
retail,retail,entity_highlights,4,8,50.0,COMMON
retail,retail,ai_unified_search_items_full,1,8,12.5,PARTIAL
retail,retail,catalog_items,1,8,12.5,PARTIAL
retail,retail,catalog_section_days,1,8,12.5,PARTIAL
retail,retail,catalog_sections,1,8,12.5,PARTIAL
retail,retail,entity_items_norm_v,1,8,12.5,PARTIAL
retail,retail,entity_items_v,1,8,12.5,PARTIAL
retail,retail,entity_offer,1,8,12.5,PARTIAL
retail,retail,entity_offer_section,1,8,12.5,PARTIAL
retail,retail,entity_sections,1,8,12.5,PARTIAL
retail,retail,entity_seo_keywords,1,8,12.5,PARTIAL
retail,retail,inventory_items,1,8,12.5,PARTIAL
retail,retail,menu_items,1,8,12.5,PARTIAL
retail,retail,menu_section_days,1,8,12.5,PARTIAL
retail,retail,menu_section_details,1,8,12.5,PARTIAL
retail,retail,menu_sections,1,8,12.5,PARTIAL
retail,retail,products,1,8,12.5,PARTIAL
retail,retail,entity_sources,1,8,12.5,PARTIAL
retail,retail,recovery_import_log,1,8,12.5,PARTIAL
retail,retail,entity_conflicts,1,8,12.5,PARTIAL
golf,miniature_golf_course,ai_data_completeness_audit_full,8,8,100.0,CORE
golf,miniature_golf_course,ai_entity_intent_tags_full,8,8,100.0,CORE
golf,miniature_golf_course,ai_entity_profiles_full,8,8,100.0,CORE
golf,miniature_golf_course,ai_photo_index_full,8,8,100.0,CORE
golf,miniature_golf_course,entity,8,8,100.0,CORE
golf,miniature_golf_course,entity_completeness_v,8,8,100.0,CORE
golf,miniature_golf_course,entity_google_maps_links,8,8,100.0,CORE
golf,miniature_golf_course,entity_google_reviews,8,8,100.0,CORE
golf,miniature_golf_course,entity_hours,8,8,100.0,CORE
golf,miniature_golf_course,entity_modules,8,8,100.0,CORE
golf,miniature_golf_course,entity_nearby_landmark_types,8,8,100.0,CORE
golf,miniature_golf_course,entity_nearby_landmarks,8,8,100.0,CORE
golf,miniature_golf_course,entity_photos,8,8,100.0,CORE
golf,miniature_golf_course,entity_reviews,8,8,100.0,CORE
golf,miniature_golf_course,entity_tags,8,8,100.0,CORE
golf,miniature_golf_course,entity_theme,8,8,100.0,CORE
golf,miniature_golf_course,industry_golf,8,8,100.0,CORE
golf,miniature_golf_course,search_index,8,8,100.0,CORE
golf,miniature_golf_course,v_industry_facts_slugs,8,8,100.0,CORE
golf,miniature_golf_course,entity_attributes,7,8,87.5,CORE
golf,miniature_golf_course,entity_items_norm_v,6,8,75.0,CORE
golf,miniature_golf_course,entity_items_v,6,8,75.0,CORE
golf,miniature_golf_course,entity_offer,6,8,75.0,CORE
golf,miniature_golf_course,entity_sources,6,8,75.0,CORE
golf,miniature_golf_course,legacy_photo_migration_queue,6,8,75.0,CORE
golf,miniature_golf_course,offering_prices,6,8,75.0,CORE
golf,miniature_golf_course,offerings,6,8,75.0,CORE
golf,miniature_golf_course,entity_sections,5,8,62.5,CORE
golf,miniature_golf_course,entity_section_items,4,8,50.0,COMMON
golf,miniature_golf_course,entity_seo_keywords,4,8,50.0,COMMON
golf,miniature_golf_course,entity_address_areas,3,8,37.5,COMMON
golf,miniature_golf_course,ai_data_quality_audit,1,8,12.5,PARTIAL
golf,miniature_golf_course,ai_data_quality_issues,1,8,12.5,PARTIAL
golf,miniature_golf_course,ai_drink_item_tag_values,1,8,12.5,PARTIAL
golf,miniature_golf_course,ai_drink_item_tags,1,8,12.5,PARTIAL
golf,miniature_golf_course,ai_menu_item_tag_values,1,8,12.5,PARTIAL
golf,miniature_golf_course,ai_menu_item_tags,1,8,12.5,PARTIAL
golf,miniature_golf_course,ai_planner_intent_tags,1,8,12.5,PARTIAL
golf,miniature_golf_course,ai_planner_profile_tags,1,8,12.5,PARTIAL
golf,miniature_golf_course,ai_planner_profiles,1,8,12.5,PARTIAL
golf,miniature_golf_course,ai_unified_search_items_full,1,8,12.5,PARTIAL
golf,miniature_golf_course,ai_voice_snippets,1,8,12.5,PARTIAL
golf,miniature_golf_course,catalog_items,1,8,12.5,PARTIAL
golf,miniature_golf_course,catalog_section_days,1,8,12.5,PARTIAL
golf,miniature_golf_course,catalog_sections,1,8,12.5,PARTIAL
golf,miniature_golf_course,drink_items,1,8,12.5,PARTIAL
golf,miniature_golf_course,drink_sections,1,8,12.5,PARTIAL
golf,miniature_golf_course,entity_offer_section,1,8,12.5,PARTIAL
golf,miniature_golf_course,menu_items,1,8,12.5,PARTIAL
golf,miniature_golf_course,menu_section_days,1,8,12.5,PARTIAL
golf,miniature_golf_course,menu_section_details,1,8,12.5,PARTIAL
golf,miniature_golf_course,menu_sections,1,8,12.5,PARTIAL
golf,miniature_golf_course,pricing_items,1,8,12.5,PARTIAL
cafe_dessert,cafe,ai_data_completeness_audit_full,8,8,100.0,CORE
cafe_dessert,cafe,ai_entity_intent_tags_full,8,8,100.0,CORE
cafe_dessert,cafe,ai_entity_profiles_full,8,8,100.0,CORE
cafe_dessert,cafe,entity,8,8,100.0,CORE
cafe_dessert,cafe,entity_completeness_v,8,8,100.0,CORE
cafe_dessert,cafe,entity_modules,8,8,100.0,CORE
cafe_dessert,cafe,industry_cafe_dessert,8,8,100.0,CORE
cafe_dessert,cafe,search_index,8,8,100.0,CORE
cafe_dessert,cafe,v_industry_facts_slugs,8,8,100.0,CORE
cafe_dessert,cafe,entity_attributes,7,8,87.5,CORE
cafe_dessert,cafe,entity_google_maps_links,7,8,87.5,CORE
cafe_dessert,cafe,entity_google_reviews,7,8,87.5,CORE
cafe_dessert,cafe,entity_nearby_landmark_types,7,8,87.5,CORE
cafe_dessert,cafe,entity_nearby_landmarks,7,8,87.5,CORE
cafe_dessert,cafe,entity_reviews,7,8,87.5,CORE
cafe_dessert,cafe,entity_tags,7,8,87.5,CORE
cafe_dessert,cafe,entity_theme,7,8,87.5,CORE
cafe_dessert,cafe,ai_photo_index_full,6,8,75.0,CORE
cafe_dessert,cafe,entity_address_areas,6,8,75.0,CORE
cafe_dessert,cafe,entity_photos,6,8,75.0,CORE
cafe_dessert,cafe,entity_hours,5,8,62.5,CORE
cafe_dessert,cafe,industry_food_beverage,5,8,62.5,CORE
cafe_dessert,cafe,catalog_items,2,8,25.0,COMMON
cafe_dessert,cafe,catalog_section_days,2,8,25.0,COMMON
cafe_dessert,cafe,catalog_sections,2,8,25.0,COMMON
cafe_dessert,cafe,entity_items_norm_v,2,8,25.0,COMMON
cafe_dessert,cafe,entity_items_v,2,8,25.0,COMMON
cafe_dessert,cafe,entity_offer,2,8,25.0,COMMON
cafe_dessert,cafe,entity_offer_section,2,8,25.0,COMMON
cafe_dessert,cafe,menu_items,2,8,25.0,COMMON
cafe_dessert,cafe,menu_section_days,2,8,25.0,COMMON
cafe_dessert,cafe,menu_section_details,2,8,25.0,COMMON
cafe_dessert,cafe,menu_sections,2,8,25.0,COMMON
cafe_dessert,cafe,entity_conflicts,2,8,25.0,COMMON
cafe_dessert,cafe,legacy_photo_migration_queue,2,8,25.0,COMMON
cafe_dessert,cafe,entity_secondary_hours,1,8,12.5,PARTIAL
cafe_dessert,cafe,tourist_seen,1,8,12.5,PARTIAL
cafe_dessert,cafe,tourist_swipe_events,1,8,12.5,PARTIAL
bar_nightlife,brewery,entity,8,8,100.0,CORE
bar_nightlife,brewery,entity_completeness_v,8,8,100.0,CORE
bar_nightlife,brewery,industry_bar_nightlife,8,8,100.0,CORE
bar_nightlife,brewery,search_index,8,8,100.0,CORE
bar_nightlife,brewery,v_industry_facts_slugs,8,8,100.0,CORE
bar_nightlife,brewery,entity_theme,7,8,87.5,CORE
bar_nightlife,brewery,ai_data_completeness_audit_full,6,8,75.0,CORE
bar_nightlife,brewery,ai_entity_intent_tags_full,6,8,75.0,CORE
bar_nightlife,brewery,ai_entity_profiles_full,6,8,75.0,CORE
bar_nightlife,brewery,ai_photo_index_full,6,8,75.0,CORE
bar_nightlife,brewery,entity_attributes,6,8,75.0,CORE
bar_nightlife,brewery,entity_google_maps_links,6,8,75.0,CORE
bar_nightlife,brewery,entity_google_reviews,6,8,75.0,CORE
bar_nightlife,brewery,entity_hours,6,8,75.0,CORE
bar_nightlife,brewery,entity_modules,6,8,75.0,CORE
bar_nightlife,brewery,entity_nearby_landmark_types,6,8,75.0,CORE
bar_nightlife,brewery,entity_nearby_landmarks,6,8,75.0,CORE
bar_nightlife,brewery,entity_photos,6,8,75.0,CORE
bar_nightlife,brewery,entity_reviews,6,8,75.0,CORE
bar_nightlife,brewery,entity_tags,6,8,75.0,CORE
bar_nightlife,brewery,industry_food_beverage,3,8,37.5,COMMON
bar_nightlife,brewery,entity_address_areas,3,8,37.5,COMMON
bar_nightlife,brewery,ai_event_planner_index_full,2,8,25.0,COMMON
bar_nightlife,brewery,ai_unified_search_items_full,2,8,25.0,COMMON
bar_nightlife,brewery,entity_conflicts,2,8,25.0,COMMON
bar_nightlife,brewery,entity_events,2,8,25.0,COMMON
bar_nightlife,brewery,catalog_items,1,8,12.5,PARTIAL
bar_nightlife,brewery,catalog_section_days,1,8,12.5,PARTIAL
bar_nightlife,brewery,catalog_sections,1,8,12.5,PARTIAL
bar_nightlife,brewery,entity_amenities,1,8,12.5,PARTIAL
bar_nightlife,brewery,entity_items_norm_v,1,8,12.5,PARTIAL
bar_nightlife,brewery,entity_items_v,1,8,12.5,PARTIAL
bar_nightlife,brewery,entity_offer,1,8,12.5,PARTIAL
bar_nightlife,brewery,entity_offer_section,1,8,12.5,PARTIAL
bar_nightlife,brewery,entity_policies,1,8,12.5,PARTIAL
bar_nightlife,brewery,entity_sections,1,8,12.5,PARTIAL
bar_nightlife,brewery,entity_seo_keywords,1,8,12.5,PARTIAL
bar_nightlife,brewery,entity_sources,1,8,12.5,PARTIAL
bar_nightlife,brewery,legacy_photo_migration_queue,1,8,12.5,PARTIAL
bar_nightlife,brewery,menu_items,1,8,12.5,PARTIAL
bar_nightlife,brewery,menu_section_days,1,8,12.5,PARTIAL
bar_nightlife,brewery,menu_section_details,1,8,12.5,PARTIAL
bar_nightlife,brewery,menu_sections,1,8,12.5,PARTIAL
bar_nightlife,brewery,recovery_import_log,1,8,12.5,PARTIAL
transportation,transportation_service,ai_data_completeness_audit_full,8,8,100.0,CORE
transportation,transportation_service,ai_entity_intent_tags_full,8,8,100.0,CORE
transportation,transportation_service,ai_entity_profiles_full,8,8,100.0,CORE
transportation,transportation_service,bookable_resources,8,8,100.0,CORE
transportation,transportation_service,bookable_resources_json_backup,8,8,100.0,CORE
transportation,transportation_service,entity,8,8,100.0,CORE
transportation,transportation_service,entity_completeness_v,8,8,100.0,CORE
transportation,transportation_service,entity_google_maps_links,8,8,100.0,CORE
transportation,transportation_service,entity_google_reviews,8,8,100.0,CORE
transportation,transportation_service,entity_items_norm_v,8,8,100.0,CORE
transportation,transportation_service,entity_items_v,8,8,100.0,CORE
transportation,transportation_service,entity_modules,8,8,100.0,CORE
transportation,transportation_service,entity_nearby_landmark_types,8,8,100.0,CORE
transportation,transportation_service,entity_nearby_landmarks,8,8,100.0,CORE
transportation,transportation_service,entity_offer,8,8,100.0,CORE
transportation,transportation_service,entity_reviews,8,8,100.0,CORE
transportation,transportation_service,entity_tags,8,8,100.0,CORE
transportation,transportation_service,entity_theme,8,8,100.0,CORE
transportation,transportation_service,industry_transportation,8,8,100.0,CORE
transportation,transportation_service,search_index,8,8,100.0,CORE
transportation,transportation_service,v_industry_facts_slugs,8,8,100.0,CORE
transportation,transportation_service,entity_attributes,7,8,87.5,CORE
transportation,transportation_service,ai_photo_index_full,6,8,75.0,CORE
transportation,transportation_service,entity_address_areas,6,8,75.0,CORE
transportation,transportation_service,entity_photos,6,8,75.0,CORE
transportation,transportation_service,entity_hours,5,8,62.5,CORE
transportation,transportation_service,entity_sources,2,8,25.0,COMMON
transportation,transportation_service,legacy_photo_migration_queue,2,8,25.0,COMMON
trade_home_service,car_wash,ai_data_completeness_audit_full,8,8,100.0,CORE
trade_home_service,car_wash,ai_entity_intent_tags_full,8,8,100.0,CORE
trade_home_service,car_wash,ai_entity_profiles_full,8,8,100.0,CORE
trade_home_service,car_wash,ai_photo_index_full,8,8,100.0,CORE
trade_home_service,car_wash,bookable_resources,8,8,100.0,CORE
trade_home_service,car_wash,bookable_resources_json_backup,8,8,100.0,CORE
trade_home_service,car_wash,entity,8,8,100.0,CORE
trade_home_service,car_wash,entity_completeness_v,8,8,100.0,CORE
trade_home_service,car_wash,entity_hours,8,8,100.0,CORE
trade_home_service,car_wash,entity_items_norm_v,8,8,100.0,CORE
trade_home_service,car_wash,entity_items_v,8,8,100.0,CORE
trade_home_service,car_wash,entity_modules,8,8,100.0,CORE
trade_home_service,car_wash,entity_offer,8,8,100.0,CORE
trade_home_service,car_wash,entity_photos,8,8,100.0,CORE
trade_home_service,car_wash,entity_tags,8,8,100.0,CORE
trade_home_service,car_wash,entity_theme,8,8,100.0,CORE
trade_home_service,car_wash,industry_trade_home_service,8,8,100.0,CORE
trade_home_service,car_wash,search_index,8,8,100.0,CORE
trade_home_service,car_wash,v_industry_facts_slugs,8,8,100.0,CORE
trade_home_service,car_wash,entity_attributes,7,8,87.5,CORE
trade_home_service,car_wash,entity_google_maps_links,7,8,87.5,CORE
trade_home_service,car_wash,entity_google_reviews,7,8,87.5,CORE
trade_home_service,car_wash,entity_nearby_landmark_types,7,8,87.5,CORE
trade_home_service,car_wash,entity_nearby_landmarks,7,8,87.5,CORE
trade_home_service,car_wash,entity_reviews,7,8,87.5,CORE
trade_home_service,car_wash,service_menu,4,8,50.0,COMMON
trade_home_service,car_wash,trade_home_services,4,8,50.0,COMMON
trade_home_service,car_wash,entity_address_areas,3,8,37.5,COMMON
trade_home_service,car_wash,entity_sources,1,8,12.5,PARTIAL
trade_home_service,car_wash,entity_good_for,1,8,12.5,PARTIAL
trade_home_service,car_wash,entity_highlights,1,8,12.5,PARTIAL
outdoor_recreation,nature_preserve,ai_data_completeness_audit_full,8,8,100.0,CORE
outdoor_recreation,nature_preserve,ai_entity_intent_tags_full,8,8,100.0,CORE
outdoor_recreation,nature_preserve,ai_entity_profiles_full,8,8,100.0,CORE
outdoor_recreation,nature_preserve,ai_photo_index_full,8,8,100.0,CORE
outdoor_recreation,nature_preserve,entity,8,8,100.0,CORE
outdoor_recreation,nature_preserve,entity_attributes,8,8,100.0,CORE
outdoor_recreation,nature_preserve,entity_completeness_v,8,8,100.0,CORE
outdoor_recreation,nature_preserve,entity_google_maps_links,8,8,100.0,CORE
outdoor_recreation,nature_preserve,entity_google_reviews,8,8,100.0,CORE
outdoor_recreation,nature_preserve,entity_modules,8,8,100.0,CORE
outdoor_recreation,nature_preserve,entity_nearby_landmarks,8,8,100.0,CORE
outdoor_recreation,nature_preserve,entity_photos,8,8,100.0,CORE
outdoor_recreation,nature_preserve,entity_reviews,8,8,100.0,CORE
outdoor_recreation,nature_preserve,entity_tags,8,8,100.0,CORE
outdoor_recreation,nature_preserve,entity_theme,8,8,100.0,CORE
outdoor_recreation,nature_preserve,industry_outdoor_recreation,8,8,100.0,CORE
outdoor_recreation,nature_preserve,search_index,8,8,100.0,CORE
outdoor_recreation,nature_preserve,v_industry_facts_slugs,8,8,100.0,CORE
outdoor_recreation,nature_preserve,entity_address_areas,5,8,62.5,CORE
outdoor_recreation,nature_preserve,entity_hours,5,8,62.5,CORE
outdoor_recreation,nature_preserve,entity_nearby_landmark_types,4,8,50.0,COMMON
outdoor_recreation,nature_preserve,entity_good_for,1,8,12.5,PARTIAL
outdoor_recreation,nature_preserve,entity_highlights,1,8,12.5,PARTIAL
outdoor_recreation,nature_preserve,legacy_photo_migration_queue,1,8,12.5,PARTIAL
rental,bike_rental,ai_data_completeness_audit_full,8,8,100.0,CORE
rental,bike_rental,ai_entity_intent_tags_full,8,8,100.0,CORE
rental,bike_rental,ai_entity_profiles_full,8,8,100.0,CORE
rental,bike_rental,ai_photo_index_full,8,8,100.0,CORE
rental,bike_rental,bookable_resources,8,8,100.0,CORE
rental,bike_rental,bookable_resources_json_backup,8,8,100.0,CORE
rental,bike_rental,entity,8,8,100.0,CORE
rental,bike_rental,entity_attributes,8,8,100.0,CORE
rental,bike_rental,entity_completeness_v,8,8,100.0,CORE
rental,bike_rental,entity_google_maps_links,8,8,100.0,CORE
rental,bike_rental,entity_google_reviews,8,8,100.0,CORE
rental,bike_rental,entity_hours,8,8,100.0,CORE
rental,bike_rental,entity_items_norm_v,8,8,100.0,CORE
rental,bike_rental,entity_items_v,8,8,100.0,CORE
rental,bike_rental,entity_modules,8,8,100.0,CORE
rental,bike_rental,entity_nearby_landmark_types,8,8,100.0,CORE
rental,bike_rental,entity_nearby_landmarks,8,8,100.0,CORE
rental,bike_rental,entity_offer,8,8,100.0,CORE
rental,bike_rental,entity_photos,8,8,100.0,CORE
rental,bike_rental,entity_reviews,8,8,100.0,CORE
rental,bike_rental,entity_tags,8,8,100.0,CORE
rental,bike_rental,entity_theme,8,8,100.0,CORE
rental,bike_rental,industry_rental,8,8,100.0,CORE
rental,bike_rental,search_index,8,8,100.0,CORE
rental,bike_rental,v_industry_facts_slugs,8,8,100.0,CORE
rental,bike_rental,entity_address_areas,6,8,75.0,CORE
rental,bike_rental,entity_sources,4,8,50.0,COMMON
rental,bike_rental,entity_sections,3,8,37.5,COMMON
rental,bike_rental,legacy_photo_migration_queue,3,8,37.5,COMMON
rental,bike_rental,offerings,3,8,37.5,COMMON
rental,bike_rental,tourist_seen,3,8,37.5,COMMON
rental,bike_rental,tourist_swipe_events,3,8,37.5,COMMON
rental,bike_rental,entity_section_items,2,8,25.0,COMMON
rental,bike_rental,entity_seo_keywords,2,8,25.0,COMMON
rental,bike_rental,offering_prices,2,8,25.0,COMMON
bar_nightlife,night_club,entity,8,8,100.0,CORE
bar_nightlife,night_club,entity_completeness_v,8,8,100.0,CORE
bar_nightlife,night_club,entity_theme,8,8,100.0,CORE
bar_nightlife,night_club,industry_bar_nightlife,8,8,100.0,CORE
bar_nightlife,night_club,search_index,8,8,100.0,CORE
bar_nightlife,night_club,v_industry_facts_slugs,8,8,100.0,CORE
bar_nightlife,night_club,recovery_import_log,5,8,62.5,CORE
bar_nightlife,night_club,ai_data_completeness_audit_full,3,8,37.5,COMMON
bar_nightlife,night_club,ai_entity_intent_tags_full,3,8,37.5,COMMON
bar_nightlife,night_club,ai_entity_profiles_full,3,8,37.5,COMMON
bar_nightlife,night_club,ai_photo_index_full,3,8,37.5,COMMON
bar_nightlife,night_club,entity_attributes,3,8,37.5,COMMON
bar_nightlife,night_club,entity_google_maps_links,3,8,37.5,COMMON
bar_nightlife,night_club,entity_google_reviews,3,8,37.5,COMMON
bar_nightlife,night_club,entity_modules,3,8,37.5,COMMON
bar_nightlife,night_club,entity_nearby_landmark_types,3,8,37.5,COMMON
bar_nightlife,night_club,entity_nearby_landmarks,3,8,37.5,COMMON
bar_nightlife,night_club,entity_photos,3,8,37.5,COMMON
bar_nightlife,night_club,entity_reviews,3,8,37.5,COMMON
bar_nightlife,night_club,entity_tags,3,8,37.5,COMMON
bar_nightlife,night_club,entity_hours,2,8,25.0,COMMON
bar_nightlife,night_club,entity_sources,1,8,12.5,PARTIAL
bar_nightlife,night_club,industry_food_beverage,1,8,12.5,PARTIAL
bar_nightlife,night_club,legacy_photo_migration_queue,1,8,12.5,PARTIAL
bar_nightlife,night_club,tourist_seen,1,8,12.5,PARTIAL
bar_nightlife,night_club,tourist_swipe_events,1,8,12.5,PARTIAL
bar_nightlife,night_club,ai_event_planner_index_full,1,8,12.5,PARTIAL
bar_nightlife,night_club,ai_unified_search_items_full,1,8,12.5,PARTIAL
bar_nightlife,night_club,entity_events,1,8,12.5,PARTIAL
bar_nightlife,night_club,entity_address_areas,1,8,12.5,PARTIAL
outdoor_recreation,swimming_pool,ai_data_completeness_audit_full,8,8,100.0,CORE
outdoor_recreation,swimming_pool,ai_entity_intent_tags_full,8,8,100.0,CORE
outdoor_recreation,swimming_pool,ai_entity_profiles_full,8,8,100.0,CORE
outdoor_recreation,swimming_pool,entity,8,8,100.0,CORE
outdoor_recreation,swimming_pool,entity_attributes,8,8,100.0,CORE
outdoor_recreation,swimming_pool,entity_completeness_v,8,8,100.0,CORE
outdoor_recreation,swimming_pool,entity_google_maps_links,8,8,100.0,CORE
outdoor_recreation,swimming_pool,entity_modules,8,8,100.0,CORE
outdoor_recreation,swimming_pool,entity_nearby_landmarks,8,8,100.0,CORE
outdoor_recreation,swimming_pool,entity_tags,8,8,100.0,CORE
outdoor_recreation,swimming_pool,entity_theme,8,8,100.0,CORE
outdoor_recreation,swimming_pool,industry_outdoor_recreation,8,8,100.0,CORE
outdoor_recreation,swimming_pool,search_index,8,8,100.0,CORE
outdoor_recreation,swimming_pool,v_industry_facts_slugs,8,8,100.0,CORE
outdoor_recreation,swimming_pool,ai_photo_index_full,7,8,87.5,CORE
outdoor_recreation,swimming_pool,entity_google_reviews,7,8,87.5,CORE
outdoor_recreation,swimming_pool,entity_nearby_landmark_types,7,8,87.5,CORE
outdoor_recreation,swimming_pool,entity_photos,7,8,87.5,CORE
outdoor_recreation,swimming_pool,entity_reviews,7,8,87.5,CORE
outdoor_recreation,swimming_pool,entity_address_areas,4,8,50.0,COMMON
outdoor_recreation,swimming_pool,entity_hours,3,8,37.5,COMMON
outdoor_recreation,swimming_pool,legacy_photo_migration_queue,2,8,25.0,COMMON
outdoor_recreation,swimming_pool,entity_events,1,8,12.5,PARTIAL
condo,(none),entity,8,8,100.0,CORE
condo,(none),entity_completeness_v,8,8,100.0,CORE
condo,(none),entity_theme,8,8,100.0,CORE
condo,(none),industry_condo,8,8,100.0,CORE
condo,(none),search_index,8,8,100.0,CORE
condo,(none),v_industry_facts_slugs,8,8,100.0,CORE
condo,(none),entity_tags,3,8,37.5,COMMON
condo,(none),entity_sources,2,8,25.0,COMMON
condo,(none),entity_hours,1,8,12.5,PARTIAL
condo,(none),entity_photos,1,8,12.5,PARTIAL
condo,(none),entity_reviews,1,8,12.5,PARTIAL
condo,(none),tourist_seen,1,8,12.5,PARTIAL
condo,(none),tourist_swipe_events,1,8,12.5,PARTIAL
condo,(none),entity_items_norm_v,1,8,12.5,PARTIAL
condo,(none),entity_items_v,1,8,12.5,PARTIAL
condo,(none),entity_section_items,1,8,12.5,PARTIAL
condo,(none),entity_section_items_metadata_backup,1,8,12.5,PARTIAL
condo,(none),entity_sections,1,8,12.5,PARTIAL
condo,(none),entity_amenities,1,8,12.5,PARTIAL
food_beverage,italian_restaurant,ai_data_completeness_audit_full,7,7,100.0,CORE
food_beverage,italian_restaurant,ai_entity_intent_tags_full,7,7,100.0,CORE
food_beverage,italian_restaurant,ai_entity_profiles_full,7,7,100.0,CORE
food_beverage,italian_restaurant,ai_photo_index_full,7,7,100.0,CORE
food_beverage,italian_restaurant,entity,7,7,100.0,CORE
food_beverage,italian_restaurant,entity_attributes,7,7,100.0,CORE
food_beverage,italian_restaurant,entity_completeness_v,7,7,100.0,CORE
food_beverage,italian_restaurant,entity_google_maps_links,7,7,100.0,CORE
food_beverage,italian_restaurant,entity_google_reviews,7,7,100.0,CORE
food_beverage,italian_restaurant,entity_hours,7,7,100.0,CORE
food_beverage,italian_restaurant,entity_modules,7,7,100.0,CORE
food_beverage,italian_restaurant,entity_nearby_landmark_types,7,7,100.0,CORE
food_beverage,italian_restaurant,entity_nearby_landmarks,7,7,100.0,CORE
food_beverage,italian_restaurant,entity_photos,7,7,100.0,CORE
food_beverage,italian_restaurant,entity_reviews,7,7,100.0,CORE
food_beverage,italian_restaurant,entity_tags,7,7,100.0,CORE
food_beverage,italian_restaurant,entity_theme,7,7,100.0,CORE
food_beverage,italian_restaurant,industry_food_beverage,7,7,100.0,CORE
food_beverage,italian_restaurant,search_index,7,7,100.0,CORE
food_beverage,italian_restaurant,v_industry_facts_slugs,7,7,100.0,CORE
food_beverage,italian_restaurant,catalog_items,5,7,71.4,CORE
food_beverage,italian_restaurant,catalog_section_days,5,7,71.4,CORE
food_beverage,italian_restaurant,catalog_sections,5,7,71.4,CORE
food_beverage,italian_restaurant,entity_items_norm_v,5,7,71.4,CORE
food_beverage,italian_restaurant,entity_items_v,5,7,71.4,CORE
food_beverage,italian_restaurant,entity_offer,5,7,71.4,CORE
food_beverage,italian_restaurant,entity_offer_section,5,7,71.4,CORE
food_beverage,italian_restaurant,legacy_photo_migration_queue,5,7,71.4,CORE
food_beverage,italian_restaurant,menu_items,5,7,71.4,CORE
food_beverage,italian_restaurant,menu_section_days,5,7,71.4,CORE
food_beverage,italian_restaurant,menu_section_details,5,7,71.4,CORE
food_beverage,italian_restaurant,menu_sections,5,7,71.4,CORE
food_beverage,italian_restaurant,ai_unified_search_items_full,4,7,57.1,COMMON
food_beverage,italian_restaurant,entity_address_areas,4,7,57.1,COMMON
food_beverage,italian_restaurant,entity_events,4,7,57.1,COMMON
food_beverage,italian_restaurant,ai_event_planner_index_full,3,7,42.9,COMMON
food_beverage,italian_restaurant,entity_secondary_hours,2,7,28.6,COMMON
food_beverage,italian_restaurant,happy_hour_sections,2,7,28.6,COMMON
food_beverage,italian_restaurant,ai_data_quality_audit,1,7,14.3,PARTIAL
food_beverage,italian_restaurant,ai_data_quality_issues,1,7,14.3,PARTIAL
food_beverage,italian_restaurant,ai_menu_item_tag_values,1,7,14.3,PARTIAL
food_beverage,italian_restaurant,ai_menu_item_tags,1,7,14.3,PARTIAL
food_beverage,italian_restaurant,ai_planner_intent_tags,1,7,14.3,PARTIAL
food_beverage,italian_restaurant,ai_planner_profile_tags,1,7,14.3,PARTIAL
food_beverage,italian_restaurant,ai_planner_profiles,1,7,14.3,PARTIAL
food_beverage,italian_restaurant,ai_voice_snippets,1,7,14.3,PARTIAL
food_beverage,italian_restaurant,entity_amenities,1,7,14.3,PARTIAL
food_beverage,italian_restaurant,entity_conflicts,1,7,14.3,PARTIAL
food_beverage,italian_restaurant,entity_policies,1,7,14.3,PARTIAL
food_beverage,italian_restaurant,entity_sources,1,7,14.3,PARTIAL
food_beverage,italian_restaurant,happy_hour_items,1,7,14.3,PARTIAL
food_beverage,italian_restaurant,menu_item_details,1,7,14.3,PARTIAL
food_beverage,italian_restaurant,recovery_import_log,1,7,14.3,PARTIAL
food_beverage,italian_restaurant,drink_sections,1,7,14.3,PARTIAL
food_beverage,hamburger_restaurant,ai_data_completeness_audit_full,7,7,100.0,CORE
food_beverage,hamburger_restaurant,ai_entity_intent_tags_full,7,7,100.0,CORE
food_beverage,hamburger_restaurant,ai_entity_profiles_full,7,7,100.0,CORE
food_beverage,hamburger_restaurant,ai_photo_index_full,7,7,100.0,CORE
food_beverage,hamburger_restaurant,entity,7,7,100.0,CORE
food_beverage,hamburger_restaurant,entity_attributes,7,7,100.0,CORE
food_beverage,hamburger_restaurant,entity_completeness_v,7,7,100.0,CORE
food_beverage,hamburger_restaurant,entity_google_maps_links,7,7,100.0,CORE
food_beverage,hamburger_restaurant,entity_google_reviews,7,7,100.0,CORE
food_beverage,hamburger_restaurant,entity_hours,7,7,100.0,CORE
food_beverage,hamburger_restaurant,entity_modules,7,7,100.0,CORE
food_beverage,hamburger_restaurant,entity_photos,7,7,100.0,CORE
food_beverage,hamburger_restaurant,entity_reviews,7,7,100.0,CORE
food_beverage,hamburger_restaurant,entity_tags,7,7,100.0,CORE
food_beverage,hamburger_restaurant,entity_theme,7,7,100.0,CORE
food_beverage,hamburger_restaurant,industry_food_beverage,7,7,100.0,CORE
food_beverage,hamburger_restaurant,search_index,7,7,100.0,CORE
food_beverage,hamburger_restaurant,v_industry_facts_slugs,7,7,100.0,CORE
food_beverage,hamburger_restaurant,entity_nearby_landmark_types,6,7,85.7,CORE
food_beverage,hamburger_restaurant,entity_nearby_landmarks,6,7,85.7,CORE
food_beverage,hamburger_restaurant,entity_address_areas,5,7,71.4,CORE
food_beverage,hamburger_restaurant,catalog_items,3,7,42.9,COMMON
food_beverage,hamburger_restaurant,catalog_section_days,3,7,42.9,COMMON
food_beverage,hamburger_restaurant,catalog_sections,3,7,42.9,COMMON
food_beverage,hamburger_restaurant,entity_items_norm_v,3,7,42.9,COMMON
food_beverage,hamburger_restaurant,entity_items_v,3,7,42.9,COMMON
food_beverage,hamburger_restaurant,entity_offer,3,7,42.9,COMMON
food_beverage,hamburger_restaurant,entity_offer_section,3,7,42.9,COMMON
food_beverage,hamburger_restaurant,menu_items,3,7,42.9,COMMON
food_beverage,hamburger_restaurant,menu_section_days,3,7,42.9,COMMON
food_beverage,hamburger_restaurant,menu_section_details,3,7,42.9,COMMON
food_beverage,hamburger_restaurant,menu_sections,3,7,42.9,COMMON
food_beverage,hamburger_restaurant,entity_conflicts,2,7,28.6,COMMON
food_beverage,hamburger_restaurant,legacy_photo_migration_queue,2,7,28.6,COMMON
food_beverage,hamburger_restaurant,ai_event_planner_index_full,2,7,28.6,COMMON
food_beverage,hamburger_restaurant,ai_unified_search_items_full,2,7,28.6,COMMON
food_beverage,hamburger_restaurant,entity_events,2,7,28.6,COMMON
food_beverage,hamburger_restaurant,entity_sources,1,7,14.3,PARTIAL
food_beverage,hamburger_restaurant,ai_data_quality_audit,1,7,14.3,PARTIAL
food_beverage,hamburger_restaurant,ai_data_quality_issues,1,7,14.3,PARTIAL
food_beverage,hamburger_restaurant,ai_menu_item_tag_values,1,7,14.3,PARTIAL
food_beverage,hamburger_restaurant,ai_menu_item_tags,1,7,14.3,PARTIAL
food_beverage,hamburger_restaurant,ai_planner_intent_tags,1,7,14.3,PARTIAL
food_beverage,hamburger_restaurant,ai_planner_profile_tags,1,7,14.3,PARTIAL
food_beverage,hamburger_restaurant,ai_planner_profiles,1,7,14.3,PARTIAL
food_beverage,hamburger_restaurant,ai_voice_snippets,1,7,14.3,PARTIAL
food_beverage,hamburger_restaurant,entity_good_for,1,7,14.3,PARTIAL
food_beverage,hamburger_restaurant,entity_highlights,1,7,14.3,PARTIAL
food_beverage,convenience_store,ai_data_completeness_audit_full,7,7,100.0,CORE
food_beverage,convenience_store,ai_entity_intent_tags_full,7,7,100.0,CORE
food_beverage,convenience_store,ai_entity_profiles_full,7,7,100.0,CORE
food_beverage,convenience_store,entity,7,7,100.0,CORE
food_beverage,convenience_store,entity_tags,7,7,100.0,CORE
food_beverage,convenience_store,entity_theme,7,7,100.0,CORE
food_beverage,convenience_store,industry_food_beverage,7,7,100.0,CORE
food_beverage,convenience_store,search_index,7,7,100.0,CORE
food_beverage,convenience_store,v_industry_facts_slugs,7,7,100.0,CORE
food_beverage,convenience_store,ai_photo_index_full,6,7,85.7,CORE
food_beverage,convenience_store,entity_modules,6,7,85.7,CORE
food_beverage,convenience_store,entity_photos,6,7,85.7,CORE
food_beverage,convenience_store,entity_completeness_v,5,7,71.4,CORE
food_beverage,convenience_store,entity_hours,3,7,42.9,COMMON
food_beverage,convenience_store,entity_attributes,2,7,28.6,COMMON
food_beverage,convenience_store,entity_google_maps_links,2,7,28.6,COMMON
food_beverage,convenience_store,entity_google_reviews,2,7,28.6,COMMON
food_beverage,convenience_store,entity_nearby_landmark_types,2,7,28.6,COMMON
food_beverage,convenience_store,entity_nearby_landmarks,2,7,28.6,COMMON
food_beverage,convenience_store,entity_reviews,2,7,28.6,COMMON
food_beverage,convenience_store,ai_unified_search_items_full,1,7,14.3,PARTIAL
food_beverage,convenience_store,catalog_items,1,7,14.3,PARTIAL
food_beverage,convenience_store,catalog_section_days,1,7,14.3,PARTIAL
food_beverage,convenience_store,catalog_sections,1,7,14.3,PARTIAL
food_beverage,convenience_store,entity_items_norm_v,1,7,14.3,PARTIAL
food_beverage,convenience_store,entity_items_v,1,7,14.3,PARTIAL
food_beverage,convenience_store,entity_offer,1,7,14.3,PARTIAL
food_beverage,convenience_store,entity_offer_section,1,7,14.3,PARTIAL
food_beverage,convenience_store,menu_items,1,7,14.3,PARTIAL
food_beverage,convenience_store,menu_section_days,1,7,14.3,PARTIAL
food_beverage,convenience_store,menu_section_details,1,7,14.3,PARTIAL
food_beverage,convenience_store,menu_sections,1,7,14.3,PARTIAL
food_beverage,convenience_store,entity_good_for,1,7,14.3,PARTIAL
food_beverage,convenience_store,entity_highlights,1,7,14.3,PARTIAL
food_beverage,convenience_store,entity_sections,1,7,14.3,PARTIAL
food_beverage,convenience_store,entity_seo_keywords,1,7,14.3,PARTIAL
entertainment_venue,amusement_park,ai_data_completeness_audit_full,7,7,100.0,CORE
entertainment_venue,amusement_park,ai_entity_intent_tags_full,7,7,100.0,CORE
entertainment_venue,amusement_park,ai_entity_profiles_full,7,7,100.0,CORE
entertainment_venue,amusement_park,ai_photo_index_full,7,7,100.0,CORE
entertainment_venue,amusement_park,entity,7,7,100.0,CORE
entertainment_venue,amusement_park,entity_completeness_v,7,7,100.0,CORE
entertainment_venue,amusement_park,entity_modules,7,7,100.0,CORE
entertainment_venue,amusement_park,entity_photos,7,7,100.0,CORE
entertainment_venue,amusement_park,entity_tags,7,7,100.0,CORE
entertainment_venue,amusement_park,entity_theme,7,7,100.0,CORE
entertainment_venue,amusement_park,industry_entertainment_venue,7,7,100.0,CORE
entertainment_venue,amusement_park,search_index,7,7,100.0,CORE
entertainment_venue,amusement_park,v_industry_facts_slugs,7,7,100.0,CORE
entertainment_venue,amusement_park,entity_hours,6,7,85.7,CORE
entertainment_venue,amusement_park,entity_attributes,5,7,71.4,CORE
entertainment_venue,amusement_park,entity_google_maps_links,5,7,71.4,CORE
entertainment_venue,amusement_park,entity_nearby_landmark_types,5,7,71.4,CORE
entertainment_venue,amusement_park,entity_nearby_landmarks,5,7,71.4,CORE
entertainment_venue,amusement_park,entity_google_reviews,4,7,57.1,COMMON
entertainment_venue,amusement_park,entity_reviews,4,7,57.1,COMMON
entertainment_venue,amusement_park,entity_sections,4,7,57.1,COMMON
entertainment_venue,amusement_park,entity_address_areas,4,7,57.1,COMMON
entertainment_venue,amusement_park,entity_good_for,2,7,28.6,COMMON
entertainment_venue,amusement_park,entity_highlights,2,7,28.6,COMMON
entertainment_venue,amusement_park,legacy_photo_migration_queue,2,7,28.6,COMMON
entertainment_venue,amusement_park,ai_event_planner_index_full,1,7,14.3,PARTIAL
entertainment_venue,amusement_park,ai_unified_search_items_full,1,7,14.3,PARTIAL
entertainment_venue,amusement_park,entity_events,1,7,14.3,PARTIAL
entertainment_venue,amusement_park,entity_items_norm_v,1,7,14.3,PARTIAL
entertainment_venue,amusement_park,entity_items_v,1,7,14.3,PARTIAL
entertainment_venue,amusement_park,entity_offer,1,7,14.3,PARTIAL
entertainment_venue,amusement_park,entity_section_items,1,7,14.3,PARTIAL
entertainment_venue,amusement_park,entity_seo_keywords,1,7,14.3,PARTIAL
entertainment_venue,amusement_park,entity_sources,1,7,14.3,PARTIAL
entertainment_venue,amusement_park,offering_prices,1,7,14.3,PARTIAL
entertainment_venue,amusement_park,offerings,1,7,14.3,PARTIAL
entertainment_venue,amusement_park,tourist_seen,1,7,14.3,PARTIAL
entertainment_venue,amusement_park,tourist_swipe_events,1,7,14.3,PARTIAL
fitness_sports,sports_complex,ai_data_completeness_audit_full,7,7,100.0,CORE
fitness_sports,sports_complex,ai_entity_intent_tags_full,7,7,100.0,CORE
fitness_sports,sports_complex,ai_entity_profiles_full,7,7,100.0,CORE
fitness_sports,sports_complex,entity,7,7,100.0,CORE
fitness_sports,sports_complex,entity_attributes,7,7,100.0,CORE
fitness_sports,sports_complex,entity_completeness_v,7,7,100.0,CORE
fitness_sports,sports_complex,entity_google_maps_links,7,7,100.0,CORE
fitness_sports,sports_complex,entity_google_reviews,7,7,100.0,CORE
fitness_sports,sports_complex,entity_modules,7,7,100.0,CORE
fitness_sports,sports_complex,entity_nearby_landmark_types,7,7,100.0,CORE
fitness_sports,sports_complex,entity_nearby_landmarks,7,7,100.0,CORE
fitness_sports,sports_complex,entity_reviews,7,7,100.0,CORE
fitness_sports,sports_complex,entity_tags,7,7,100.0,CORE
fitness_sports,sports_complex,entity_theme,7,7,100.0,CORE
fitness_sports,sports_complex,industry_fitness_sports,7,7,100.0,CORE
fitness_sports,sports_complex,search_index,7,7,100.0,CORE
fitness_sports,sports_complex,v_industry_facts_slugs,7,7,100.0,CORE
fitness_sports,sports_complex,ai_photo_index_full,6,7,85.7,CORE
fitness_sports,sports_complex,entity_photos,6,7,85.7,CORE
fitness_sports,sports_complex,entity_hours,5,7,71.4,CORE
fitness_sports,sports_complex,entity_address_areas,4,7,57.1,COMMON
fitness_sports,sports_complex,tourist_seen,1,7,14.3,PARTIAL
fitness_sports,sports_complex,tourist_swipe_events,1,7,14.3,PARTIAL
fitness_sports,sports_complex,legacy_photo_migration_queue,1,7,14.3,PARTIAL
trade_home_service,gas_station,ai_data_completeness_audit_full,7,7,100.0,CORE
trade_home_service,gas_station,ai_entity_intent_tags_full,7,7,100.0,CORE
trade_home_service,gas_station,ai_entity_profiles_full,7,7,100.0,CORE
trade_home_service,gas_station,entity,7,7,100.0,CORE
trade_home_service,gas_station,entity_completeness_v,7,7,100.0,CORE
trade_home_service,gas_station,entity_modules,7,7,100.0,CORE
trade_home_service,gas_station,entity_tags,7,7,100.0,CORE
trade_home_service,gas_station,entity_theme,7,7,100.0,CORE
trade_home_service,gas_station,industry_trade_home_service,7,7,100.0,CORE
trade_home_service,gas_station,search_index,7,7,100.0,CORE
trade_home_service,gas_station,v_industry_facts_slugs,7,7,100.0,CORE
trade_home_service,gas_station,bookable_resources,6,7,85.7,CORE
trade_home_service,gas_station,bookable_resources_json_backup,6,7,85.7,CORE
trade_home_service,gas_station,entity_items_norm_v,6,7,85.7,CORE
trade_home_service,gas_station,entity_items_v,6,7,85.7,CORE
trade_home_service,gas_station,entity_offer,6,7,85.7,CORE
trade_home_service,gas_station,entity_hours,5,7,71.4,CORE
trade_home_service,gas_station,ai_photo_index_full,4,7,57.1,COMMON
trade_home_service,gas_station,entity_photos,3,7,42.9,COMMON
trade_home_service,gas_station,service_menu,3,7,42.9,COMMON
trade_home_service,gas_station,trade_home_services,3,7,42.9,COMMON
trade_home_service,gas_station,recovery_import_log,2,7,28.6,COMMON
trade_home_service,gas_station,entity_attributes,1,7,14.3,PARTIAL
trade_home_service,gas_station,entity_fuel_prices,1,7,14.3,PARTIAL
trade_home_service,gas_station,entity_google_maps_links,1,7,14.3,PARTIAL
trade_home_service,gas_station,entity_google_reviews,1,7,14.3,PARTIAL
trade_home_service,gas_station,entity_nearby_landmark_types,1,7,14.3,PARTIAL
trade_home_service,gas_station,entity_nearby_landmarks,1,7,14.3,PARTIAL
trade_home_service,gas_station,entity_reviews,1,7,14.3,PARTIAL
trade_home_service,gas_station,entity_good_for,1,7,14.3,PARTIAL
trade_home_service,gas_station,entity_highlights,1,7,14.3,PARTIAL
health_medical,wellness_center,ai_data_completeness_audit_full,7,7,100.0,CORE
health_medical,wellness_center,ai_entity_intent_tags_full,7,7,100.0,CORE
health_medical,wellness_center,ai_entity_profiles_full,7,7,100.0,CORE
health_medical,wellness_center,ai_photo_index_full,7,7,100.0,CORE
health_medical,wellness_center,bookable_resources,7,7,100.0,CORE
health_medical,wellness_center,bookable_resources_json_backup,7,7,100.0,CORE
health_medical,wellness_center,entity,7,7,100.0,CORE
health_medical,wellness_center,entity_completeness_v,7,7,100.0,CORE
health_medical,wellness_center,entity_google_maps_links,7,7,100.0,CORE
health_medical,wellness_center,entity_hours,7,7,100.0,CORE
health_medical,wellness_center,entity_items_norm_v,7,7,100.0,CORE
health_medical,wellness_center,entity_items_v,7,7,100.0,CORE
health_medical,wellness_center,entity_modules,7,7,100.0,CORE
health_medical,wellness_center,entity_nearby_landmark_types,7,7,100.0,CORE
health_medical,wellness_center,entity_nearby_landmarks,7,7,100.0,CORE
health_medical,wellness_center,entity_offer,7,7,100.0,CORE
health_medical,wellness_center,entity_photos,7,7,100.0,CORE
health_medical,wellness_center,entity_tags,7,7,100.0,CORE
health_medical,wellness_center,entity_theme,7,7,100.0,CORE
health_medical,wellness_center,industry_health_medical,7,7,100.0,CORE
health_medical,wellness_center,search_index,7,7,100.0,CORE
health_medical,wellness_center,v_industry_facts_slugs,7,7,100.0,CORE
health_medical,wellness_center,entity_google_reviews,6,7,85.7,CORE
health_medical,wellness_center,entity_reviews,6,7,85.7,CORE
health_medical,wellness_center,entity_attributes,5,7,71.4,CORE
health_medical,wellness_center,health_medical_services,3,7,42.9,COMMON
health_medical,wellness_center,service_menu,3,7,42.9,COMMON
health_medical,wellness_center,entity_address_areas,2,7,28.6,COMMON
health_medical,wellness_center,legacy_photo_migration_queue,2,7,28.6,COMMON
health_medical,wellness_center,entity_seo,1,7,14.3,PARTIAL
health_medical,wellness_center,entity_sources,1,7,14.3,PARTIAL
personal_care,barber_shop,ai_data_completeness_audit_full,7,7,100.0,CORE
personal_care,barber_shop,ai_entity_intent_tags_full,7,7,100.0,CORE
personal_care,barber_shop,ai_entity_profiles_full,7,7,100.0,CORE
personal_care,barber_shop,bookable_resources,7,7,100.0,CORE
personal_care,barber_shop,bookable_resources_json_backup,7,7,100.0,CORE
personal_care,barber_shop,entity,7,7,100.0,CORE
personal_care,barber_shop,entity_address_areas,7,7,100.0,CORE
personal_care,barber_shop,entity_attributes,7,7,100.0,CORE
personal_care,barber_shop,entity_completeness_v,7,7,100.0,CORE
personal_care,barber_shop,entity_google_maps_links,7,7,100.0,CORE
personal_care,barber_shop,entity_google_reviews,7,7,100.0,CORE
personal_care,barber_shop,entity_hours,7,7,100.0,CORE
personal_care,barber_shop,entity_items_norm_v,7,7,100.0,CORE
personal_care,barber_shop,entity_items_v,7,7,100.0,CORE
personal_care,barber_shop,entity_modules,7,7,100.0,CORE
personal_care,barber_shop,entity_nearby_landmark_types,7,7,100.0,CORE
personal_care,barber_shop,entity_nearby_landmarks,7,7,100.0,CORE
personal_care,barber_shop,entity_offer,7,7,100.0,CORE
personal_care,barber_shop,entity_reviews,7,7,100.0,CORE
personal_care,barber_shop,entity_tags,7,7,100.0,CORE
personal_care,barber_shop,entity_theme,7,7,100.0,CORE
personal_care,barber_shop,industry_personal_care,7,7,100.0,CORE
personal_care,barber_shop,personal_care_services,7,7,100.0,CORE
personal_care,barber_shop,search_index,7,7,100.0,CORE
personal_care,barber_shop,service_menu,7,7,100.0,CORE
personal_care,barber_shop,v_industry_facts_slugs,7,7,100.0,CORE
personal_care,barber_shop,ai_photo_index_full,6,7,85.7,CORE
personal_care,barber_shop,entity_photos,6,7,85.7,CORE
performing_arts,movie_theater,ai_data_completeness_audit_full,7,7,100.0,CORE
performing_arts,movie_theater,ai_entity_intent_tags_full,7,7,100.0,CORE
performing_arts,movie_theater,ai_entity_profiles_full,7,7,100.0,CORE
performing_arts,movie_theater,entity,7,7,100.0,CORE
performing_arts,movie_theater,entity_tags,7,7,100.0,CORE
performing_arts,movie_theater,entity_theme,7,7,100.0,CORE
performing_arts,movie_theater,industry_performing_arts,7,7,100.0,CORE
performing_arts,movie_theater,search_index,7,7,100.0,CORE
performing_arts,movie_theater,v_industry_facts_slugs,7,7,100.0,CORE
performing_arts,movie_theater,ai_photo_index_full,6,7,85.7,CORE
performing_arts,movie_theater,entity_attributes,6,7,85.7,CORE
performing_arts,movie_theater,entity_completeness_v,6,7,85.7,CORE
performing_arts,movie_theater,entity_google_maps_links,6,7,85.7,CORE
performing_arts,movie_theater,entity_google_reviews,6,7,85.7,CORE
performing_arts,movie_theater,entity_modules,6,7,85.7,CORE
performing_arts,movie_theater,entity_nearby_landmark_types,6,7,85.7,CORE
performing_arts,movie_theater,entity_nearby_landmarks,6,7,85.7,CORE
performing_arts,movie_theater,entity_photos,6,7,85.7,CORE
performing_arts,movie_theater,entity_reviews,6,7,85.7,CORE
performing_arts,movie_theater,entity_address_areas,5,7,71.4,CORE
performing_arts,movie_theater,entity_hours,2,7,28.6,COMMON
performing_arts,movie_theater,entity_events,1,7,14.3,PARTIAL
performing_arts,movie_theater,legacy_photo_migration_queue,1,7,14.3,PARTIAL
performing_arts,movie_theater,entity_offer,1,7,14.3,PARTIAL
performing_arts,movie_theater,entity_sections,1,7,14.3,PARTIAL
performing_arts,movie_theater,entity_seo_keywords,1,7,14.3,PARTIAL
attraction,historical_landmark,ai_data_completeness_audit_full,7,7,100.0,CORE
attraction,historical_landmark,ai_entity_intent_tags_full,7,7,100.0,CORE
attraction,historical_landmark,ai_entity_profiles_full,7,7,100.0,CORE
attraction,historical_landmark,ai_photo_index_full,7,7,100.0,CORE
attraction,historical_landmark,entity,7,7,100.0,CORE
attraction,historical_landmark,entity_completeness_v,7,7,100.0,CORE
attraction,historical_landmark,entity_google_maps_links,7,7,100.0,CORE
attraction,historical_landmark,entity_google_reviews,7,7,100.0,CORE
attraction,historical_landmark,entity_modules,7,7,100.0,CORE
attraction,historical_landmark,entity_photos,7,7,100.0,CORE
attraction,historical_landmark,entity_reviews,7,7,100.0,CORE
attraction,historical_landmark,entity_tags,7,7,100.0,CORE
attraction,historical_landmark,entity_theme,7,7,100.0,CORE
attraction,historical_landmark,industry_attraction,7,7,100.0,CORE
attraction,historical_landmark,search_index,7,7,100.0,CORE
attraction,historical_landmark,v_industry_facts_slugs,7,7,100.0,CORE
attraction,historical_landmark,entity_address_areas,6,7,85.7,CORE
attraction,historical_landmark,entity_attributes,6,7,85.7,CORE
attraction,historical_landmark,entity_nearby_landmark_types,6,7,85.7,CORE
attraction,historical_landmark,entity_nearby_landmarks,6,7,85.7,CORE
attraction,historical_landmark,entity_hours,4,7,57.1,COMMON
attraction,historical_landmark,legacy_photo_migration_queue,4,7,57.1,COMMON
attraction,historical_landmark,entity_sources,2,7,28.6,COMMON
attraction,historical_landmark,entity_items_norm_v,1,7,14.3,PARTIAL
attraction,historical_landmark,entity_items_v,1,7,14.3,PARTIAL
attraction,historical_landmark,entity_offer,1,7,14.3,PARTIAL
attraction,historical_landmark,entity_secondary_hours,1,7,14.3,PARTIAL
attraction,historical_landmark,entity_section_items,1,7,14.3,PARTIAL
attraction,historical_landmark,entity_sections,1,7,14.3,PARTIAL
attraction,historical_landmark,entity_seo_keywords,1,7,14.3,PARTIAL
attraction,historical_landmark,entity_events,1,7,14.3,PARTIAL
retail,farmers_market,ai_data_completeness_audit_full,7,7,100.0,CORE
retail,farmers_market,ai_entity_intent_tags_full,7,7,100.0,CORE
retail,farmers_market,ai_entity_profiles_full,7,7,100.0,CORE
retail,farmers_market,ai_photo_index_full,7,7,100.0,CORE
retail,farmers_market,entity,7,7,100.0,CORE
retail,farmers_market,entity_attributes,7,7,100.0,CORE
retail,farmers_market,entity_completeness_v,7,7,100.0,CORE
retail,farmers_market,entity_google_maps_links,7,7,100.0,CORE
retail,farmers_market,entity_google_reviews,7,7,100.0,CORE
retail,farmers_market,entity_hours,7,7,100.0,CORE
retail,farmers_market,entity_modules,7,7,100.0,CORE
retail,farmers_market,entity_photos,7,7,100.0,CORE
retail,farmers_market,entity_reviews,7,7,100.0,CORE
retail,farmers_market,entity_tags,7,7,100.0,CORE
retail,farmers_market,entity_theme,7,7,100.0,CORE
retail,farmers_market,industry_retail,7,7,100.0,CORE
retail,farmers_market,search_index,7,7,100.0,CORE
retail,farmers_market,v_industry_facts_slugs,7,7,100.0,CORE
retail,farmers_market,entity_nearby_landmark_types,5,7,71.4,CORE
retail,farmers_market,entity_nearby_landmarks,5,7,71.4,CORE
retail,farmers_market,entity_address_areas,1,7,14.3,PARTIAL
retail,farmers_market,entity_seo,1,7,14.3,PARTIAL
retail,farmers_market,entity_sources,1,7,14.3,PARTIAL
watersport,(none),entity,7,7,100.0,CORE
watersport,(none),entity_completeness_v,7,7,100.0,CORE
watersport,(none),ai_data_completeness_audit_full,6,7,85.7,CORE
watersport,(none),ai_entity_intent_tags_full,6,7,85.7,CORE
watersport,(none),ai_entity_profiles_full,6,7,85.7,CORE
watersport,(none),ai_photo_index_full,6,7,85.7,CORE
watersport,(none),bookable_resources,6,7,85.7,CORE
watersport,(none),bookable_resources_json_backup,6,7,85.7,CORE
watersport,(none),entity_items_norm_v,6,7,85.7,CORE
watersport,(none),entity_items_v,6,7,85.7,CORE
watersport,(none),entity_modules,6,7,85.7,CORE
watersport,(none),entity_offer,6,7,85.7,CORE
watersport,(none),entity_photos,6,7,85.7,CORE
watersport,(none),entity_theme,6,7,85.7,CORE
watersport,(none),industry_watersport,6,7,85.7,CORE
watersport,(none),search_index,6,7,85.7,CORE
watersport,(none),v_industry_facts_slugs,6,7,85.7,CORE
watersport,(none),entity_address_areas,1,7,14.3,PARTIAL
watersport,(none),entity_attributes,1,7,14.3,PARTIAL
watersport,(none),entity_google_maps_links,1,7,14.3,PARTIAL
watersport,(none),entity_google_reviews,1,7,14.3,PARTIAL
watersport,(none),entity_hours,1,7,14.3,PARTIAL
watersport,(none),entity_nearby_landmark_types,1,7,14.3,PARTIAL
watersport,(none),entity_nearby_landmarks,1,7,14.3,PARTIAL
watersport,(none),entity_reviews,1,7,14.3,PARTIAL
watersport,(none),entity_tags,1,7,14.3,PARTIAL
professional_service,consultant,ai_data_completeness_audit_full,7,7,100.0,CORE
professional_service,consultant,ai_entity_intent_tags_full,7,7,100.0,CORE
professional_service,consultant,ai_entity_profiles_full,7,7,100.0,CORE
professional_service,consultant,ai_photo_index_full,7,7,100.0,CORE
professional_service,consultant,bookable_resources,7,7,100.0,CORE
professional_service,consultant,bookable_resources_json_backup,7,7,100.0,CORE
professional_service,consultant,entity,7,7,100.0,CORE
professional_service,consultant,entity_attributes,7,7,100.0,CORE
professional_service,consultant,entity_completeness_v,7,7,100.0,CORE
professional_service,consultant,entity_google_maps_links,7,7,100.0,CORE
professional_service,consultant,entity_hours,7,7,100.0,CORE
professional_service,consultant,entity_items_norm_v,7,7,100.0,CORE
professional_service,consultant,entity_items_v,7,7,100.0,CORE
professional_service,consultant,entity_modules,7,7,100.0,CORE
professional_service,consultant,entity_nearby_landmark_types,7,7,100.0,CORE
professional_service,consultant,entity_nearby_landmarks,7,7,100.0,CORE
professional_service,consultant,entity_offer,7,7,100.0,CORE
professional_service,consultant,entity_photos,7,7,100.0,CORE
professional_service,consultant,entity_tags,7,7,100.0,CORE
professional_service,consultant,entity_theme,7,7,100.0,CORE
professional_service,consultant,industry_professional_service,7,7,100.0,CORE
professional_service,consultant,professional_services,7,7,100.0,CORE
professional_service,consultant,search_index,7,7,100.0,CORE
professional_service,consultant,service_menu,7,7,100.0,CORE
professional_service,consultant,v_industry_facts_slugs,7,7,100.0,CORE
professional_service,consultant,entity_google_reviews,5,7,71.4,CORE
professional_service,consultant,entity_reviews,5,7,71.4,CORE
professional_service,consultant,entity_address_areas,3,7,42.9,COMMON
professional_service,consultant,entity_conflicts,1,7,14.3,PARTIAL
professional_service,consultant,entity_sources,1,7,14.3,PARTIAL
cruise_tour,(none),entity,7,7,100.0,CORE
cruise_tour,(none),entity_completeness_v,7,7,100.0,CORE
cruise_tour,(none),entity_tags,7,7,100.0,CORE
cruise_tour,(none),entity_theme,7,7,100.0,CORE
cruise_tour,(none),industry_cruise_tour,7,7,100.0,CORE
cruise_tour,(none),search_index,7,7,100.0,CORE
cruise_tour,(none),v_industry_facts_slugs,7,7,100.0,CORE
cruise_tour,(none),entity_sources,6,7,85.7,CORE
cruise_tour,(none),bookable_resources,3,7,42.9,COMMON
cruise_tour,(none),entity_items_norm_v,3,7,42.9,COMMON
cruise_tour,(none),entity_items_v,3,7,42.9,COMMON
cruise_tour,(none),entity_offer,3,7,42.9,COMMON
cruise_tour,(none),entity_photos,3,7,42.9,COMMON
cruise_tour,(none),ai_data_completeness_audit_full,2,7,28.6,COMMON
cruise_tour,(none),ai_entity_intent_tags_full,2,7,28.6,COMMON
cruise_tour,(none),ai_entity_profiles_full,2,7,28.6,COMMON
cruise_tour,(none),ai_photo_index_full,2,7,28.6,COMMON
cruise_tour,(none),bookable_resources_json_backup,2,7,28.6,COMMON
cruise_tour,(none),entity_modules,2,7,28.6,COMMON
cruise_tour,(none),offering_prices,1,7,14.3,PARTIAL
cruise_tour,(none),offerings,1,7,14.3,PARTIAL
cruise_tour,(none),tourist_saves,1,7,14.3,PARTIAL
cruise_tour,(none),tourist_seen,1,7,14.3,PARTIAL
cruise_tour,(none),tourist_swipe_events,1,7,14.3,PARTIAL
cruise_tour,(none),vessels,1,7,14.3,PARTIAL
cruise_tour,(none),entity_hours,1,7,14.3,PARTIAL
cruise_tour,(none),entity_conflicts,1,7,14.3,PARTIAL
rental,equipment_rental,entity,7,7,100.0,CORE
rental,equipment_rental,entity_completeness_v,7,7,100.0,CORE
rental,equipment_rental,entity_items_norm_v,7,7,100.0,CORE
rental,equipment_rental,entity_items_v,7,7,100.0,CORE
rental,equipment_rental,entity_offer,7,7,100.0,CORE
rental,equipment_rental,entity_tags,7,7,100.0,CORE
rental,equipment_rental,entity_theme,7,7,100.0,CORE
rental,equipment_rental,industry_rental,7,7,100.0,CORE
rental,equipment_rental,search_index,7,7,100.0,CORE
rental,equipment_rental,v_industry_facts_slugs,7,7,100.0,CORE
rental,equipment_rental,entity_sources,6,7,85.7,CORE
rental,equipment_rental,offerings,6,7,85.7,CORE
rental,equipment_rental,offering_prices,2,7,28.6,COMMON
rental,equipment_rental,ai_data_completeness_audit_full,1,7,14.3,PARTIAL
rental,equipment_rental,ai_entity_intent_tags_full,1,7,14.3,PARTIAL
rental,equipment_rental,ai_entity_profiles_full,1,7,14.3,PARTIAL
rental,equipment_rental,ai_photo_index_full,1,7,14.3,PARTIAL
rental,equipment_rental,bookable_resources,1,7,14.3,PARTIAL
rental,equipment_rental,bookable_resources_json_backup,1,7,14.3,PARTIAL
rental,equipment_rental,entity_good_for,1,7,14.3,PARTIAL
rental,equipment_rental,entity_highlights,1,7,14.3,PARTIAL
rental,equipment_rental,entity_hours,1,7,14.3,PARTIAL
rental,equipment_rental,entity_modules,1,7,14.3,PARTIAL
rental,equipment_rental,entity_photos,1,7,14.3,PARTIAL
cruise_tour,boat_tour,ai_data_completeness_audit_full,7,7,100.0,CORE
cruise_tour,boat_tour,ai_entity_intent_tags_full,7,7,100.0,CORE
cruise_tour,boat_tour,ai_entity_profiles_full,7,7,100.0,CORE
cruise_tour,boat_tour,ai_photo_index_full,7,7,100.0,CORE
cruise_tour,boat_tour,entity,7,7,100.0,CORE
cruise_tour,boat_tour,entity_completeness_v,7,7,100.0,CORE
cruise_tour,boat_tour,entity_highlights,7,7,100.0,CORE
cruise_tour,boat_tour,entity_items_norm_v,7,7,100.0,CORE
cruise_tour,boat_tour,entity_items_v,7,7,100.0,CORE
cruise_tour,boat_tour,entity_modules,7,7,100.0,CORE
cruise_tour,boat_tour,entity_offer,7,7,100.0,CORE
cruise_tour,boat_tour,entity_offer_section,7,7,100.0,CORE
cruise_tour,boat_tour,entity_photos,7,7,100.0,CORE
cruise_tour,boat_tour,entity_sources,7,7,100.0,CORE
cruise_tour,boat_tour,entity_tags,7,7,100.0,CORE
cruise_tour,boat_tour,entity_theme,7,7,100.0,CORE
cruise_tour,boat_tour,industry_cruise_tour,7,7,100.0,CORE
cruise_tour,boat_tour,meeting_points,7,7,100.0,CORE
cruise_tour,boat_tour,offering_prices,7,7,100.0,CORE
cruise_tour,boat_tour,offerings,7,7,100.0,CORE
cruise_tour,boat_tour,pricing_items,7,7,100.0,CORE
cruise_tour,boat_tour,requirements,7,7,100.0,CORE
cruise_tour,boat_tour,search_index,7,7,100.0,CORE
cruise_tour,boat_tour,v_industry_facts_slugs,7,7,100.0,CORE
cruise_tour,boat_tour,activity_options,6,7,85.7,CORE
cruise_tour,boat_tour,faqs,5,7,71.4,CORE
cruise_tour,boat_tour,industry_rental,1,7,14.3,PARTIAL
vacation_rental,rv-park,entity,7,7,100.0,CORE
vacation_rental,rv-park,entity_completeness_v,7,7,100.0,CORE
vacation_rental,rv-park,entity_theme,7,7,100.0,CORE
vacation_rental,rv-park,industry_vacation_rental,7,7,100.0,CORE
vacation_rental,rv-park,recovery_import_log,7,7,100.0,CORE
vacation_rental,rv-park,search_index,7,7,100.0,CORE
vacation_rental,rv-park,v_industry_facts_slugs,7,7,100.0,CORE
food_beverage,sandwich_shop,ai_data_completeness_audit_full,6,6,100.0,CORE
food_beverage,sandwich_shop,ai_entity_intent_tags_full,6,6,100.0,CORE
food_beverage,sandwich_shop,ai_entity_profiles_full,6,6,100.0,CORE
food_beverage,sandwich_shop,ai_photo_index_full,6,6,100.0,CORE
food_beverage,sandwich_shop,entity,6,6,100.0,CORE
food_beverage,sandwich_shop,entity_attributes,6,6,100.0,CORE
food_beverage,sandwich_shop,entity_completeness_v,6,6,100.0,CORE
food_beverage,sandwich_shop,entity_hours,6,6,100.0,CORE
food_beverage,sandwich_shop,entity_modules,6,6,100.0,CORE
food_beverage,sandwich_shop,entity_photos,6,6,100.0,CORE
food_beverage,sandwich_shop,entity_tags,6,6,100.0,CORE
food_beverage,sandwich_shop,entity_theme,6,6,100.0,CORE
food_beverage,sandwich_shop,industry_food_beverage,6,6,100.0,CORE
food_beverage,sandwich_shop,search_index,6,6,100.0,CORE
food_beverage,sandwich_shop,v_industry_facts_slugs,6,6,100.0,CORE
food_beverage,sandwich_shop,entity_google_maps_links,5,6,83.3,CORE
food_beverage,sandwich_shop,entity_google_reviews,5,6,83.3,CORE
food_beverage,sandwich_shop,entity_nearby_landmark_types,5,6,83.3,CORE
food_beverage,sandwich_shop,entity_nearby_landmarks,5,6,83.3,CORE
food_beverage,sandwich_shop,entity_reviews,5,6,83.3,CORE
food_beverage,sandwich_shop,entity_address_areas,2,6,33.3,COMMON
food_beverage,sandwich_shop,entity_seo,2,6,33.3,COMMON
food_beverage,sandwich_shop,ai_event_planner_index_full,1,6,16.7,COMMON
food_beverage,sandwich_shop,ai_unified_search_items_full,1,6,16.7,COMMON
food_beverage,sandwich_shop,catalog_items,1,6,16.7,COMMON
food_beverage,sandwich_shop,catalog_section_days,1,6,16.7,COMMON
food_beverage,sandwich_shop,catalog_sections,1,6,16.7,COMMON
food_beverage,sandwich_shop,entity_events,1,6,16.7,COMMON
food_beverage,sandwich_shop,entity_items_norm_v,1,6,16.7,COMMON
food_beverage,sandwich_shop,entity_items_v,1,6,16.7,COMMON
food_beverage,sandwich_shop,entity_offer,1,6,16.7,COMMON
food_beverage,sandwich_shop,entity_offer_section,1,6,16.7,COMMON
food_beverage,sandwich_shop,menu_items,1,6,16.7,COMMON
food_beverage,sandwich_shop,menu_section_days,1,6,16.7,COMMON
food_beverage,sandwich_shop,menu_section_details,1,6,16.7,COMMON
food_beverage,sandwich_shop,menu_sections,1,6,16.7,COMMON
food_beverage,sandwich_shop,tourist_seen,1,6,16.7,COMMON
food_beverage,sandwich_shop,tourist_swipe_events,1,6,16.7,COMMON
food_beverage,sandwich_shop,entity_sources,1,6,16.7,COMMON
food_beverage,sandwich_shop,legacy_photo_migration_queue,1,6,16.7,COMMON
retail,florist,ai_data_completeness_audit_full,6,6,100.0,CORE
retail,florist,ai_entity_intent_tags_full,6,6,100.0,CORE
retail,florist,ai_entity_profiles_full,6,6,100.0,CORE
retail,florist,ai_photo_index_full,6,6,100.0,CORE
retail,florist,entity,6,6,100.0,CORE
retail,florist,entity_completeness_v,6,6,100.0,CORE
retail,florist,entity_hours,6,6,100.0,CORE
retail,florist,entity_modules,6,6,100.0,CORE
retail,florist,entity_photos,6,6,100.0,CORE
retail,florist,entity_tags,6,6,100.0,CORE
retail,florist,entity_theme,6,6,100.0,CORE
retail,florist,industry_retail,6,6,100.0,CORE
retail,florist,search_index,6,6,100.0,CORE
retail,florist,v_industry_facts_slugs,6,6,100.0,CORE
retail,florist,entity_attributes,5,6,83.3,CORE
retail,florist,entity_google_maps_links,5,6,83.3,CORE
retail,florist,entity_google_reviews,5,6,83.3,CORE
retail,florist,entity_nearby_landmark_types,5,6,83.3,CORE
retail,florist,entity_nearby_landmarks,5,6,83.3,CORE
retail,florist,entity_reviews,5,6,83.3,CORE
retail,florist,entity_address_areas,3,6,50.0,COMMON
retail,florist,ai_unified_search_items_full,2,6,33.3,COMMON
retail,florist,catalog_items,2,6,33.3,COMMON
retail,florist,catalog_section_days,2,6,33.3,COMMON
retail,florist,catalog_sections,2,6,33.3,COMMON
retail,florist,entity_items_norm_v,2,6,33.3,COMMON
retail,florist,entity_items_v,2,6,33.3,COMMON
retail,florist,entity_offer,2,6,33.3,COMMON
retail,florist,entity_offer_section,2,6,33.3,COMMON
retail,florist,menu_items,2,6,33.3,COMMON
retail,florist,menu_section_days,2,6,33.3,COMMON
retail,florist,menu_section_details,2,6,33.3,COMMON
retail,florist,menu_sections,2,6,33.3,COMMON
retail,florist,entity_good_for,1,6,16.7,COMMON
retail,florist,entity_highlights,1,6,16.7,COMMON
retail,florist,entity_secondary_hours,1,6,16.7,COMMON
retail,florist,inventory_items,1,6,16.7,COMMON
retail,florist,products,1,6,16.7,COMMON
retail,florist,bookable_resources,1,6,16.7,COMMON
retail,florist,bookable_resources_json_backup,1,6,16.7,COMMON
watersport,watersports,entity,6,6,100.0,CORE
watersport,watersports,entity_completeness_v,6,6,100.0,CORE
watersport,watersports,entity_photos,6,6,100.0,CORE
watersport,watersports,entity_theme,6,6,100.0,CORE
watersport,watersports,industry_watersport,6,6,100.0,CORE
watersport,watersports,search_index,6,6,100.0,CORE
watersport,watersports,v_industry_facts_slugs,6,6,100.0,CORE
watersport,watersports,ai_data_completeness_audit_full,5,6,83.3,CORE
watersport,watersports,ai_entity_intent_tags_full,5,6,83.3,CORE
watersport,watersports,ai_entity_profiles_full,5,6,83.3,CORE
watersport,watersports,ai_photo_index_full,5,6,83.3,CORE
watersport,watersports,entity_hours,5,6,83.3,CORE
watersport,watersports,entity_items_norm_v,5,6,83.3,CORE
watersport,watersports,entity_items_v,5,6,83.3,CORE
watersport,watersports,entity_modules,5,6,83.3,CORE
watersport,watersports,entity_offer,5,6,83.3,CORE
watersport,watersports,entity_tags,5,6,83.3,CORE
watersport,watersports,activity_options,4,6,66.7,CORE
watersport,watersports,entity_reviews,4,6,66.7,CORE
watersport,watersports,entity_sources,4,6,66.7,CORE
watersport,watersports,offerings,4,6,66.7,CORE
watersport,watersports,bookable_resources,3,6,50.0,COMMON
watersport,watersports,bookable_resources_json_backup,3,6,50.0,COMMON
watersport,watersports,entity_attributes,3,6,50.0,COMMON
watersport,watersports,entity_google_maps_links,3,6,50.0,COMMON
watersport,watersports,entity_google_reviews,3,6,50.0,COMMON
watersport,watersports,entity_nearby_landmark_types,3,6,50.0,COMMON
watersport,watersports,entity_nearby_landmarks,3,6,50.0,COMMON
watersport,watersports,entity_highlights,3,6,50.0,COMMON
watersport,watersports,legacy_photo_migration_queue,2,6,33.3,COMMON
watersport,watersports,offering_prices,2,6,33.3,COMMON
watersport,watersports,entity_good_for,2,6,33.3,COMMON
watersport,watersports,entity_address_areas,1,6,16.7,COMMON
watersport,watersports,vessels,1,6,16.7,COMMON
watersport,watersports,entity_policies,1,6,16.7,COMMON
watersport,watersports,tourist_saves,1,6,16.7,COMMON
watersport,watersports,tourist_seen,1,6,16.7,COMMON
watersport,watersports,tourist_swipe_events,1,6,16.7,COMMON
watersport,watersports,meeting_points,1,6,16.7,COMMON
watersport,watersports,requirements,1,6,16.7,COMMON
watersport,watersports,whats_excluded,1,6,16.7,COMMON
watersport,watersports,whats_included,1,6,16.7,COMMON
entertainment_venue,bowling_alley,ai_data_completeness_audit_full,6,6,100.0,CORE
entertainment_venue,bowling_alley,ai_entity_intent_tags_full,6,6,100.0,CORE
entertainment_venue,bowling_alley,ai_entity_profiles_full,6,6,100.0,CORE
entertainment_venue,bowling_alley,ai_photo_index_full,6,6,100.0,CORE
entertainment_venue,bowling_alley,entity,6,6,100.0,CORE
entertainment_venue,bowling_alley,entity_attributes,6,6,100.0,CORE
entertainment_venue,bowling_alley,entity_google_maps_links,6,6,100.0,CORE
entertainment_venue,bowling_alley,entity_google_reviews,6,6,100.0,CORE
entertainment_venue,bowling_alley,entity_modules,6,6,100.0,CORE
entertainment_venue,bowling_alley,entity_photos,6,6,100.0,CORE
entertainment_venue,bowling_alley,entity_reviews,6,6,100.0,CORE
entertainment_venue,bowling_alley,entity_tags,6,6,100.0,CORE
entertainment_venue,bowling_alley,entity_theme,6,6,100.0,CORE
entertainment_venue,bowling_alley,industry_entertainment_venue,6,6,100.0,CORE
entertainment_venue,bowling_alley,search_index,6,6,100.0,CORE
entertainment_venue,bowling_alley,v_industry_facts_slugs,6,6,100.0,CORE
entertainment_venue,bowling_alley,entity_completeness_v,5,6,83.3,CORE
entertainment_venue,bowling_alley,entity_hours,5,6,83.3,CORE
entertainment_venue,bowling_alley,entity_nearby_landmark_types,5,6,83.3,CORE
entertainment_venue,bowling_alley,entity_nearby_landmarks,5,6,83.3,CORE
entertainment_venue,bowling_alley,entity_address_areas,3,6,50.0,COMMON
entertainment_venue,bowling_alley,ai_event_planner_index_full,1,6,16.7,COMMON
entertainment_venue,bowling_alley,ai_unified_search_items_full,1,6,16.7,COMMON
entertainment_venue,bowling_alley,entity_events,1,6,16.7,COMMON
entertainment_venue,bowling_alley,entity_items_norm_v,1,6,16.7,COMMON
entertainment_venue,bowling_alley,entity_items_v,1,6,16.7,COMMON
entertainment_venue,bowling_alley,entity_offer,1,6,16.7,COMMON
entertainment_venue,bowling_alley,offering_prices,1,6,16.7,COMMON
entertainment_venue,bowling_alley,offerings,1,6,16.7,COMMON
entertainment_venue,bowling_alley,tourist_seen,1,6,16.7,COMMON
entertainment_venue,bowling_alley,tourist_swipe_events,1,6,16.7,COMMON
fitness_sports,sports_club,ai_data_completeness_audit_full,6,6,100.0,CORE
fitness_sports,sports_club,ai_entity_intent_tags_full,6,6,100.0,CORE
fitness_sports,sports_club,ai_entity_profiles_full,6,6,100.0,CORE
fitness_sports,sports_club,ai_photo_index_full,6,6,100.0,CORE
fitness_sports,sports_club,entity,6,6,100.0,CORE
fitness_sports,sports_club,entity_attributes,6,6,100.0,CORE
fitness_sports,sports_club,entity_completeness_v,6,6,100.0,CORE
fitness_sports,sports_club,entity_google_maps_links,6,6,100.0,CORE
fitness_sports,sports_club,entity_modules,6,6,100.0,CORE
fitness_sports,sports_club,entity_photos,6,6,100.0,CORE
fitness_sports,sports_club,entity_tags,6,6,100.0,CORE
fitness_sports,sports_club,entity_theme,6,6,100.0,CORE
fitness_sports,sports_club,industry_fitness_sports,6,6,100.0,CORE
fitness_sports,sports_club,search_index,6,6,100.0,CORE
fitness_sports,sports_club,v_industry_facts_slugs,6,6,100.0,CORE
fitness_sports,sports_club,entity_google_reviews,5,6,83.3,CORE
fitness_sports,sports_club,entity_reviews,5,6,83.3,CORE
fitness_sports,sports_club,entity_hours,4,6,66.7,CORE
fitness_sports,sports_club,entity_nearby_landmarks,4,6,66.7,CORE
fitness_sports,sports_club,legacy_photo_migration_queue,3,6,50.0,COMMON
fitness_sports,sports_club,entity_address_areas,3,6,50.0,COMMON
fitness_sports,sports_club,entity_nearby_landmark_types,3,6,50.0,COMMON
fitness_sports,sports_club,catalog_items,2,6,33.3,COMMON
fitness_sports,sports_club,catalog_section_days,2,6,33.3,COMMON
fitness_sports,sports_club,catalog_sections,2,6,33.3,COMMON
fitness_sports,sports_club,entity_items_norm_v,2,6,33.3,COMMON
fitness_sports,sports_club,entity_items_v,2,6,33.3,COMMON
fitness_sports,sports_club,entity_offer,2,6,33.3,COMMON
fitness_sports,sports_club,entity_offer_section,2,6,33.3,COMMON
fitness_sports,sports_club,menu_items,2,6,33.3,COMMON
fitness_sports,sports_club,menu_section_days,2,6,33.3,COMMON
fitness_sports,sports_club,menu_section_details,2,6,33.3,COMMON
fitness_sports,sports_club,menu_sections,2,6,33.3,COMMON
fitness_sports,sports_club,entity_amenities,1,6,16.7,COMMON
fitness_sports,sports_club,entity_policies,1,6,16.7,COMMON
fitness_sports,sports_club,entity_seo,1,6,16.7,COMMON
fitness_sports,sports_club,entity_sources,1,6,16.7,COMMON
fitness_sports,sports_club,offering_prices,1,6,16.7,COMMON
fitness_sports,sports_club,offerings,1,6,16.7,COMMON
fitness_sports,sports_club,ai_unified_search_items_full,1,6,16.7,COMMON
retail,furniture_store,ai_data_completeness_audit_full,6,6,100.0,CORE
retail,furniture_store,ai_entity_intent_tags_full,6,6,100.0,CORE
retail,furniture_store,ai_entity_profiles_full,6,6,100.0,CORE
retail,furniture_store,ai_photo_index_full,6,6,100.0,CORE
retail,furniture_store,entity,6,6,100.0,CORE
retail,furniture_store,entity_completeness_v,6,6,100.0,CORE
retail,furniture_store,entity_modules,6,6,100.0,CORE
retail,furniture_store,entity_tags,6,6,100.0,CORE
retail,furniture_store,entity_theme,6,6,100.0,CORE
retail,furniture_store,industry_retail,6,6,100.0,CORE
retail,furniture_store,search_index,6,6,100.0,CORE
retail,furniture_store,v_industry_facts_slugs,6,6,100.0,CORE
retail,furniture_store,entity_attributes,5,6,83.3,CORE
retail,furniture_store,entity_google_maps_links,5,6,83.3,CORE
retail,furniture_store,entity_google_reviews,5,6,83.3,CORE
retail,furniture_store,entity_hours,5,6,83.3,CORE
retail,furniture_store,entity_nearby_landmark_types,5,6,83.3,CORE
retail,furniture_store,entity_nearby_landmarks,5,6,83.3,CORE
retail,furniture_store,entity_photos,5,6,83.3,CORE
retail,furniture_store,entity_reviews,5,6,83.3,CORE
retail,furniture_store,legacy_photo_migration_queue,4,6,66.7,CORE
retail,furniture_store,entity_address_areas,1,6,16.7,COMMON
retail,furniture_store,entity_secondary_hours,1,6,16.7,COMMON
hotel,motel,ai_data_completeness_audit_full,6,6,100.0,CORE
hotel,motel,ai_entity_intent_tags_full,6,6,100.0,CORE
hotel,motel,ai_entity_profiles_full,6,6,100.0,CORE
hotel,motel,entity,6,6,100.0,CORE
hotel,motel,entity_completeness_v,6,6,100.0,CORE
hotel,motel,entity_tags,6,6,100.0,CORE
hotel,motel,entity_theme,6,6,100.0,CORE
hotel,motel,industry_hotel,6,6,100.0,CORE
hotel,motel,search_index,6,6,100.0,CORE
hotel,motel,v_industry_facts_slugs,6,6,100.0,CORE
hotel,motel,entity_google_maps_links,5,6,83.3,CORE
hotel,motel,entity_google_reviews,5,6,83.3,CORE
hotel,motel,entity_modules,5,6,83.3,CORE
hotel,motel,entity_nearby_landmark_types,5,6,83.3,CORE
hotel,motel,entity_nearby_landmarks,5,6,83.3,CORE
hotel,motel,entity_reviews,5,6,83.3,CORE
hotel,motel,entity_attributes,4,6,66.7,CORE
hotel,motel,ai_photo_index_full,3,6,50.0,COMMON
hotel,motel,entity_address_areas,3,6,50.0,COMMON
hotel,motel,entity_photos,3,6,50.0,COMMON
hotel,motel,entity_hours,1,6,16.7,COMMON
hotel,motel,legacy_photo_migration_queue,1,6,16.7,COMMON
retail,winery,ai_data_completeness_audit_full,6,6,100.0,CORE
retail,winery,ai_entity_intent_tags_full,6,6,100.0,CORE
retail,winery,ai_entity_profiles_full,6,6,100.0,CORE
retail,winery,entity,6,6,100.0,CORE
retail,winery,entity_completeness_v,6,6,100.0,CORE
retail,winery,entity_tags,6,6,100.0,CORE
retail,winery,entity_theme,6,6,100.0,CORE
retail,winery,industry_retail,6,6,100.0,CORE
retail,winery,search_index,6,6,100.0,CORE
retail,winery,v_industry_facts_slugs,6,6,100.0,CORE
retail,winery,entity_attributes,2,6,33.3,COMMON
retail,winery,entity_hours,2,6,33.3,COMMON
cafe_dessert,(none),entity,6,6,100.0,CORE
cafe_dessert,(none),entity_completeness_v,6,6,100.0,CORE
cafe_dessert,(none),industry_cafe_dessert,6,6,100.0,CORE
cafe_dessert,(none),search_index,6,6,100.0,CORE
cafe_dessert,(none),v_industry_facts_slugs,6,6,100.0,CORE
cafe_dessert,(none),entity_theme,3,6,50.0,COMMON
cafe_dessert,(none),entity_conflicts,3,6,50.0,COMMON
cafe_dessert,(none),recovery_import_log,2,6,33.3,COMMON
cafe_dessert,(none),ai_data_completeness_audit_full,1,6,16.7,COMMON
cafe_dessert,(none),ai_entity_intent_tags_full,1,6,16.7,COMMON
cafe_dessert,(none),ai_entity_profiles_full,1,6,16.7,COMMON
cafe_dessert,(none),ai_photo_index_full,1,6,16.7,COMMON
cafe_dessert,(none),entity_modules,1,6,16.7,COMMON
cafe_dessert,(none),entity_photos,1,6,16.7,COMMON
cafe_dessert,(none),tourist_seen,1,6,16.7,COMMON
cafe_dessert,(none),tourist_swipe_events,1,6,16.7,COMMON
attraction,(none),entity,6,6,100.0,CORE
attraction,(none),entity_completeness_v,6,6,100.0,CORE
attraction,(none),entity_sources,6,6,100.0,CORE
attraction,(none),entity_tags,6,6,100.0,CORE
attraction,(none),entity_theme,6,6,100.0,CORE
attraction,(none),industry_attraction,6,6,100.0,CORE
attraction,(none),search_index,6,6,100.0,CORE
attraction,(none),v_industry_facts_slugs,6,6,100.0,CORE
attraction,(none),entity_items_norm_v,1,6,16.7,COMMON
attraction,(none),entity_items_v,1,6,16.7,COMMON
attraction,(none),entity_offer,1,6,16.7,COMMON
attraction,(none),entity_photos,1,6,16.7,COMMON
attraction,(none),meeting_points,1,6,16.7,COMMON
attraction,(none),offerings,1,6,16.7,COMMON
attraction,(none),requirements,1,6,16.7,COMMON
attraction,(none),tourist_seen,1,6,16.7,COMMON
attraction,(none),tourist_swipe_events,1,6,16.7,COMMON
attraction,(none),whats_included,1,6,16.7,COMMON
condo,owner_managed_condo_group,entity,6,6,100.0,CORE
condo,owner_managed_condo_group,entity_completeness_v,6,6,100.0,CORE
condo,owner_managed_condo_group,entity_modules,6,6,100.0,CORE
condo,owner_managed_condo_group,entity_theme,6,6,100.0,CORE
condo,owner_managed_condo_group,industry_condo,6,6,100.0,CORE
condo,owner_managed_condo_group,search_index,6,6,100.0,CORE
condo,owner_managed_condo_group,v_industry_facts_slugs,6,6,100.0,CORE
retail,convenience-store,entity,6,6,100.0,CORE
retail,convenience-store,entity_completeness_v,6,6,100.0,CORE
retail,convenience-store,entity_theme,6,6,100.0,CORE
retail,convenience-store,industry_retail,6,6,100.0,CORE
retail,convenience-store,recovery_import_log,6,6,100.0,CORE
retail,convenience-store,search_index,6,6,100.0,CORE
retail,convenience-store,v_industry_facts_slugs,6,6,100.0,CORE
retail,convenience-store,entity_photos,1,6,16.7,COMMON
retail,boutique,entity,6,6,100.0,CORE
retail,boutique,entity_completeness_v,6,6,100.0,CORE
retail,boutique,entity_theme,6,6,100.0,CORE
retail,boutique,industry_retail,6,6,100.0,CORE
retail,boutique,recovery_import_log,6,6,100.0,CORE
retail,boutique,search_index,6,6,100.0,CORE
retail,boutique,v_industry_facts_slugs,6,6,100.0,CORE
food_beverage,brunch_restaurant,ai_data_completeness_audit_full,5,5,100.0,CORE
food_beverage,brunch_restaurant,ai_entity_intent_tags_full,5,5,100.0,CORE
food_beverage,brunch_restaurant,ai_entity_profiles_full,5,5,100.0,CORE
food_beverage,brunch_restaurant,ai_photo_index_full,5,5,100.0,CORE
food_beverage,brunch_restaurant,entity,5,5,100.0,CORE
food_beverage,brunch_restaurant,entity_completeness_v,5,5,100.0,CORE
food_beverage,brunch_restaurant,entity_modules,5,5,100.0,CORE
food_beverage,brunch_restaurant,entity_photos,5,5,100.0,CORE
food_beverage,brunch_restaurant,entity_tags,5,5,100.0,CORE
food_beverage,brunch_restaurant,entity_theme,5,5,100.0,CORE
food_beverage,brunch_restaurant,industry_food_beverage,5,5,100.0,CORE
food_beverage,brunch_restaurant,search_index,5,5,100.0,CORE
food_beverage,brunch_restaurant,v_industry_facts_slugs,5,5,100.0,CORE
food_beverage,brunch_restaurant,entity_attributes,4,5,80.0,CORE
food_beverage,brunch_restaurant,entity_google_maps_links,4,5,80.0,CORE
food_beverage,brunch_restaurant,entity_google_reviews,4,5,80.0,CORE
food_beverage,brunch_restaurant,entity_hours,4,5,80.0,CORE
food_beverage,brunch_restaurant,entity_nearby_landmark_types,4,5,80.0,CORE
food_beverage,brunch_restaurant,entity_nearby_landmarks,4,5,80.0,CORE
food_beverage,brunch_restaurant,entity_reviews,4,5,80.0,CORE
food_beverage,brunch_restaurant,ai_unified_search_items_full,3,5,60.0,CORE
food_beverage,brunch_restaurant,catalog_items,3,5,60.0,CORE
food_beverage,brunch_restaurant,catalog_section_days,3,5,60.0,CORE
food_beverage,brunch_restaurant,catalog_sections,3,5,60.0,CORE
food_beverage,brunch_restaurant,entity_address_areas,3,5,60.0,CORE
food_beverage,brunch_restaurant,entity_items_norm_v,3,5,60.0,CORE
food_beverage,brunch_restaurant,entity_items_v,3,5,60.0,CORE
food_beverage,brunch_restaurant,entity_offer,3,5,60.0,CORE
food_beverage,brunch_restaurant,entity_offer_section,3,5,60.0,CORE
food_beverage,brunch_restaurant,entity_sources,3,5,60.0,CORE
food_beverage,brunch_restaurant,legacy_photo_migration_queue,3,5,60.0,CORE
food_beverage,brunch_restaurant,menu_items,3,5,60.0,CORE
food_beverage,brunch_restaurant,menu_section_days,3,5,60.0,CORE
food_beverage,brunch_restaurant,menu_section_details,3,5,60.0,CORE
food_beverage,brunch_restaurant,menu_sections,3,5,60.0,CORE
food_beverage,brunch_restaurant,entity_conflicts,2,5,40.0,COMMON
food_beverage,brunch_restaurant,ai_data_quality_audit,1,5,20.0,COMMON
food_beverage,brunch_restaurant,ai_data_quality_issues,1,5,20.0,COMMON
food_beverage,brunch_restaurant,ai_drink_item_tag_values,1,5,20.0,COMMON
food_beverage,brunch_restaurant,ai_drink_item_tags,1,5,20.0,COMMON
food_beverage,brunch_restaurant,ai_menu_item_tag_values,1,5,20.0,COMMON
food_beverage,brunch_restaurant,ai_menu_item_tags,1,5,20.0,COMMON
food_beverage,brunch_restaurant,ai_planner_intent_tags,1,5,20.0,COMMON
food_beverage,brunch_restaurant,ai_planner_profile_tags,1,5,20.0,COMMON
food_beverage,brunch_restaurant,ai_planner_profiles,1,5,20.0,COMMON
food_beverage,brunch_restaurant,ai_voice_snippets,1,5,20.0,COMMON
food_beverage,brunch_restaurant,drink_items,1,5,20.0,COMMON
food_beverage,brunch_restaurant,drink_sections,1,5,20.0,COMMON
food_beverage,brunch_restaurant,entity_seo,1,5,20.0,COMMON
food_beverage,brunch_restaurant,tourist_saves,1,5,20.0,COMMON
food_beverage,brunch_restaurant,tourist_seen,1,5,20.0,COMMON
food_beverage,brunch_restaurant,tourist_swipe_events,1,5,20.0,COMMON
food_beverage,brunch_restaurant,entity_good_for,1,5,20.0,COMMON
food_beverage,brunch_restaurant,entity_highlights,1,5,20.0,COMMON
food_beverage,brunch_restaurant,recovery_import_log,1,5,20.0,COMMON
cafe_dessert,donut_shop,ai_data_completeness_audit_full,5,5,100.0,CORE
cafe_dessert,donut_shop,ai_entity_intent_tags_full,5,5,100.0,CORE
cafe_dessert,donut_shop,ai_entity_profiles_full,5,5,100.0,CORE
cafe_dessert,donut_shop,ai_photo_index_full,5,5,100.0,CORE
cafe_dessert,donut_shop,entity,5,5,100.0,CORE
cafe_dessert,donut_shop,entity_address_areas,5,5,100.0,CORE
cafe_dessert,donut_shop,entity_attributes,5,5,100.0,CORE
cafe_dessert,donut_shop,entity_completeness_v,5,5,100.0,CORE
cafe_dessert,donut_shop,entity_google_maps_links,5,5,100.0,CORE
cafe_dessert,donut_shop,entity_google_reviews,5,5,100.0,CORE
cafe_dessert,donut_shop,entity_hours,5,5,100.0,CORE
cafe_dessert,donut_shop,entity_modules,5,5,100.0,CORE
cafe_dessert,donut_shop,entity_nearby_landmark_types,5,5,100.0,CORE
cafe_dessert,donut_shop,entity_nearby_landmarks,5,5,100.0,CORE
cafe_dessert,donut_shop,entity_photos,5,5,100.0,CORE
cafe_dessert,donut_shop,entity_reviews,5,5,100.0,CORE
cafe_dessert,donut_shop,entity_tags,5,5,100.0,CORE
cafe_dessert,donut_shop,entity_theme,5,5,100.0,CORE
cafe_dessert,donut_shop,industry_cafe_dessert,5,5,100.0,CORE
cafe_dessert,donut_shop,search_index,5,5,100.0,CORE
cafe_dessert,donut_shop,v_industry_facts_slugs,5,5,100.0,CORE
cafe_dessert,donut_shop,industry_food_beverage,4,5,80.0,CORE
cafe_dessert,donut_shop,legacy_photo_migration_queue,4,5,80.0,CORE
cafe_dessert,donut_shop,ai_unified_search_items_full,3,5,60.0,CORE
cafe_dessert,donut_shop,catalog_items,3,5,60.0,CORE
cafe_dessert,donut_shop,catalog_section_days,3,5,60.0,CORE
cafe_dessert,donut_shop,catalog_sections,3,5,60.0,CORE
cafe_dessert,donut_shop,entity_items_norm_v,3,5,60.0,CORE
cafe_dessert,donut_shop,entity_items_v,3,5,60.0,CORE
cafe_dessert,donut_shop,entity_offer,3,5,60.0,CORE
cafe_dessert,donut_shop,entity_offer_section,3,5,60.0,CORE
cafe_dessert,donut_shop,menu_items,3,5,60.0,CORE
cafe_dessert,donut_shop,menu_section_days,3,5,60.0,CORE
cafe_dessert,donut_shop,menu_section_details,3,5,60.0,CORE
cafe_dessert,donut_shop,menu_sections,3,5,60.0,CORE
cafe_dessert,donut_shop,entity_good_for,2,5,40.0,COMMON
cafe_dessert,donut_shop,entity_highlights,2,5,40.0,COMMON
cafe_dessert,donut_shop,entity_secondary_hours,2,5,40.0,COMMON
cafe_dessert,donut_shop,entity_seo,1,5,20.0,COMMON
cafe_dessert,donut_shop,entity_sources,1,5,20.0,COMMON
cafe_dessert,donut_shop,tourist_seen,1,5,20.0,COMMON
cafe_dessert,donut_shop,tourist_swipe_events,1,5,20.0,COMMON
food_beverage,indian_restaurant,ai_data_completeness_audit_full,5,5,100.0,CORE
food_beverage,indian_restaurant,ai_entity_intent_tags_full,5,5,100.0,CORE
food_beverage,indian_restaurant,ai_entity_profiles_full,5,5,100.0,CORE
food_beverage,indian_restaurant,ai_photo_index_full,5,5,100.0,CORE
food_beverage,indian_restaurant,entity,5,5,100.0,CORE
food_beverage,indian_restaurant,entity_attributes,5,5,100.0,CORE
food_beverage,indian_restaurant,entity_completeness_v,5,5,100.0,CORE
food_beverage,indian_restaurant,entity_google_maps_links,5,5,100.0,CORE
food_beverage,indian_restaurant,entity_google_reviews,5,5,100.0,CORE
food_beverage,indian_restaurant,entity_modules,5,5,100.0,CORE
food_beverage,indian_restaurant,entity_nearby_landmark_types,5,5,100.0,CORE
food_beverage,indian_restaurant,entity_nearby_landmarks,5,5,100.0,CORE
food_beverage,indian_restaurant,entity_photos,5,5,100.0,CORE
food_beverage,indian_restaurant,entity_reviews,5,5,100.0,CORE
food_beverage,indian_restaurant,entity_tags,5,5,100.0,CORE
food_beverage,indian_restaurant,entity_theme,5,5,100.0,CORE
food_beverage,indian_restaurant,industry_food_beverage,5,5,100.0,CORE
food_beverage,indian_restaurant,search_index,5,5,100.0,CORE
food_beverage,indian_restaurant,v_industry_facts_slugs,5,5,100.0,CORE
food_beverage,indian_restaurant,entity_address_areas,4,5,80.0,CORE
food_beverage,indian_restaurant,entity_hours,4,5,80.0,CORE
entertainment_venue,video_arcade,ai_data_completeness_audit_full,5,5,100.0,CORE
entertainment_venue,video_arcade,ai_entity_intent_tags_full,5,5,100.0,CORE
entertainment_venue,video_arcade,ai_entity_profiles_full,5,5,100.0,CORE
entertainment_venue,video_arcade,ai_photo_index_full,5,5,100.0,CORE
entertainment_venue,video_arcade,entity,5,5,100.0,CORE
entertainment_venue,video_arcade,entity_attributes,5,5,100.0,CORE
entertainment_venue,video_arcade,entity_completeness_v,5,5,100.0,CORE
entertainment_venue,video_arcade,entity_google_maps_links,5,5,100.0,CORE
entertainment_venue,video_arcade,entity_google_reviews,5,5,100.0,CORE
entertainment_venue,video_arcade,entity_hours,5,5,100.0,CORE
entertainment_venue,video_arcade,entity_modules,5,5,100.0,CORE
entertainment_venue,video_arcade,entity_nearby_landmark_types,5,5,100.0,CORE
entertainment_venue,video_arcade,entity_nearby_landmarks,5,5,100.0,CORE
entertainment_venue,video_arcade,entity_photos,5,5,100.0,CORE
entertainment_venue,video_arcade,entity_reviews,5,5,100.0,CORE
entertainment_venue,video_arcade,entity_tags,5,5,100.0,CORE
entertainment_venue,video_arcade,entity_theme,5,5,100.0,CORE
entertainment_venue,video_arcade,industry_entertainment_venue,5,5,100.0,CORE
entertainment_venue,video_arcade,search_index,5,5,100.0,CORE
entertainment_venue,video_arcade,v_industry_facts_slugs,5,5,100.0,CORE
entertainment_venue,video_arcade,entity_address_areas,2,5,40.0,COMMON
entertainment_venue,video_arcade,entity_sources,2,5,40.0,COMMON
entertainment_venue,video_arcade,legacy_photo_migration_queue,2,5,40.0,COMMON
entertainment_venue,video_arcade,entity_sections,1,5,20.0,COMMON
entertainment_venue,video_arcade,entity_seo_keywords,1,5,20.0,COMMON
tour_operator,tourist_information_center,ai_data_completeness_audit_full,5,5,100.0,CORE
tour_operator,tourist_information_center,ai_entity_intent_tags_full,5,5,100.0,CORE
tour_operator,tourist_information_center,ai_entity_profiles_full,5,5,100.0,CORE
tour_operator,tourist_information_center,entity,5,5,100.0,CORE
tour_operator,tourist_information_center,entity_completeness_v,5,5,100.0,CORE
tour_operator,tourist_information_center,entity_google_maps_links,5,5,100.0,CORE
tour_operator,tourist_information_center,entity_modules,5,5,100.0,CORE
tour_operator,tourist_information_center,entity_tags,5,5,100.0,CORE
tour_operator,tourist_information_center,entity_theme,5,5,100.0,CORE
tour_operator,tourist_information_center,industry_tour_operator,5,5,100.0,CORE
tour_operator,tourist_information_center,search_index,5,5,100.0,CORE
tour_operator,tourist_information_center,v_industry_facts_slugs,5,5,100.0,CORE
tour_operator,tourist_information_center,ai_photo_index_full,4,5,80.0,CORE
tour_operator,tourist_information_center,entity_address_areas,4,5,80.0,CORE
tour_operator,tourist_information_center,entity_attributes,4,5,80.0,CORE
tour_operator,tourist_information_center,entity_nearby_landmark_types,4,5,80.0,CORE
tour_operator,tourist_information_center,entity_nearby_landmarks,4,5,80.0,CORE
tour_operator,tourist_information_center,entity_photos,4,5,80.0,CORE
tour_operator,tourist_information_center,entity_google_reviews,3,5,60.0,CORE
tour_operator,tourist_information_center,entity_hours,3,5,60.0,CORE
tour_operator,tourist_information_center,entity_reviews,3,5,60.0,CORE
tour_operator,tourist_information_center,entity_good_for,1,5,20.0,COMMON
tour_operator,tourist_information_center,entity_highlights,1,5,20.0,COMMON
tour_operator,tourist_information_center,entity_sources,1,5,20.0,COMMON
retail,home_goods_store,ai_data_completeness_audit_full,5,5,100.0,CORE
retail,home_goods_store,ai_entity_intent_tags_full,5,5,100.0,CORE
retail,home_goods_store,ai_entity_profiles_full,5,5,100.0,CORE
retail,home_goods_store,ai_photo_index_full,5,5,100.0,CORE
retail,home_goods_store,entity,5,5,100.0,CORE
retail,home_goods_store,entity_attributes,5,5,100.0,CORE
retail,home_goods_store,entity_completeness_v,5,5,100.0,CORE
retail,home_goods_store,entity_google_maps_links,5,5,100.0,CORE
retail,home_goods_store,entity_google_reviews,5,5,100.0,CORE
retail,home_goods_store,entity_hours,5,5,100.0,CORE
retail,home_goods_store,entity_modules,5,5,100.0,CORE
retail,home_goods_store,entity_nearby_landmark_types,5,5,100.0,CORE
retail,home_goods_store,entity_nearby_landmarks,5,5,100.0,CORE
retail,home_goods_store,entity_photos,5,5,100.0,CORE
retail,home_goods_store,entity_reviews,5,5,100.0,CORE
retail,home_goods_store,entity_tags,5,5,100.0,CORE
retail,home_goods_store,entity_theme,5,5,100.0,CORE
retail,home_goods_store,industry_retail,5,5,100.0,CORE
retail,home_goods_store,search_index,5,5,100.0,CORE
retail,home_goods_store,v_industry_facts_slugs,5,5,100.0,CORE
retail,home_goods_store,legacy_photo_migration_queue,3,5,60.0,CORE
retail,home_goods_store,entity_address_areas,2,5,40.0,COMMON
retail,home_goods_store,entity_sources,1,5,20.0,COMMON
watersport,parasailing,ai_data_completeness_audit_full,5,5,100.0,CORE
watersport,parasailing,ai_entity_intent_tags_full,5,5,100.0,CORE
watersport,parasailing,ai_entity_profiles_full,5,5,100.0,CORE
watersport,parasailing,ai_photo_index_full,5,5,100.0,CORE
watersport,parasailing,entity,5,5,100.0,CORE
watersport,parasailing,entity_completeness_v,5,5,100.0,CORE
watersport,parasailing,entity_highlights,5,5,100.0,CORE
watersport,parasailing,entity_items_norm_v,5,5,100.0,CORE
watersport,parasailing,entity_items_v,5,5,100.0,CORE
watersport,parasailing,entity_modules,5,5,100.0,CORE
watersport,parasailing,entity_photos,5,5,100.0,CORE
watersport,parasailing,entity_tags,5,5,100.0,CORE
watersport,parasailing,entity_theme,5,5,100.0,CORE
watersport,parasailing,industry_watersport,5,5,100.0,CORE
watersport,parasailing,requirements,5,5,100.0,CORE
watersport,parasailing,search_index,5,5,100.0,CORE
watersport,parasailing,v_industry_facts_slugs,5,5,100.0,CORE
watersport,parasailing,activity_options,4,5,80.0,CORE
watersport,parasailing,entity_offer,4,5,80.0,CORE
watersport,parasailing,entity_offer_section,4,5,80.0,CORE
watersport,parasailing,entity_sources,4,5,80.0,CORE
watersport,parasailing,meeting_points,4,5,80.0,CORE
watersport,parasailing,offerings,4,5,80.0,CORE
watersport,parasailing,pricing_items,4,5,80.0,CORE
watersport,parasailing,offering_prices,3,5,60.0,CORE
watersport,parasailing,faqs,3,5,60.0,CORE
watersport,parasailing,whats_included,1,5,20.0,COMMON
trade_home_service,general_contractor,ai_data_completeness_audit_full,5,5,100.0,CORE
trade_home_service,general_contractor,ai_entity_intent_tags_full,5,5,100.0,CORE
trade_home_service,general_contractor,ai_entity_profiles_full,5,5,100.0,CORE
trade_home_service,general_contractor,bookable_resources,5,5,100.0,CORE
trade_home_service,general_contractor,bookable_resources_json_backup,5,5,100.0,CORE
trade_home_service,general_contractor,entity,5,5,100.0,CORE
trade_home_service,general_contractor,entity_completeness_v,5,5,100.0,CORE
trade_home_service,general_contractor,entity_google_maps_links,5,5,100.0,CORE
trade_home_service,general_contractor,entity_items_norm_v,5,5,100.0,CORE
trade_home_service,general_contractor,entity_items_v,5,5,100.0,CORE
trade_home_service,general_contractor,entity_modules,5,5,100.0,CORE
trade_home_service,general_contractor,entity_nearby_landmark_types,5,5,100.0,CORE
trade_home_service,general_contractor,entity_nearby_landmarks,5,5,100.0,CORE
trade_home_service,general_contractor,entity_offer,5,5,100.0,CORE
trade_home_service,general_contractor,entity_tags,5,5,100.0,CORE
trade_home_service,general_contractor,entity_theme,5,5,100.0,CORE
trade_home_service,general_contractor,industry_trade_home_service,5,5,100.0,CORE
trade_home_service,general_contractor,search_index,5,5,100.0,CORE
trade_home_service,general_contractor,service_menu,5,5,100.0,CORE
trade_home_service,general_contractor,trade_home_services,5,5,100.0,CORE
trade_home_service,general_contractor,v_industry_facts_slugs,5,5,100.0,CORE
trade_home_service,general_contractor,ai_photo_index_full,4,5,80.0,CORE
trade_home_service,general_contractor,entity_hours,4,5,80.0,CORE
trade_home_service,general_contractor,entity_photos,4,5,80.0,CORE
trade_home_service,general_contractor,entity_attributes,3,5,60.0,CORE
trade_home_service,general_contractor,entity_google_reviews,3,5,60.0,CORE
trade_home_service,general_contractor,entity_reviews,3,5,60.0,CORE
trade_home_service,general_contractor,entity_sources,2,5,40.0,COMMON
trade_home_service,general_contractor,entity_good_for,1,5,20.0,COMMON
trade_home_service,general_contractor,entity_highlights,1,5,20.0,COMMON
trade_home_service,general_contractor,entity_address_areas,1,5,20.0,COMMON
trade_home_service,general_contractor,entity_secondary_hours,1,5,20.0,COMMON
food_beverage,indian,ai_data_completeness_audit_full,5,5,100.0,CORE
food_beverage,indian,ai_entity_intent_tags_full,5,5,100.0,CORE
food_beverage,indian,ai_entity_profiles_full,5,5,100.0,CORE
food_beverage,indian,entity,5,5,100.0,CORE
food_beverage,indian,entity_tags,5,5,100.0,CORE
food_beverage,indian,entity_theme,5,5,100.0,CORE
food_beverage,indian,industry_food_beverage,5,5,100.0,CORE
food_beverage,indian,search_index,5,5,100.0,CORE
food_beverage,indian,v_industry_facts_slugs,5,5,100.0,CORE
food_beverage,indian,entity_completeness_v,4,5,80.0,CORE
hotel,resort,ai_data_completeness_audit_full,5,5,100.0,CORE
hotel,resort,ai_entity_intent_tags_full,5,5,100.0,CORE
hotel,resort,ai_entity_profiles_full,5,5,100.0,CORE
hotel,resort,ai_photo_index_full,5,5,100.0,CORE
hotel,resort,entity,5,5,100.0,CORE
hotel,resort,entity_completeness_v,5,5,100.0,CORE
hotel,resort,entity_hours,5,5,100.0,CORE
hotel,resort,entity_modules,5,5,100.0,CORE
hotel,resort,entity_tags,5,5,100.0,CORE
hotel,resort,entity_theme,5,5,100.0,CORE
hotel,resort,industry_hotel,5,5,100.0,CORE
hotel,resort,search_index,5,5,100.0,CORE
hotel,resort,v_industry_facts_slugs,5,5,100.0,CORE
hotel,resort,entity_photos,4,5,80.0,CORE
hotel,resort,entity_sources,1,5,20.0,COMMON
hotel,resort,entity_good_for,1,5,20.0,COMMON
hotel,resort,entity_highlights,1,5,20.0,COMMON
hotel,resort,bookable_resources,1,5,20.0,COMMON
hotel,resort,bookable_resources_json_backup,1,5,20.0,COMMON
hotel,resort,entity_items_norm_v,1,5,20.0,COMMON
hotel,resort,entity_items_v,1,5,20.0,COMMON
hotel,resort,entity_offer,1,5,20.0,COMMON
hotel,resort,recovery_import_log,1,5,20.0,COMMON
fitness_sports,sports_activity_location,ai_data_completeness_audit_full,5,5,100.0,CORE
fitness_sports,sports_activity_location,ai_entity_intent_tags_full,5,5,100.0,CORE
fitness_sports,sports_activity_location,ai_entity_profiles_full,5,5,100.0,CORE
fitness_sports,sports_activity_location,ai_photo_index_full,5,5,100.0,CORE
fitness_sports,sports_activity_location,entity,5,5,100.0,CORE
fitness_sports,sports_activity_location,entity_attributes,5,5,100.0,CORE
fitness_sports,sports_activity_location,entity_completeness_v,5,5,100.0,CORE
fitness_sports,sports_activity_location,entity_google_maps_links,5,5,100.0,CORE
fitness_sports,sports_activity_location,entity_google_reviews,5,5,100.0,CORE
fitness_sports,sports_activity_location,entity_modules,5,5,100.0,CORE
fitness_sports,sports_activity_location,entity_photos,5,5,100.0,CORE
fitness_sports,sports_activity_location,entity_reviews,5,5,100.0,CORE
fitness_sports,sports_activity_location,entity_tags,5,5,100.0,CORE
fitness_sports,sports_activity_location,entity_theme,5,5,100.0,CORE
fitness_sports,sports_activity_location,industry_fitness_sports,5,5,100.0,CORE
fitness_sports,sports_activity_location,search_index,5,5,100.0,CORE
fitness_sports,sports_activity_location,v_industry_facts_slugs,5,5,100.0,CORE
fitness_sports,sports_activity_location,entity_address_areas,4,5,80.0,CORE
fitness_sports,sports_activity_location,entity_hours,4,5,80.0,CORE
fitness_sports,sports_activity_location,entity_nearby_landmark_types,4,5,80.0,CORE
fitness_sports,sports_activity_location,entity_nearby_landmarks,4,5,80.0,CORE
fitness_sports,sports_activity_location,entity_sources,3,5,60.0,CORE
fitness_sports,sports_activity_location,legacy_photo_migration_queue,2,5,40.0,COMMON
fitness_sports,sports_activity_location,entity_items_norm_v,1,5,20.0,COMMON
fitness_sports,sports_activity_location,entity_items_v,1,5,20.0,COMMON
fitness_sports,sports_activity_location,entity_section_items,1,5,20.0,COMMON
fitness_sports,sports_activity_location,entity_sections,1,5,20.0,COMMON
fitness_sports,sports_activity_location,entity_seo_keywords,1,5,20.0,COMMON
fitness_sports,sports_activity_location,entity_offer,1,5,20.0,COMMON
fitness_sports,sports_activity_location,entity_seo,1,5,20.0,COMMON
fitness_sports,sports_activity_location,entity_events,1,5,20.0,COMMON
parking,parking,entity,5,5,100.0,CORE
parking,parking,industry_parking,5,5,100.0,CORE
parking,parking,search_index,5,5,100.0,CORE
parking,parking,v_industry_facts_slugs,5,5,100.0,CORE
parking,parking,entity_completeness_v,4,5,80.0,CORE
parking,parking,entity_theme,4,5,80.0,CORE
parking,parking,ai_data_completeness_audit_full,2,5,40.0,COMMON
parking,parking,ai_entity_intent_tags_full,2,5,40.0,COMMON
parking,parking,ai_entity_profiles_full,2,5,40.0,COMMON
parking,parking,entity_hours,2,5,40.0,COMMON
parking,parking,entity_tags,2,5,40.0,COMMON
parking,parking,recovery_import_log,2,5,40.0,COMMON
parking,parking,entity_modules,1,5,20.0,COMMON
parking,parking,ai_photo_index_full,1,5,20.0,COMMON
parking,parking,entity_photos,1,5,20.0,COMMON
parking,parking,entity_conflicts,1,5,20.0,COMMON
outdoor_recreation,boat-launch,entity,5,5,100.0,CORE
outdoor_recreation,boat-launch,entity_completeness_v,5,5,100.0,CORE
outdoor_recreation,boat-launch,industry_outdoor_recreation,5,5,100.0,CORE
outdoor_recreation,boat-launch,search_index,5,5,100.0,CORE
outdoor_recreation,boat-launch,v_industry_facts_slugs,5,5,100.0,CORE
outdoor_recreation,boat-launch,entity_theme,4,5,80.0,CORE
outdoor_recreation,boat-launch,recovery_import_log,4,5,80.0,CORE
outdoor_recreation,boat-launch,entity_conflicts,1,5,20.0,COMMON
outdoor_recreation,botanical-garden,entity,5,5,100.0,CORE
outdoor_recreation,botanical-garden,entity_completeness_v,5,5,100.0,CORE
outdoor_recreation,botanical-garden,entity_theme,5,5,100.0,CORE
outdoor_recreation,botanical-garden,industry_outdoor_recreation,5,5,100.0,CORE
outdoor_recreation,botanical-garden,recovery_import_log,5,5,100.0,CORE
outdoor_recreation,botanical-garden,search_index,5,5,100.0,CORE
outdoor_recreation,botanical-garden,v_industry_facts_slugs,5,5,100.0,CORE
food_beverage,steak_house,entity,4,4,100.0,CORE
food_beverage,steak_house,entity_completeness_v,4,4,100.0,CORE
food_beverage,steak_house,entity_theme,4,4,100.0,CORE
food_beverage,steak_house,industry_food_beverage,4,4,100.0,CORE
food_beverage,steak_house,search_index,4,4,100.0,CORE
food_beverage,steak_house,v_industry_facts_slugs,4,4,100.0,CORE
food_beverage,steak_house,ai_data_completeness_audit_full,3,4,75.0,CORE
food_beverage,steak_house,ai_entity_intent_tags_full,3,4,75.0,CORE
food_beverage,steak_house,ai_entity_profiles_full,3,4,75.0,CORE
food_beverage,steak_house,ai_photo_index_full,3,4,75.0,CORE
food_beverage,steak_house,catalog_items,3,4,75.0,CORE
food_beverage,steak_house,catalog_section_days,3,4,75.0,CORE
food_beverage,steak_house,catalog_sections,3,4,75.0,CORE
food_beverage,steak_house,entity_attributes,3,4,75.0,CORE
food_beverage,steak_house,entity_google_maps_links,3,4,75.0,CORE
food_beverage,steak_house,entity_google_reviews,3,4,75.0,CORE
food_beverage,steak_house,entity_hours,3,4,75.0,CORE
food_beverage,steak_house,entity_items_norm_v,3,4,75.0,CORE
food_beverage,steak_house,entity_items_v,3,4,75.0,CORE
food_beverage,steak_house,entity_modules,3,4,75.0,CORE
food_beverage,steak_house,entity_nearby_landmark_types,3,4,75.0,CORE
food_beverage,steak_house,entity_nearby_landmarks,3,4,75.0,CORE
food_beverage,steak_house,entity_offer,3,4,75.0,CORE
food_beverage,steak_house,entity_offer_section,3,4,75.0,CORE
food_beverage,steak_house,entity_photos,3,4,75.0,CORE
food_beverage,steak_house,entity_reviews,3,4,75.0,CORE
food_beverage,steak_house,entity_tags,3,4,75.0,CORE
food_beverage,steak_house,legacy_photo_migration_queue,3,4,75.0,CORE
food_beverage,steak_house,menu_items,3,4,75.0,CORE
food_beverage,steak_house,menu_section_days,3,4,75.0,CORE
food_beverage,steak_house,menu_section_details,3,4,75.0,CORE
food_beverage,steak_house,menu_sections,3,4,75.0,CORE
food_beverage,steak_house,entity_address_areas,2,4,50.0,COMMON
food_beverage,steak_house,ai_data_quality_audit,1,4,25.0,COMMON
food_beverage,steak_house,ai_data_quality_issues,1,4,25.0,COMMON
food_beverage,steak_house,ai_planner_intent_tags,1,4,25.0,COMMON
food_beverage,steak_house,ai_planner_profile_tags,1,4,25.0,COMMON
food_beverage,steak_house,ai_planner_profiles,1,4,25.0,COMMON
food_beverage,steak_house,ai_unified_search_items_full,1,4,25.0,COMMON
food_beverage,steak_house,ai_voice_snippets,1,4,25.0,COMMON
food_beverage,steak_house,entity_conflicts,1,4,25.0,COMMON
food_beverage,steak_house,entity_secondary_hours,1,4,25.0,COMMON
food_beverage,steak_house,entity_sections,1,4,25.0,COMMON
food_beverage,steak_house,recovery_import_log,1,4,25.0,COMMON
food_beverage,steak_house,entity_sources,1,4,25.0,COMMON
food_beverage,steak_house,tourist_seen,1,4,25.0,COMMON
food_beverage,steak_house,tourist_swipe_events,1,4,25.0,COMMON
food_beverage,steak_house,menu_item_details,1,4,25.0,COMMON
food_beverage,barbecue_restaurant,ai_data_completeness_audit_full,4,4,100.0,CORE
food_beverage,barbecue_restaurant,ai_entity_intent_tags_full,4,4,100.0,CORE
food_beverage,barbecue_restaurant,ai_entity_profiles_full,4,4,100.0,CORE
food_beverage,barbecue_restaurant,ai_photo_index_full,4,4,100.0,CORE
food_beverage,barbecue_restaurant,entity,4,4,100.0,CORE
food_beverage,barbecue_restaurant,entity_attributes,4,4,100.0,CORE
food_beverage,barbecue_restaurant,entity_completeness_v,4,4,100.0,CORE
food_beverage,barbecue_restaurant,entity_google_maps_links,4,4,100.0,CORE
food_beverage,barbecue_restaurant,entity_google_reviews,4,4,100.0,CORE
food_beverage,barbecue_restaurant,entity_hours,4,4,100.0,CORE
food_beverage,barbecue_restaurant,entity_modules,4,4,100.0,CORE
food_beverage,barbecue_restaurant,entity_nearby_landmark_types,4,4,100.0,CORE
food_beverage,barbecue_restaurant,entity_nearby_landmarks,4,4,100.0,CORE
food_beverage,barbecue_restaurant,entity_photos,4,4,100.0,CORE
food_beverage,barbecue_restaurant,entity_reviews,4,4,100.0,CORE
food_beverage,barbecue_restaurant,entity_tags,4,4,100.0,CORE
food_beverage,barbecue_restaurant,entity_theme,4,4,100.0,CORE
food_beverage,barbecue_restaurant,industry_food_beverage,4,4,100.0,CORE
food_beverage,barbecue_restaurant,search_index,4,4,100.0,CORE
food_beverage,barbecue_restaurant,v_industry_facts_slugs,4,4,100.0,CORE
food_beverage,barbecue_restaurant,catalog_items,3,4,75.0,CORE
food_beverage,barbecue_restaurant,catalog_section_days,3,4,75.0,CORE
food_beverage,barbecue_restaurant,catalog_sections,3,4,75.0,CORE
food_beverage,barbecue_restaurant,entity_address_areas,3,4,75.0,CORE
food_beverage,barbecue_restaurant,entity_items_norm_v,3,4,75.0,CORE
food_beverage,barbecue_restaurant,entity_items_v,3,4,75.0,CORE
food_beverage,barbecue_restaurant,entity_offer,3,4,75.0,CORE
food_beverage,barbecue_restaurant,entity_offer_section,3,4,75.0,CORE
food_beverage,barbecue_restaurant,menu_items,3,4,75.0,CORE
food_beverage,barbecue_restaurant,menu_section_days,3,4,75.0,CORE
food_beverage,barbecue_restaurant,menu_section_details,3,4,75.0,CORE
food_beverage,barbecue_restaurant,menu_sections,3,4,75.0,CORE
food_beverage,barbecue_restaurant,entity_secondary_hours,2,4,50.0,COMMON
food_beverage,barbecue_restaurant,legacy_photo_migration_queue,2,4,50.0,COMMON
food_beverage,barbecue_restaurant,ai_unified_search_items_full,2,4,50.0,COMMON
food_beverage,barbecue_restaurant,entity_good_for,2,4,50.0,COMMON
food_beverage,barbecue_restaurant,entity_highlights,2,4,50.0,COMMON
food_beverage,barbecue_restaurant,entity_sources,1,4,25.0,COMMON
food_beverage,barbecue_restaurant,ai_event_planner_index_full,1,4,25.0,COMMON
food_beverage,barbecue_restaurant,entity_events,1,4,25.0,COMMON
bar_nightlife,irish_pub,ai_data_completeness_audit_full,4,4,100.0,CORE
bar_nightlife,irish_pub,ai_entity_intent_tags_full,4,4,100.0,CORE
bar_nightlife,irish_pub,ai_entity_profiles_full,4,4,100.0,CORE
bar_nightlife,irish_pub,ai_photo_index_full,4,4,100.0,CORE
bar_nightlife,irish_pub,entity,4,4,100.0,CORE
bar_nightlife,irish_pub,entity_address_areas,4,4,100.0,CORE
bar_nightlife,irish_pub,entity_attributes,4,4,100.0,CORE
bar_nightlife,irish_pub,entity_completeness_v,4,4,100.0,CORE
bar_nightlife,irish_pub,entity_google_maps_links,4,4,100.0,CORE
bar_nightlife,irish_pub,entity_google_reviews,4,4,100.0,CORE
bar_nightlife,irish_pub,entity_hours,4,4,100.0,CORE
bar_nightlife,irish_pub,entity_modules,4,4,100.0,CORE
bar_nightlife,irish_pub,entity_nearby_landmark_types,4,4,100.0,CORE
bar_nightlife,irish_pub,entity_nearby_landmarks,4,4,100.0,CORE
bar_nightlife,irish_pub,entity_photos,4,4,100.0,CORE
bar_nightlife,irish_pub,entity_reviews,4,4,100.0,CORE
bar_nightlife,irish_pub,entity_tags,4,4,100.0,CORE
bar_nightlife,irish_pub,entity_theme,4,4,100.0,CORE
bar_nightlife,irish_pub,industry_bar_nightlife,4,4,100.0,CORE
bar_nightlife,irish_pub,search_index,4,4,100.0,CORE
bar_nightlife,irish_pub,v_industry_facts_slugs,4,4,100.0,CORE
bar_nightlife,irish_pub,ai_unified_search_items_full,3,4,75.0,CORE
bar_nightlife,irish_pub,industry_food_beverage,3,4,75.0,CORE
bar_nightlife,irish_pub,catalog_section_days,2,4,50.0,COMMON
bar_nightlife,irish_pub,catalog_sections,2,4,50.0,COMMON
bar_nightlife,irish_pub,happy_hour_sections,2,4,50.0,COMMON
bar_nightlife,irish_pub,legacy_photo_migration_queue,2,4,50.0,COMMON
bar_nightlife,irish_pub,ai_event_planner_index_full,2,4,50.0,COMMON
bar_nightlife,irish_pub,entity_events,2,4,50.0,COMMON
bar_nightlife,irish_pub,catalog_items,1,4,25.0,COMMON
bar_nightlife,irish_pub,drink_items,1,4,25.0,COMMON
bar_nightlife,irish_pub,drink_sections,1,4,25.0,COMMON
bar_nightlife,irish_pub,entity_good_for,1,4,25.0,COMMON
bar_nightlife,irish_pub,entity_highlights,1,4,25.0,COMMON
bar_nightlife,irish_pub,entity_items_norm_v,1,4,25.0,COMMON
bar_nightlife,irish_pub,entity_items_v,1,4,25.0,COMMON
bar_nightlife,irish_pub,entity_offer,1,4,25.0,COMMON
bar_nightlife,irish_pub,entity_offer_section,1,4,25.0,COMMON
bar_nightlife,irish_pub,happy_hour_items,1,4,25.0,COMMON
bar_nightlife,irish_pub,menu_items,1,4,25.0,COMMON
bar_nightlife,irish_pub,menu_section_days,1,4,25.0,COMMON
bar_nightlife,irish_pub,menu_section_details,1,4,25.0,COMMON
bar_nightlife,irish_pub,menu_sections,1,4,25.0,COMMON
bar_nightlife,irish_pub,entity_secondary_hours,1,4,25.0,COMMON
bar_nightlife,irish_pub,tourist_seen,1,4,25.0,COMMON
bar_nightlife,irish_pub,tourist_swipe_events,1,4,25.0,COMMON
food_beverage,seafood,entity,4,4,100.0,CORE
food_beverage,seafood,entity_completeness_v,4,4,100.0,CORE
food_beverage,seafood,industry_food_beverage,4,4,100.0,CORE
food_beverage,seafood,search_index,4,4,100.0,CORE
food_beverage,seafood,v_industry_facts_slugs,4,4,100.0,CORE
food_beverage,seafood,catalog_section_days,2,4,50.0,COMMON
food_beverage,seafood,catalog_sections,2,4,50.0,COMMON
food_beverage,seafood,entity_offer_section,2,4,50.0,COMMON
food_beverage,seafood,entity_theme,2,4,50.0,COMMON
food_beverage,seafood,menu_sections,2,4,50.0,COMMON
food_beverage,seafood,recovery_import_log,2,4,50.0,COMMON
food_beverage,seafood,entity_conflicts,2,4,50.0,COMMON
food_beverage,seafood,catalog_items,1,4,25.0,COMMON
food_beverage,seafood,entity_items_norm_v,1,4,25.0,COMMON
food_beverage,seafood,entity_items_v,1,4,25.0,COMMON
food_beverage,seafood,entity_offer,1,4,25.0,COMMON
food_beverage,seafood,menu_items,1,4,25.0,COMMON
food_beverage,seafood,menu_section_days,1,4,25.0,COMMON
food_beverage,seafood,menu_section_details,1,4,25.0,COMMON
bar_nightlife,sports_bar,ai_data_completeness_audit_full,4,4,100.0,CORE
bar_nightlife,sports_bar,ai_entity_intent_tags_full,4,4,100.0,CORE
bar_nightlife,sports_bar,ai_entity_profiles_full,4,4,100.0,CORE
bar_nightlife,sports_bar,ai_photo_index_full,4,4,100.0,CORE
bar_nightlife,sports_bar,entity,4,4,100.0,CORE
bar_nightlife,sports_bar,entity_attributes,4,4,100.0,CORE
bar_nightlife,sports_bar,entity_completeness_v,4,4,100.0,CORE
bar_nightlife,sports_bar,entity_google_maps_links,4,4,100.0,CORE
bar_nightlife,sports_bar,entity_google_reviews,4,4,100.0,CORE
bar_nightlife,sports_bar,entity_hours,4,4,100.0,CORE
bar_nightlife,sports_bar,entity_modules,4,4,100.0,CORE
bar_nightlife,sports_bar,entity_nearby_landmark_types,4,4,100.0,CORE
bar_nightlife,sports_bar,entity_nearby_landmarks,4,4,100.0,CORE
bar_nightlife,sports_bar,entity_photos,4,4,100.0,CORE
bar_nightlife,sports_bar,entity_reviews,4,4,100.0,CORE
bar_nightlife,sports_bar,entity_tags,4,4,100.0,CORE
bar_nightlife,sports_bar,entity_theme,4,4,100.0,CORE
bar_nightlife,sports_bar,industry_bar_nightlife,4,4,100.0,CORE
bar_nightlife,sports_bar,search_index,4,4,100.0,CORE
bar_nightlife,sports_bar,v_industry_facts_slugs,4,4,100.0,CORE
bar_nightlife,sports_bar,entity_secondary_hours,3,4,75.0,CORE
bar_nightlife,sports_bar,ai_unified_search_items_full,2,4,50.0,COMMON
bar_nightlife,sports_bar,entity_address_areas,2,4,50.0,COMMON
bar_nightlife,sports_bar,industry_food_beverage,2,4,50.0,COMMON
bar_nightlife,sports_bar,catalog_items,1,4,25.0,COMMON
bar_nightlife,sports_bar,catalog_section_days,1,4,25.0,COMMON
bar_nightlife,sports_bar,catalog_sections,1,4,25.0,COMMON
bar_nightlife,sports_bar,entity_good_for,1,4,25.0,COMMON
bar_nightlife,sports_bar,entity_highlights,1,4,25.0,COMMON
bar_nightlife,sports_bar,entity_items_norm_v,1,4,25.0,COMMON
bar_nightlife,sports_bar,entity_items_v,1,4,25.0,COMMON
bar_nightlife,sports_bar,entity_offer,1,4,25.0,COMMON
bar_nightlife,sports_bar,entity_offer_section,1,4,25.0,COMMON
bar_nightlife,sports_bar,happy_hour_items,1,4,25.0,COMMON
bar_nightlife,sports_bar,happy_hour_sections,1,4,25.0,COMMON
bar_nightlife,sports_bar,menu_items,1,4,25.0,COMMON
bar_nightlife,sports_bar,menu_section_days,1,4,25.0,COMMON
bar_nightlife,sports_bar,menu_section_details,1,4,25.0,COMMON
bar_nightlife,sports_bar,menu_sections,1,4,25.0,COMMON
bar_nightlife,sports_bar,tourist_saves,1,4,25.0,COMMON
bar_nightlife,sports_bar,tourist_seen,1,4,25.0,COMMON
bar_nightlife,sports_bar,tourist_swipe_events,1,4,25.0,COMMON
bar_nightlife,sports_bar,entity_seo,1,4,25.0,COMMON
bar_nightlife,sports_bar,legacy_photo_migration_queue,1,4,25.0,COMMON
bar_nightlife,sports_bar,ai_event_planner_index_full,1,4,25.0,COMMON
bar_nightlife,sports_bar,entity_events,1,4,25.0,COMMON
attraction,zoo,ai_data_completeness_audit_full,4,4,100.0,CORE
attraction,zoo,ai_entity_intent_tags_full,4,4,100.0,CORE
attraction,zoo,ai_entity_profiles_full,4,4,100.0,CORE
attraction,zoo,entity,4,4,100.0,CORE
attraction,zoo,entity_attributes,4,4,100.0,CORE
attraction,zoo,entity_completeness_v,4,4,100.0,CORE
attraction,zoo,entity_google_maps_links,4,4,100.0,CORE
attraction,zoo,entity_google_reviews,4,4,100.0,CORE
attraction,zoo,entity_modules,4,4,100.0,CORE
attraction,zoo,entity_reviews,4,4,100.0,CORE
attraction,zoo,entity_tags,4,4,100.0,CORE
attraction,zoo,entity_theme,4,4,100.0,CORE
attraction,zoo,industry_attraction,4,4,100.0,CORE
attraction,zoo,search_index,4,4,100.0,CORE
attraction,zoo,v_industry_facts_slugs,4,4,100.0,CORE
attraction,zoo,ai_photo_index_full,3,4,75.0,CORE
attraction,zoo,entity_hours,3,4,75.0,CORE
attraction,zoo,entity_nearby_landmark_types,3,4,75.0,CORE
attraction,zoo,entity_nearby_landmarks,3,4,75.0,CORE
attraction,zoo,entity_photos,3,4,75.0,CORE
attraction,zoo,entity_items_norm_v,2,4,50.0,COMMON
attraction,zoo,entity_items_v,2,4,50.0,COMMON
attraction,zoo,entity_offer,2,4,50.0,COMMON
attraction,zoo,entity_sources,2,4,50.0,COMMON
attraction,zoo,offering_prices,2,4,50.0,COMMON
attraction,zoo,offerings,2,4,50.0,COMMON
attraction,zoo,tourist_seen,2,4,50.0,COMMON
attraction,zoo,tourist_swipe_events,2,4,50.0,COMMON
attraction,zoo,catalog_items,1,4,25.0,COMMON
attraction,zoo,catalog_section_days,1,4,25.0,COMMON
attraction,zoo,catalog_sections,1,4,25.0,COMMON
attraction,zoo,entity_amenities,1,4,25.0,COMMON
attraction,zoo,entity_events,1,4,25.0,COMMON
attraction,zoo,entity_offer_section,1,4,25.0,COMMON
attraction,zoo,entity_policies,1,4,25.0,COMMON
attraction,zoo,entity_section_items,1,4,25.0,COMMON
attraction,zoo,entity_sections,1,4,25.0,COMMON
attraction,zoo,entity_seo_keywords,1,4,25.0,COMMON
attraction,zoo,legacy_photo_migration_queue,1,4,25.0,COMMON
attraction,zoo,menu_items,1,4,25.0,COMMON
attraction,zoo,menu_section_days,1,4,25.0,COMMON
attraction,zoo,menu_section_details,1,4,25.0,COMMON
attraction,zoo,menu_sections,1,4,25.0,COMMON
attraction,zoo,tourist_saves,1,4,25.0,COMMON
attraction,zoo,entity_address_areas,1,4,25.0,COMMON
charter_fishing,sailing_charter,ai_data_completeness_audit_full,4,4,100.0,CORE
charter_fishing,sailing_charter,ai_entity_intent_tags_full,4,4,100.0,CORE
charter_fishing,sailing_charter,ai_entity_profiles_full,4,4,100.0,CORE
charter_fishing,sailing_charter,ai_photo_index_full,4,4,100.0,CORE
charter_fishing,sailing_charter,entity,4,4,100.0,CORE
charter_fishing,sailing_charter,entity_completeness_v,4,4,100.0,CORE
charter_fishing,sailing_charter,entity_items_norm_v,4,4,100.0,CORE
charter_fishing,sailing_charter,entity_items_v,4,4,100.0,CORE
charter_fishing,sailing_charter,entity_modules,4,4,100.0,CORE
charter_fishing,sailing_charter,entity_offer,4,4,100.0,CORE
charter_fishing,sailing_charter,entity_photos,4,4,100.0,CORE
charter_fishing,sailing_charter,entity_tags,4,4,100.0,CORE
charter_fishing,sailing_charter,entity_theme,4,4,100.0,CORE
charter_fishing,sailing_charter,industry_charter_fishing,4,4,100.0,CORE
charter_fishing,sailing_charter,search_index,4,4,100.0,CORE
charter_fishing,sailing_charter,v_industry_facts_slugs,4,4,100.0,CORE
charter_fishing,sailing_charter,bookable_resources,3,4,75.0,CORE
charter_fishing,sailing_charter,bookable_resources_json_backup,3,4,75.0,CORE
charter_fishing,sailing_charter,entity_hours,3,4,75.0,CORE
charter_fishing,sailing_charter,entity_address_areas,2,4,50.0,COMMON
charter_fishing,sailing_charter,entity_attributes,2,4,50.0,COMMON
charter_fishing,sailing_charter,entity_google_maps_links,2,4,50.0,COMMON
charter_fishing,sailing_charter,entity_google_reviews,2,4,50.0,COMMON
charter_fishing,sailing_charter,entity_nearby_landmark_types,2,4,50.0,COMMON
charter_fishing,sailing_charter,entity_nearby_landmarks,2,4,50.0,COMMON
charter_fishing,sailing_charter,entity_reviews,2,4,50.0,COMMON
charter_fishing,sailing_charter,entity_sources,2,4,50.0,COMMON
charter_fishing,sailing_charter,offerings,2,4,50.0,COMMON
charter_fishing,sailing_charter,whats_included,2,4,50.0,COMMON
charter_fishing,sailing_charter,legacy_photo_migration_queue,1,4,25.0,COMMON
charter_fishing,sailing_charter,offering_prices,1,4,25.0,COMMON
charter_fishing,sailing_charter,entity_faqs,1,4,25.0,COMMON
charter_fishing,sailing_charter,entity_highlights,1,4,25.0,COMMON
charter_fishing,sailing_charter,entity_known_for,1,4,25.0,COMMON
charter_fishing,sailing_charter,entity_section_items,1,4,25.0,COMMON
charter_fishing,sailing_charter,entity_sections,1,4,25.0,COMMON
charter_fishing,sailing_charter,entity_seo_keywords,1,4,25.0,COMMON
charter_fishing,sailing_charter,faqs,1,4,25.0,COMMON
charter_fishing,sailing_charter,pricing_items,1,4,25.0,COMMON
charter_fishing,sailing_charter,tourist_click_events,1,4,25.0,COMMON
food_beverage,meal_takeaway,ai_data_completeness_audit_full,4,4,100.0,CORE
food_beverage,meal_takeaway,ai_entity_intent_tags_full,4,4,100.0,CORE
food_beverage,meal_takeaway,ai_entity_profiles_full,4,4,100.0,CORE
food_beverage,meal_takeaway,ai_photo_index_full,4,4,100.0,CORE
food_beverage,meal_takeaway,entity,4,4,100.0,CORE
food_beverage,meal_takeaway,entity_attributes,4,4,100.0,CORE
food_beverage,meal_takeaway,entity_completeness_v,4,4,100.0,CORE
food_beverage,meal_takeaway,entity_google_maps_links,4,4,100.0,CORE
food_beverage,meal_takeaway,entity_google_reviews,4,4,100.0,CORE
food_beverage,meal_takeaway,entity_modules,4,4,100.0,CORE
food_beverage,meal_takeaway,entity_nearby_landmark_types,4,4,100.0,CORE
food_beverage,meal_takeaway,entity_nearby_landmarks,4,4,100.0,CORE
food_beverage,meal_takeaway,entity_photos,4,4,100.0,CORE
food_beverage,meal_takeaway,entity_reviews,4,4,100.0,CORE
food_beverage,meal_takeaway,entity_tags,4,4,100.0,CORE
food_beverage,meal_takeaway,entity_theme,4,4,100.0,CORE
food_beverage,meal_takeaway,industry_food_beverage,4,4,100.0,CORE
food_beverage,meal_takeaway,search_index,4,4,100.0,CORE
food_beverage,meal_takeaway,v_industry_facts_slugs,4,4,100.0,CORE
food_beverage,meal_takeaway,entity_address_areas,3,4,75.0,CORE
food_beverage,meal_takeaway,entity_hours,3,4,75.0,CORE
food_beverage,meal_takeaway,tourist_saves,1,4,25.0,COMMON
food_beverage,meal_takeaway,tourist_seen,1,4,25.0,COMMON
food_beverage,meal_takeaway,tourist_swipe_events,1,4,25.0,COMMON
food_beverage,meal_takeaway,legacy_photo_migration_queue,1,4,25.0,COMMON
cafe_dessert,dessert_shop,ai_data_completeness_audit_full,4,4,100.0,CORE
cafe_dessert,dessert_shop,ai_entity_intent_tags_full,4,4,100.0,CORE
cafe_dessert,dessert_shop,ai_entity_profiles_full,4,4,100.0,CORE
cafe_dessert,dessert_shop,ai_photo_index_full,4,4,100.0,CORE
cafe_dessert,dessert_shop,entity,4,4,100.0,CORE
cafe_dessert,dessert_shop,entity_attributes,4,4,100.0,CORE
cafe_dessert,dessert_shop,entity_completeness_v,4,4,100.0,CORE
cafe_dessert,dessert_shop,entity_google_maps_links,4,4,100.0,CORE
cafe_dessert,dessert_shop,entity_google_reviews,4,4,100.0,CORE
cafe_dessert,dessert_shop,entity_hours,4,4,100.0,CORE
cafe_dessert,dessert_shop,entity_modules,4,4,100.0,CORE
cafe_dessert,dessert_shop,entity_nearby_landmark_types,4,4,100.0,CORE
cafe_dessert,dessert_shop,entity_nearby_landmarks,4,4,100.0,CORE
cafe_dessert,dessert_shop,entity_photos,4,4,100.0,CORE
cafe_dessert,dessert_shop,entity_reviews,4,4,100.0,CORE
cafe_dessert,dessert_shop,entity_tags,4,4,100.0,CORE
cafe_dessert,dessert_shop,entity_theme,4,4,100.0,CORE
cafe_dessert,dessert_shop,industry_cafe_dessert,4,4,100.0,CORE
cafe_dessert,dessert_shop,search_index,4,4,100.0,CORE
cafe_dessert,dessert_shop,v_industry_facts_slugs,4,4,100.0,CORE
cafe_dessert,dessert_shop,entity_address_areas,3,4,75.0,CORE
cafe_dessert,dessert_shop,industry_food_beverage,3,4,75.0,CORE
cafe_dessert,dessert_shop,legacy_photo_migration_queue,3,4,75.0,CORE
cafe_dessert,dessert_shop,tourist_seen,1,4,25.0,COMMON
cafe_dessert,dessert_shop,tourist_swipe_events,1,4,25.0,COMMON
cafe_dessert,dessert_shop,entity_secondary_hours,1,4,25.0,COMMON
attraction,aquarium,ai_data_completeness_audit_full,4,4,100.0,CORE
attraction,aquarium,ai_entity_intent_tags_full,4,4,100.0,CORE
attraction,aquarium,ai_entity_profiles_full,4,4,100.0,CORE
attraction,aquarium,entity,4,4,100.0,CORE
attraction,aquarium,entity_completeness_v,4,4,100.0,CORE
attraction,aquarium,entity_tags,4,4,100.0,CORE
attraction,aquarium,entity_theme,4,4,100.0,CORE
attraction,aquarium,industry_attraction,4,4,100.0,CORE
attraction,aquarium,search_index,4,4,100.0,CORE
attraction,aquarium,v_industry_facts_slugs,4,4,100.0,CORE
attraction,aquarium,ai_photo_index_full,2,4,50.0,COMMON
attraction,aquarium,bookable_resources,2,4,50.0,COMMON
attraction,aquarium,bookable_resources_json_backup,2,4,50.0,COMMON
attraction,aquarium,entity_attributes,2,4,50.0,COMMON
attraction,aquarium,entity_google_maps_links,2,4,50.0,COMMON
attraction,aquarium,entity_google_reviews,2,4,50.0,COMMON
attraction,aquarium,entity_hours,2,4,50.0,COMMON
attraction,aquarium,entity_items_norm_v,2,4,50.0,COMMON
attraction,aquarium,entity_items_v,2,4,50.0,COMMON
attraction,aquarium,entity_modules,2,4,50.0,COMMON
attraction,aquarium,entity_nearby_landmark_types,2,4,50.0,COMMON
attraction,aquarium,entity_nearby_landmarks,2,4,50.0,COMMON
attraction,aquarium,entity_offer,2,4,50.0,COMMON
attraction,aquarium,entity_photos,2,4,50.0,COMMON
attraction,aquarium,entity_reviews,2,4,50.0,COMMON
attraction,aquarium,entity_address_areas,1,4,25.0,COMMON
attraction,aquarium,entity_sources,1,4,25.0,COMMON
tour_operator,visitor_center,ai_data_completeness_audit_full,4,4,100.0,CORE
tour_operator,visitor_center,ai_entity_intent_tags_full,4,4,100.0,CORE
tour_operator,visitor_center,ai_entity_profiles_full,4,4,100.0,CORE
tour_operator,visitor_center,ai_photo_index_full,4,4,100.0,CORE
tour_operator,visitor_center,entity,4,4,100.0,CORE
tour_operator,visitor_center,entity_attributes,4,4,100.0,CORE
tour_operator,visitor_center,entity_completeness_v,4,4,100.0,CORE
tour_operator,visitor_center,entity_google_maps_links,4,4,100.0,CORE
tour_operator,visitor_center,entity_google_reviews,4,4,100.0,CORE
tour_operator,visitor_center,entity_hours,4,4,100.0,CORE
tour_operator,visitor_center,entity_modules,4,4,100.0,CORE
tour_operator,visitor_center,entity_nearby_landmark_types,4,4,100.0,CORE
tour_operator,visitor_center,entity_nearby_landmarks,4,4,100.0,CORE
tour_operator,visitor_center,entity_photos,4,4,100.0,CORE
tour_operator,visitor_center,entity_reviews,4,4,100.0,CORE
tour_operator,visitor_center,entity_tags,4,4,100.0,CORE
tour_operator,visitor_center,entity_theme,4,4,100.0,CORE
tour_operator,visitor_center,industry_tour_operator,4,4,100.0,CORE
tour_operator,visitor_center,search_index,4,4,100.0,CORE
tour_operator,visitor_center,v_industry_facts_slugs,4,4,100.0,CORE
tour_operator,visitor_center,entity_address_areas,3,4,75.0,CORE
tour_operator,visitor_center,entity_sources,1,4,25.0,COMMON
tour_operator,visitor_center,legacy_photo_migration_queue,1,4,25.0,COMMON
professional_service,corporate_office,ai_data_completeness_audit_full,4,4,100.0,CORE
professional_service,corporate_office,ai_entity_intent_tags_full,4,4,100.0,CORE
professional_service,corporate_office,ai_entity_profiles_full,4,4,100.0,CORE
professional_service,corporate_office,ai_photo_index_full,4,4,100.0,CORE
professional_service,corporate_office,bookable_resources,4,4,100.0,CORE
professional_service,corporate_office,bookable_resources_json_backup,4,4,100.0,CORE
professional_service,corporate_office,entity,4,4,100.0,CORE
professional_service,corporate_office,entity_attributes,4,4,100.0,CORE
professional_service,corporate_office,entity_google_maps_links,4,4,100.0,CORE
professional_service,corporate_office,entity_items_norm_v,4,4,100.0,CORE
professional_service,corporate_office,entity_items_v,4,4,100.0,CORE
professional_service,corporate_office,entity_modules,4,4,100.0,CORE
professional_service,corporate_office,entity_nearby_landmark_types,4,4,100.0,CORE
professional_service,corporate_office,entity_nearby_landmarks,4,4,100.0,CORE
professional_service,corporate_office,entity_offer,4,4,100.0,CORE
professional_service,corporate_office,entity_photos,4,4,100.0,CORE
professional_service,corporate_office,entity_tags,4,4,100.0,CORE
professional_service,corporate_office,entity_theme,4,4,100.0,CORE
professional_service,corporate_office,industry_professional_service,4,4,100.0,CORE
professional_service,corporate_office,search_index,4,4,100.0,CORE
professional_service,corporate_office,v_industry_facts_slugs,4,4,100.0,CORE
professional_service,corporate_office,entity_address_areas,3,4,75.0,CORE
professional_service,corporate_office,entity_google_reviews,3,4,75.0,CORE
professional_service,corporate_office,entity_hours,3,4,75.0,CORE
professional_service,corporate_office,entity_reviews,3,4,75.0,CORE
professional_service,corporate_office,entity_completeness_v,3,4,75.0,CORE
professional_service,corporate_office,professional_services,2,4,50.0,COMMON
professional_service,corporate_office,service_menu,2,4,50.0,COMMON
health_medical,doctor,ai_data_completeness_audit_full,4,4,100.0,CORE
health_medical,doctor,ai_entity_intent_tags_full,4,4,100.0,CORE
health_medical,doctor,ai_entity_profiles_full,4,4,100.0,CORE
health_medical,doctor,bookable_resources,4,4,100.0,CORE
health_medical,doctor,bookable_resources_json_backup,4,4,100.0,CORE
health_medical,doctor,entity,4,4,100.0,CORE
health_medical,doctor,entity_attributes,4,4,100.0,CORE
health_medical,doctor,entity_completeness_v,4,4,100.0,CORE
health_medical,doctor,entity_google_maps_links,4,4,100.0,CORE
health_medical,doctor,entity_google_reviews,4,4,100.0,CORE
health_medical,doctor,entity_items_norm_v,4,4,100.0,CORE
health_medical,doctor,entity_items_v,4,4,100.0,CORE
health_medical,doctor,entity_modules,4,4,100.0,CORE
health_medical,doctor,entity_nearby_landmark_types,4,4,100.0,CORE
health_medical,doctor,entity_nearby_landmarks,4,4,100.0,CORE
health_medical,doctor,entity_offer,4,4,100.0,CORE
health_medical,doctor,entity_reviews,4,4,100.0,CORE
health_medical,doctor,entity_tags,4,4,100.0,CORE
health_medical,doctor,entity_theme,4,4,100.0,CORE
health_medical,doctor,industry_health_medical,4,4,100.0,CORE
health_medical,doctor,search_index,4,4,100.0,CORE
health_medical,doctor,v_industry_facts_slugs,4,4,100.0,CORE
health_medical,doctor,ai_photo_index_full,3,4,75.0,CORE
health_medical,doctor,entity_hours,3,4,75.0,CORE
health_medical,doctor,entity_photos,3,4,75.0,CORE
health_medical,doctor,health_medical_services,3,4,75.0,CORE
health_medical,doctor,service_menu,3,4,75.0,CORE
health_medical,doctor,entity_address_areas,1,4,25.0,COMMON
health_medical,doctor,entity_sources,1,4,25.0,COMMON
trade_home_service,manufacturer,ai_data_completeness_audit_full,4,4,100.0,CORE
trade_home_service,manufacturer,ai_entity_intent_tags_full,4,4,100.0,CORE
trade_home_service,manufacturer,ai_entity_profiles_full,4,4,100.0,CORE
trade_home_service,manufacturer,ai_photo_index_full,4,4,100.0,CORE
trade_home_service,manufacturer,bookable_resources,4,4,100.0,CORE
trade_home_service,manufacturer,bookable_resources_json_backup,4,4,100.0,CORE
trade_home_service,manufacturer,entity,4,4,100.0,CORE
trade_home_service,manufacturer,entity_attributes,4,4,100.0,CORE
trade_home_service,manufacturer,entity_completeness_v,4,4,100.0,CORE
trade_home_service,manufacturer,entity_google_maps_links,4,4,100.0,CORE
trade_home_service,manufacturer,entity_items_norm_v,4,4,100.0,CORE
trade_home_service,manufacturer,entity_items_v,4,4,100.0,CORE
trade_home_service,manufacturer,entity_modules,4,4,100.0,CORE
trade_home_service,manufacturer,entity_nearby_landmark_types,4,4,100.0,CORE
trade_home_service,manufacturer,entity_nearby_landmarks,4,4,100.0,CORE
trade_home_service,manufacturer,entity_offer,4,4,100.0,CORE
trade_home_service,manufacturer,entity_photos,4,4,100.0,CORE
trade_home_service,manufacturer,entity_tags,4,4,100.0,CORE
trade_home_service,manufacturer,entity_theme,4,4,100.0,CORE
trade_home_service,manufacturer,industry_trade_home_service,4,4,100.0,CORE
trade_home_service,manufacturer,search_index,4,4,100.0,CORE
trade_home_service,manufacturer,v_industry_facts_slugs,4,4,100.0,CORE
trade_home_service,manufacturer,entity_google_reviews,3,4,75.0,CORE
trade_home_service,manufacturer,entity_hours,3,4,75.0,CORE
trade_home_service,manufacturer,entity_reviews,3,4,75.0,CORE
trade_home_service,manufacturer,entity_address_areas,3,4,75.0,CORE
trade_home_service,manufacturer,service_menu,2,4,50.0,COMMON
trade_home_service,manufacturer,trade_home_services,2,4,50.0,COMMON
trade_home_service,manufacturer,entity_conflicts,1,4,25.0,COMMON
trade_home_service,manufacturer,entity_sources,1,4,25.0,COMMON
trade_home_service,manufacturer,legacy_photo_migration_queue,1,4,25.0,COMMON
outdoor_recreation,dog_park,ai_data_completeness_audit_full,4,4,100.0,CORE
outdoor_recreation,dog_park,ai_entity_intent_tags_full,4,4,100.0,CORE
outdoor_recreation,dog_park,ai_entity_profiles_full,4,4,100.0,CORE
outdoor_recreation,dog_park,ai_photo_index_full,4,4,100.0,CORE
outdoor_recreation,dog_park,entity,4,4,100.0,CORE
outdoor_recreation,dog_park,entity_attributes,4,4,100.0,CORE
outdoor_recreation,dog_park,entity_completeness_v,4,4,100.0,CORE
outdoor_recreation,dog_park,entity_google_maps_links,4,4,100.0,CORE
outdoor_recreation,dog_park,entity_hours,4,4,100.0,CORE
outdoor_recreation,dog_park,entity_modules,4,4,100.0,CORE
outdoor_recreation,dog_park,entity_nearby_landmark_types,4,4,100.0,CORE
outdoor_recreation,dog_park,entity_nearby_landmarks,4,4,100.0,CORE
outdoor_recreation,dog_park,entity_photos,4,4,100.0,CORE
outdoor_recreation,dog_park,entity_tags,4,4,100.0,CORE
outdoor_recreation,dog_park,entity_theme,4,4,100.0,CORE
outdoor_recreation,dog_park,industry_outdoor_recreation,4,4,100.0,CORE
outdoor_recreation,dog_park,search_index,4,4,100.0,CORE
outdoor_recreation,dog_park,v_industry_facts_slugs,4,4,100.0,CORE
outdoor_recreation,dog_park,entity_address_areas,3,4,75.0,CORE
outdoor_recreation,dog_park,entity_google_reviews,3,4,75.0,CORE
outdoor_recreation,dog_park,entity_reviews,3,4,75.0,CORE
outdoor_recreation,dog_park,entity_sections,2,4,50.0,COMMON
outdoor_recreation,dog_park,entity_seo_keywords,2,4,50.0,COMMON
outdoor_recreation,dog_park,legacy_photo_migration_queue,1,4,25.0,COMMON
outdoor_recreation,dog_park,entity_conflicts,1,4,25.0,COMMON
outdoor_recreation,fishing_pier,ai_data_completeness_audit_full,4,4,100.0,CORE
outdoor_recreation,fishing_pier,ai_entity_intent_tags_full,4,4,100.0,CORE
outdoor_recreation,fishing_pier,ai_entity_profiles_full,4,4,100.0,CORE
outdoor_recreation,fishing_pier,ai_photo_index_full,4,4,100.0,CORE
outdoor_recreation,fishing_pier,entity,4,4,100.0,CORE
outdoor_recreation,fishing_pier,entity_address_areas,4,4,100.0,CORE
outdoor_recreation,fishing_pier,entity_attributes,4,4,100.0,CORE
outdoor_recreation,fishing_pier,entity_completeness_v,4,4,100.0,CORE
outdoor_recreation,fishing_pier,entity_google_maps_links,4,4,100.0,CORE
outdoor_recreation,fishing_pier,entity_google_reviews,4,4,100.0,CORE
outdoor_recreation,fishing_pier,entity_modules,4,4,100.0,CORE
outdoor_recreation,fishing_pier,entity_nearby_landmark_types,4,4,100.0,CORE
outdoor_recreation,fishing_pier,entity_nearby_landmarks,4,4,100.0,CORE
outdoor_recreation,fishing_pier,entity_photos,4,4,100.0,CORE
outdoor_recreation,fishing_pier,entity_reviews,4,4,100.0,CORE
outdoor_recreation,fishing_pier,entity_tags,4,4,100.0,CORE
outdoor_recreation,fishing_pier,entity_theme,4,4,100.0,CORE
outdoor_recreation,fishing_pier,industry_outdoor_recreation,4,4,100.0,CORE
outdoor_recreation,fishing_pier,search_index,4,4,100.0,CORE
outdoor_recreation,fishing_pier,v_industry_facts_slugs,4,4,100.0,CORE
outdoor_recreation,fishing_pier,entity_hours,2,4,50.0,COMMON
outdoor_recreation,fishing_pier,legacy_photo_migration_queue,2,4,50.0,COMMON
outdoor_recreation,fishing_pier,entity_items_norm_v,1,4,25.0,COMMON
outdoor_recreation,fishing_pier,entity_items_v,1,4,25.0,COMMON
outdoor_recreation,fishing_pier,entity_section_items,1,4,25.0,COMMON
outdoor_recreation,fishing_pier,entity_sections,1,4,25.0,COMMON
outdoor_recreation,fishing_pier,entity_seo,1,4,25.0,COMMON
outdoor_recreation,fishing_pier,entity_seo_keywords,1,4,25.0,COMMON
outdoor_recreation,fishing_pier,tourist_seen,1,4,25.0,COMMON
outdoor_recreation,fishing_pier,tourist_swipe_events,1,4,25.0,COMMON
cruise_tour,sunset_cruise,ai_data_completeness_audit_full,4,4,100.0,CORE
cruise_tour,sunset_cruise,ai_entity_intent_tags_full,4,4,100.0,CORE
cruise_tour,sunset_cruise,ai_entity_profiles_full,4,4,100.0,CORE
cruise_tour,sunset_cruise,ai_photo_index_full,4,4,100.0,CORE
cruise_tour,sunset_cruise,entity,4,4,100.0,CORE
cruise_tour,sunset_cruise,entity_completeness_v,4,4,100.0,CORE
cruise_tour,sunset_cruise,entity_items_norm_v,4,4,100.0,CORE
cruise_tour,sunset_cruise,entity_items_v,4,4,100.0,CORE
cruise_tour,sunset_cruise,entity_modules,4,4,100.0,CORE
cruise_tour,sunset_cruise,entity_offer,4,4,100.0,CORE
cruise_tour,sunset_cruise,entity_photos,4,4,100.0,CORE
cruise_tour,sunset_cruise,entity_sources,4,4,100.0,CORE
cruise_tour,sunset_cruise,entity_tags,4,4,100.0,CORE
cruise_tour,sunset_cruise,entity_theme,4,4,100.0,CORE
cruise_tour,sunset_cruise,industry_cruise_tour,4,4,100.0,CORE
cruise_tour,sunset_cruise,search_index,4,4,100.0,CORE
cruise_tour,sunset_cruise,v_industry_facts_slugs,4,4,100.0,CORE
cruise_tour,sunset_cruise,activity_options,3,4,75.0,CORE
cruise_tour,sunset_cruise,offering_prices,3,4,75.0,CORE
cruise_tour,sunset_cruise,offerings,3,4,75.0,CORE
cruise_tour,sunset_cruise,bookable_resources,2,4,50.0,COMMON
cruise_tour,sunset_cruise,bookable_resources_json_backup,2,4,50.0,COMMON
cruise_tour,sunset_cruise,entity_attributes,2,4,50.0,COMMON
cruise_tour,sunset_cruise,entity_google_maps_links,2,4,50.0,COMMON
cruise_tour,sunset_cruise,entity_google_reviews,2,4,50.0,COMMON
cruise_tour,sunset_cruise,entity_hours,2,4,50.0,COMMON
cruise_tour,sunset_cruise,entity_nearby_landmark_types,2,4,50.0,COMMON
cruise_tour,sunset_cruise,entity_nearby_landmarks,2,4,50.0,COMMON
cruise_tour,sunset_cruise,entity_reviews,2,4,50.0,COMMON
cruise_tour,sunset_cruise,legacy_photo_migration_queue,2,4,50.0,COMMON
cruise_tour,sunset_cruise,entity_highlights,2,4,50.0,COMMON
cruise_tour,sunset_cruise,entity_offer_section,2,4,50.0,COMMON
cruise_tour,sunset_cruise,faqs,2,4,50.0,COMMON
cruise_tour,sunset_cruise,meeting_points,2,4,50.0,COMMON
cruise_tour,sunset_cruise,pricing_items,2,4,50.0,COMMON
cruise_tour,sunset_cruise,requirements,2,4,50.0,COMMON
cruise_tour,sunset_cruise,entity_section_items,1,4,25.0,COMMON
cruise_tour,sunset_cruise,entity_sections,1,4,25.0,COMMON
cruise_tour,sunset_cruise,entity_seo_keywords,1,4,25.0,COMMON
retail,food_store,ai_data_completeness_audit_full,4,4,100.0,CORE
retail,food_store,ai_entity_intent_tags_full,4,4,100.0,CORE
retail,food_store,ai_entity_profiles_full,4,4,100.0,CORE
retail,food_store,ai_photo_index_full,4,4,100.0,CORE
retail,food_store,entity,4,4,100.0,CORE
retail,food_store,entity_attributes,4,4,100.0,CORE
retail,food_store,entity_completeness_v,4,4,100.0,CORE
retail,food_store,entity_google_maps_links,4,4,100.0,CORE
retail,food_store,entity_google_reviews,4,4,100.0,CORE
retail,food_store,entity_hours,4,4,100.0,CORE
retail,food_store,entity_modules,4,4,100.0,CORE
retail,food_store,entity_nearby_landmark_types,4,4,100.0,CORE
retail,food_store,entity_nearby_landmarks,4,4,100.0,CORE
retail,food_store,entity_photos,4,4,100.0,CORE
retail,food_store,entity_reviews,4,4,100.0,CORE
retail,food_store,entity_tags,4,4,100.0,CORE
retail,food_store,entity_theme,4,4,100.0,CORE
retail,food_store,industry_retail,4,4,100.0,CORE
retail,food_store,search_index,4,4,100.0,CORE
retail,food_store,v_industry_facts_slugs,4,4,100.0,CORE
retail,food_store,entity_address_areas,2,4,50.0,COMMON
retail,food_store,legacy_photo_migration_queue,2,4,50.0,COMMON
retail,food_store,entity_events,1,4,25.0,COMMON
health_medical,medical_clinic,ai_data_completeness_audit_full,4,4,100.0,CORE
health_medical,medical_clinic,ai_entity_intent_tags_full,4,4,100.0,CORE
health_medical,medical_clinic,ai_entity_profiles_full,4,4,100.0,CORE
health_medical,medical_clinic,ai_photo_index_full,4,4,100.0,CORE
health_medical,medical_clinic,bookable_resources,4,4,100.0,CORE
health_medical,medical_clinic,bookable_resources_json_backup,4,4,100.0,CORE
health_medical,medical_clinic,entity,4,4,100.0,CORE
health_medical,medical_clinic,entity_attributes,4,4,100.0,CORE
health_medical,medical_clinic,entity_completeness_v,4,4,100.0,CORE
health_medical,medical_clinic,entity_google_maps_links,4,4,100.0,CORE
health_medical,medical_clinic,entity_google_reviews,4,4,100.0,CORE
health_medical,medical_clinic,entity_hours,4,4,100.0,CORE
health_medical,medical_clinic,entity_items_norm_v,4,4,100.0,CORE
health_medical,medical_clinic,entity_items_v,4,4,100.0,CORE
health_medical,medical_clinic,entity_modules,4,4,100.0,CORE
health_medical,medical_clinic,entity_nearby_landmark_types,4,4,100.0,CORE
health_medical,medical_clinic,entity_nearby_landmarks,4,4,100.0,CORE
health_medical,medical_clinic,entity_offer,4,4,100.0,CORE
health_medical,medical_clinic,entity_photos,4,4,100.0,CORE
health_medical,medical_clinic,entity_reviews,4,4,100.0,CORE
health_medical,medical_clinic,entity_tags,4,4,100.0,CORE
health_medical,medical_clinic,entity_theme,4,4,100.0,CORE
health_medical,medical_clinic,industry_health_medical,4,4,100.0,CORE
health_medical,medical_clinic,search_index,4,4,100.0,CORE
health_medical,medical_clinic,v_industry_facts_slugs,4,4,100.0,CORE
health_medical,medical_clinic,health_medical_services,3,4,75.0,CORE
health_medical,medical_clinic,service_menu,3,4,75.0,CORE
health_medical,medical_clinic,entity_address_areas,1,4,25.0,COMMON
health_medical,medical_clinic,entity_sources,1,4,25.0,COMMON
health_medical,medical_clinic,tourist_seen,1,4,25.0,COMMON
health_medical,medical_clinic,tourist_swipe_events,1,4,25.0,COMMON
vacation_rental,hotel,ai_data_completeness_audit_full,4,4,100.0,CORE
vacation_rental,hotel,ai_entity_intent_tags_full,4,4,100.0,CORE
vacation_rental,hotel,ai_entity_profiles_full,4,4,100.0,CORE
vacation_rental,hotel,entity,4,4,100.0,CORE
vacation_rental,hotel,entity_attributes,4,4,100.0,CORE
vacation_rental,hotel,entity_completeness_v,4,4,100.0,CORE
vacation_rental,hotel,entity_google_maps_links,4,4,100.0,CORE
vacation_rental,hotel,entity_modules,4,4,100.0,CORE
vacation_rental,hotel,entity_nearby_landmark_types,4,4,100.0,CORE
vacation_rental,hotel,entity_nearby_landmarks,4,4,100.0,CORE
vacation_rental,hotel,entity_tags,4,4,100.0,CORE
vacation_rental,hotel,entity_theme,4,4,100.0,CORE
vacation_rental,hotel,industry_hotel,4,4,100.0,CORE
vacation_rental,hotel,industry_vacation_rental,4,4,100.0,CORE
vacation_rental,hotel,search_index,4,4,100.0,CORE
vacation_rental,hotel,v_industry_facts_slugs,4,4,100.0,CORE
vacation_rental,hotel,entity_google_reviews,3,4,75.0,CORE
vacation_rental,hotel,entity_reviews,3,4,75.0,CORE
vacation_rental,hotel,entity_address_areas,3,4,75.0,CORE
vacation_rental,hotel,ai_photo_index_full,2,4,50.0,COMMON
vacation_rental,hotel,entity_photos,2,4,50.0,COMMON
vacation_rental,hotel,legacy_photo_migration_queue,2,4,50.0,COMMON
hotel,guest_house,ai_data_completeness_audit_full,4,4,100.0,CORE
hotel,guest_house,ai_entity_intent_tags_full,4,4,100.0,CORE
hotel,guest_house,ai_entity_profiles_full,4,4,100.0,CORE
hotel,guest_house,entity,4,4,100.0,CORE
hotel,guest_house,entity_completeness_v,4,4,100.0,CORE
hotel,guest_house,entity_google_maps_links,4,4,100.0,CORE
hotel,guest_house,entity_modules,4,4,100.0,CORE
hotel,guest_house,entity_nearby_landmark_types,4,4,100.0,CORE
hotel,guest_house,entity_nearby_landmarks,4,4,100.0,CORE
hotel,guest_house,entity_tags,4,4,100.0,CORE
hotel,guest_house,entity_theme,4,4,100.0,CORE
hotel,guest_house,industry_hotel,4,4,100.0,CORE
hotel,guest_house,search_index,4,4,100.0,CORE
hotel,guest_house,v_industry_facts_slugs,4,4,100.0,CORE
hotel,guest_house,entity_attributes,3,4,75.0,CORE
hotel,guest_house,entity_google_reviews,3,4,75.0,CORE
hotel,guest_house,entity_reviews,3,4,75.0,CORE
hotel,guest_house,entity_photos,2,4,50.0,COMMON
hotel,guest_house,entity_hours,1,4,25.0,COMMON
hotel,guest_house,ai_photo_index_full,1,4,25.0,COMMON
professional_service,agency,ai_data_completeness_audit_full,4,4,100.0,CORE
professional_service,agency,ai_entity_intent_tags_full,4,4,100.0,CORE
professional_service,agency,ai_entity_profiles_full,4,4,100.0,CORE
professional_service,agency,bookable_resources,4,4,100.0,CORE
professional_service,agency,bookable_resources_json_backup,4,4,100.0,CORE
professional_service,agency,entity,4,4,100.0,CORE
professional_service,agency,entity_completeness_v,4,4,100.0,CORE
professional_service,agency,entity_items_norm_v,4,4,100.0,CORE
professional_service,agency,entity_items_v,4,4,100.0,CORE
professional_service,agency,entity_modules,4,4,100.0,CORE
professional_service,agency,entity_offer,4,4,100.0,CORE
professional_service,agency,entity_tags,4,4,100.0,CORE
professional_service,agency,entity_theme,4,4,100.0,CORE
professional_service,agency,industry_professional_service,4,4,100.0,CORE
professional_service,agency,search_index,4,4,100.0,CORE
professional_service,agency,v_industry_facts_slugs,4,4,100.0,CORE
professional_service,agency,ai_photo_index_full,3,4,75.0,CORE
professional_service,agency,entity_hours,3,4,75.0,CORE
professional_service,agency,entity_photos,3,4,75.0,CORE
professional_service,agency,entity_good_for,1,4,25.0,COMMON
professional_service,agency,entity_highlights,1,4,25.0,COMMON
professional_service,agency,professional_services,1,4,25.0,COMMON
professional_service,agency,service_menu,1,4,25.0,COMMON
marina,marina_store,entity,4,4,100.0,CORE
marina,marina_store,entity_completeness_v,4,4,100.0,CORE
marina,marina_store,industry_marina,4,4,100.0,CORE
marina,marina_store,v_industry_facts_slugs,4,4,100.0,CORE
marina,marina_store,entity_amenities,2,4,50.0,COMMON
marina,marina_store,entity_attributes,2,4,50.0,COMMON
marina,marina_store,entity_hours,2,4,50.0,COMMON
marina,marina_store,entity_tags,2,4,50.0,COMMON
marina,marina_store,entity_theme,2,4,50.0,COMMON
marina,marina_store,search_index,2,4,50.0,COMMON
marina,marina_store,entity_conflicts,2,4,50.0,COMMON
marina,marina_store,entity_items_norm_v,1,4,25.0,COMMON
marina,marina_store,entity_items_v,1,4,25.0,COMMON
marina,marina_store,entity_section_items,1,4,25.0,COMMON
marina,marina_store,entity_sections,1,4,25.0,COMMON
other,premise,ai_data_completeness_audit_full,4,4,100.0,CORE
other,premise,ai_entity_intent_tags_full,4,4,100.0,CORE
other,premise,ai_entity_profiles_full,4,4,100.0,CORE
other,premise,bookable_resources,4,4,100.0,CORE
other,premise,bookable_resources_json_backup,4,4,100.0,CORE
other,premise,entity,4,4,100.0,CORE
other,premise,entity_completeness_v,4,4,100.0,CORE
other,premise,entity_google_maps_links,4,4,100.0,CORE
other,premise,entity_items_norm_v,4,4,100.0,CORE
other,premise,entity_items_v,4,4,100.0,CORE
other,premise,entity_nearby_landmark_types,4,4,100.0,CORE
other,premise,entity_nearby_landmarks,4,4,100.0,CORE
other,premise,entity_offer,4,4,100.0,CORE
other,premise,entity_tags,4,4,100.0,CORE
other,premise,entity_theme,4,4,100.0,CORE
other,premise,search_index,4,4,100.0,CORE
other,premise,entity_address_areas,2,4,50.0,COMMON
other,premise,entity_photos,1,4,25.0,COMMON
vacation_rental,owner_managed_beach_house_group,entity,4,4,100.0,CORE
vacation_rental,owner_managed_beach_house_group,entity_completeness_v,4,4,100.0,CORE
vacation_rental,owner_managed_beach_house_group,entity_modules,4,4,100.0,CORE
vacation_rental,owner_managed_beach_house_group,entity_theme,4,4,100.0,CORE
vacation_rental,owner_managed_beach_house_group,industry_vacation_rental,4,4,100.0,CORE
vacation_rental,owner_managed_beach_house_group,search_index,4,4,100.0,CORE
vacation_rental,owner_managed_beach_house_group,v_industry_facts_slugs,4,4,100.0,CORE
retail,gas-station,entity,4,4,100.0,CORE
retail,gas-station,entity_completeness_v,4,4,100.0,CORE
retail,gas-station,industry_retail,4,4,100.0,CORE
retail,gas-station,search_index,4,4,100.0,CORE
retail,gas-station,v_industry_facts_slugs,4,4,100.0,CORE
retail,gas-station,entity_conflicts,3,4,75.0,CORE
retail,gas-station,entity_theme,1,4,25.0,COMMON
retail,gas-station,recovery_import_log,1,4,25.0,COMMON
civic,library,entity,4,4,100.0,CORE
civic,library,entity_completeness_v,4,4,100.0,CORE
civic,library,entity_theme,4,4,100.0,CORE
civic,library,industry_civic,4,4,100.0,CORE
civic,library,recovery_import_log,4,4,100.0,CORE
civic,library,search_index,4,4,100.0,CORE
civic,library,v_industry_facts_slugs,4,4,100.0,CORE
event_venue,catering_service,ai_data_completeness_audit_full,3,3,100.0,CORE
event_venue,catering_service,ai_entity_intent_tags_full,3,3,100.0,CORE
event_venue,catering_service,ai_entity_profiles_full,3,3,100.0,CORE
event_venue,catering_service,ai_photo_index_full,3,3,100.0,CORE
event_venue,catering_service,bookable_resources,3,3,100.0,CORE
event_venue,catering_service,bookable_resources_json_backup,3,3,100.0,CORE
event_venue,catering_service,entity,3,3,100.0,CORE
event_venue,catering_service,entity_attributes,3,3,100.0,CORE
event_venue,catering_service,entity_completeness_v,3,3,100.0,CORE
event_venue,catering_service,entity_google_maps_links,3,3,100.0,CORE
event_venue,catering_service,entity_google_reviews,3,3,100.0,CORE
event_venue,catering_service,entity_items_norm_v,3,3,100.0,CORE
event_venue,catering_service,entity_items_v,3,3,100.0,CORE
event_venue,catering_service,entity_modules,3,3,100.0,CORE
event_venue,catering_service,entity_nearby_landmark_types,3,3,100.0,CORE
event_venue,catering_service,entity_nearby_landmarks,3,3,100.0,CORE
event_venue,catering_service,entity_offer,3,3,100.0,CORE
event_venue,catering_service,entity_photos,3,3,100.0,CORE
event_venue,catering_service,entity_reviews,3,3,100.0,CORE
event_venue,catering_service,entity_tags,3,3,100.0,CORE
event_venue,catering_service,entity_theme,3,3,100.0,CORE
event_venue,catering_service,industry_event_venue,3,3,100.0,CORE
event_venue,catering_service,search_index,3,3,100.0,CORE
event_venue,catering_service,v_industry_facts_slugs,3,3,100.0,CORE
event_venue,catering_service,entity_hours,2,3,66.7,CORE
event_venue,catering_service,ai_unified_search_items_full,1,3,33.3,COMMON
event_venue,catering_service,catalog_items,1,3,33.3,COMMON
event_venue,catering_service,catalog_section_days,1,3,33.3,COMMON
event_venue,catering_service,catalog_sections,1,3,33.3,COMMON
event_venue,catering_service,entity_good_for,1,3,33.3,COMMON
event_venue,catering_service,entity_highlights,1,3,33.3,COMMON
event_venue,catering_service,entity_offer_section,1,3,33.3,COMMON
event_venue,catering_service,menu_items,1,3,33.3,COMMON
event_venue,catering_service,menu_section_days,1,3,33.3,COMMON
event_venue,catering_service,menu_section_details,1,3,33.3,COMMON
event_venue,catering_service,menu_sections,1,3,33.3,COMMON
event_venue,catering_service,entity_address_areas,1,3,33.3,COMMON
event_venue,catering_service,legacy_photo_migration_queue,1,3,33.3,COMMON
retail,department_store,ai_data_completeness_audit_full,3,3,100.0,CORE
retail,department_store,ai_entity_intent_tags_full,3,3,100.0,CORE
retail,department_store,ai_entity_profiles_full,3,3,100.0,CORE
retail,department_store,entity,3,3,100.0,CORE
retail,department_store,entity_attributes,3,3,100.0,CORE
retail,department_store,entity_completeness_v,3,3,100.0,CORE
retail,department_store,entity_hours,3,3,100.0,CORE
retail,department_store,entity_modules,3,3,100.0,CORE
retail,department_store,entity_tags,3,3,100.0,CORE
retail,department_store,entity_theme,3,3,100.0,CORE
retail,department_store,industry_retail,3,3,100.0,CORE
retail,department_store,search_index,3,3,100.0,CORE
retail,department_store,v_industry_facts_slugs,3,3,100.0,CORE
retail,department_store,ai_photo_index_full,2,3,66.7,CORE
retail,department_store,entity_photos,2,3,66.7,CORE
retail,department_store,recovery_import_log,1,3,33.3,COMMON
retail,department_store,entity_address_areas,1,3,33.3,COMMON
retail,department_store,entity_google_maps_links,1,3,33.3,COMMON
retail,department_store,entity_google_reviews,1,3,33.3,COMMON
retail,department_store,entity_nearby_landmark_types,1,3,33.3,COMMON
retail,department_store,entity_nearby_landmarks,1,3,33.3,COMMON
retail,department_store,entity_reviews,1,3,33.3,COMMON
retail,department_store,legacy_photo_migration_queue,1,3,33.3,COMMON
bar_nightlife,cocktail_bar,entity,3,3,100.0,CORE
bar_nightlife,cocktail_bar,entity_completeness_v,3,3,100.0,CORE
bar_nightlife,cocktail_bar,entity_theme,3,3,100.0,CORE
bar_nightlife,cocktail_bar,industry_bar_nightlife,3,3,100.0,CORE
bar_nightlife,cocktail_bar,search_index,3,3,100.0,CORE
bar_nightlife,cocktail_bar,v_industry_facts_slugs,3,3,100.0,CORE
bar_nightlife,cocktail_bar,ai_data_completeness_audit_full,2,3,66.7,CORE
bar_nightlife,cocktail_bar,ai_entity_intent_tags_full,2,3,66.7,CORE
bar_nightlife,cocktail_bar,ai_entity_profiles_full,2,3,66.7,CORE
bar_nightlife,cocktail_bar,ai_photo_index_full,2,3,66.7,CORE
bar_nightlife,cocktail_bar,entity_address_areas,2,3,66.7,CORE
bar_nightlife,cocktail_bar,entity_attributes,2,3,66.7,CORE
bar_nightlife,cocktail_bar,entity_google_maps_links,2,3,66.7,CORE
bar_nightlife,cocktail_bar,entity_google_reviews,2,3,66.7,CORE
bar_nightlife,cocktail_bar,entity_hours,2,3,66.7,CORE
bar_nightlife,cocktail_bar,entity_modules,2,3,66.7,CORE
bar_nightlife,cocktail_bar,entity_nearby_landmark_types,2,3,66.7,CORE
bar_nightlife,cocktail_bar,entity_nearby_landmarks,2,3,66.7,CORE
bar_nightlife,cocktail_bar,entity_photos,2,3,66.7,CORE
bar_nightlife,cocktail_bar,entity_reviews,2,3,66.7,CORE
bar_nightlife,cocktail_bar,entity_tags,2,3,66.7,CORE
bar_nightlife,cocktail_bar,industry_food_beverage,2,3,66.7,CORE
bar_nightlife,cocktail_bar,legacy_photo_migration_queue,2,3,66.7,CORE
bar_nightlife,cocktail_bar,entity_events,2,3,66.7,CORE
bar_nightlife,cocktail_bar,recovery_import_log,2,3,66.7,CORE
bar_nightlife,cocktail_bar,catalog_items,1,3,33.3,COMMON
bar_nightlife,cocktail_bar,catalog_section_days,1,3,33.3,COMMON
bar_nightlife,cocktail_bar,catalog_sections,1,3,33.3,COMMON
bar_nightlife,cocktail_bar,entity_items_norm_v,1,3,33.3,COMMON
bar_nightlife,cocktail_bar,entity_items_v,1,3,33.3,COMMON
bar_nightlife,cocktail_bar,entity_offer,1,3,33.3,COMMON
bar_nightlife,cocktail_bar,entity_offer_section,1,3,33.3,COMMON
bar_nightlife,cocktail_bar,entity_seo,1,3,33.3,COMMON
bar_nightlife,cocktail_bar,entity_sources,1,3,33.3,COMMON
bar_nightlife,cocktail_bar,menu_items,1,3,33.3,COMMON
bar_nightlife,cocktail_bar,menu_section_days,1,3,33.3,COMMON
bar_nightlife,cocktail_bar,menu_section_details,1,3,33.3,COMMON
bar_nightlife,cocktail_bar,menu_sections,1,3,33.3,COMMON
bar_nightlife,cocktail_bar,ai_event_planner_index_full,1,3,33.3,COMMON
bar_nightlife,cocktail_bar,ai_unified_search_items_full,1,3,33.3,COMMON
bar_nightlife,cocktail_bar,entity_conflicts,1,3,33.3,COMMON
food_beverage,asian_restaurant,ai_data_completeness_audit_full,3,3,100.0,CORE
food_beverage,asian_restaurant,ai_entity_intent_tags_full,3,3,100.0,CORE
food_beverage,asian_restaurant,ai_entity_profiles_full,3,3,100.0,CORE
food_beverage,asian_restaurant,ai_photo_index_full,3,3,100.0,CORE
food_beverage,asian_restaurant,bookable_resources,3,3,100.0,CORE
food_beverage,asian_restaurant,bookable_resources_json_backup,3,3,100.0,CORE
food_beverage,asian_restaurant,entity,3,3,100.0,CORE
food_beverage,asian_restaurant,entity_address_areas,3,3,100.0,CORE
food_beverage,asian_restaurant,entity_attributes,3,3,100.0,CORE
food_beverage,asian_restaurant,entity_completeness_v,3,3,100.0,CORE
food_beverage,asian_restaurant,entity_google_maps_links,3,3,100.0,CORE
food_beverage,asian_restaurant,entity_google_reviews,3,3,100.0,CORE
food_beverage,asian_restaurant,entity_hours,3,3,100.0,CORE
food_beverage,asian_restaurant,entity_items_norm_v,3,3,100.0,CORE
food_beverage,asian_restaurant,entity_items_v,3,3,100.0,CORE
food_beverage,asian_restaurant,entity_modules,3,3,100.0,CORE
food_beverage,asian_restaurant,entity_nearby_landmark_types,3,3,100.0,CORE
food_beverage,asian_restaurant,entity_nearby_landmarks,3,3,100.0,CORE
food_beverage,asian_restaurant,entity_offer,3,3,100.0,CORE
food_beverage,asian_restaurant,entity_photos,3,3,100.0,CORE
food_beverage,asian_restaurant,entity_reviews,3,3,100.0,CORE
food_beverage,asian_restaurant,entity_tags,3,3,100.0,CORE
food_beverage,asian_restaurant,entity_theme,3,3,100.0,CORE
food_beverage,asian_restaurant,industry_food_beverage,3,3,100.0,CORE
food_beverage,asian_restaurant,search_index,3,3,100.0,CORE
food_beverage,asian_restaurant,v_industry_facts_slugs,3,3,100.0,CORE
food_beverage,asian_restaurant,catalog_section_days,1,3,33.3,COMMON
food_beverage,asian_restaurant,catalog_sections,1,3,33.3,COMMON
food_beverage,asian_restaurant,entity_secondary_hours,1,3,33.3,COMMON
food_beverage,asian_restaurant,happy_hour_sections,1,3,33.3,COMMON
food_beverage,asian_restaurant,tourist_seen,1,3,33.3,COMMON
food_beverage,asian_restaurant,tourist_swipe_events,1,3,33.3,COMMON
food_beverage,fast_food_restaurant,ai_data_completeness_audit_full,3,3,100.0,CORE
food_beverage,fast_food_restaurant,ai_entity_intent_tags_full,3,3,100.0,CORE
food_beverage,fast_food_restaurant,ai_entity_profiles_full,3,3,100.0,CORE
food_beverage,fast_food_restaurant,entity,3,3,100.0,CORE
food_beverage,fast_food_restaurant,entity_attributes,3,3,100.0,CORE
food_beverage,fast_food_restaurant,entity_completeness_v,3,3,100.0,CORE
food_beverage,fast_food_restaurant,entity_hours,3,3,100.0,CORE
food_beverage,fast_food_restaurant,entity_modules,3,3,100.0,CORE
food_beverage,fast_food_restaurant,entity_tags,3,3,100.0,CORE
food_beverage,fast_food_restaurant,entity_theme,3,3,100.0,CORE
food_beverage,fast_food_restaurant,industry_food_beverage,3,3,100.0,CORE
food_beverage,fast_food_restaurant,search_index,3,3,100.0,CORE
food_beverage,fast_food_restaurant,v_industry_facts_slugs,3,3,100.0,CORE
food_beverage,fast_food_restaurant,ai_photo_index_full,2,3,66.7,CORE
food_beverage,fast_food_restaurant,entity_address_areas,2,3,66.7,CORE
food_beverage,fast_food_restaurant,entity_google_maps_links,2,3,66.7,CORE
food_beverage,fast_food_restaurant,entity_google_reviews,2,3,66.7,CORE
food_beverage,fast_food_restaurant,entity_nearby_landmark_types,2,3,66.7,CORE
food_beverage,fast_food_restaurant,entity_nearby_landmarks,2,3,66.7,CORE
food_beverage,fast_food_restaurant,entity_photos,2,3,66.7,CORE
food_beverage,fast_food_restaurant,entity_reviews,2,3,66.7,CORE
food_beverage,fast_food_restaurant,catalog_items,1,3,33.3,COMMON
food_beverage,fast_food_restaurant,catalog_section_days,1,3,33.3,COMMON
food_beverage,fast_food_restaurant,catalog_sections,1,3,33.3,COMMON
food_beverage,fast_food_restaurant,entity_amenities,1,3,33.3,COMMON
food_beverage,fast_food_restaurant,entity_items_norm_v,1,3,33.3,COMMON
food_beverage,fast_food_restaurant,entity_items_v,1,3,33.3,COMMON
food_beverage,fast_food_restaurant,entity_offer,1,3,33.3,COMMON
food_beverage,fast_food_restaurant,entity_offer_section,1,3,33.3,COMMON
food_beverage,fast_food_restaurant,entity_policies,1,3,33.3,COMMON
food_beverage,fast_food_restaurant,entity_sections,1,3,33.3,COMMON
food_beverage,fast_food_restaurant,entity_sources,1,3,33.3,COMMON
food_beverage,fast_food_restaurant,menu_items,1,3,33.3,COMMON
food_beverage,fast_food_restaurant,menu_section_days,1,3,33.3,COMMON
food_beverage,fast_food_restaurant,menu_section_details,1,3,33.3,COMMON
food_beverage,fast_food_restaurant,menu_sections,1,3,33.3,COMMON
civic,local_government_office,ai_data_completeness_audit_full,3,3,100.0,CORE
civic,local_government_office,ai_entity_intent_tags_full,3,3,100.0,CORE
civic,local_government_office,ai_entity_profiles_full,3,3,100.0,CORE
civic,local_government_office,ai_photo_index_full,3,3,100.0,CORE
civic,local_government_office,bookable_resources,3,3,100.0,CORE
civic,local_government_office,bookable_resources_json_backup,3,3,100.0,CORE
civic,local_government_office,entity,3,3,100.0,CORE
civic,local_government_office,entity_attributes,3,3,100.0,CORE
civic,local_government_office,entity_completeness_v,3,3,100.0,CORE
civic,local_government_office,entity_google_maps_links,3,3,100.0,CORE
civic,local_government_office,entity_google_reviews,3,3,100.0,CORE
civic,local_government_office,entity_hours,3,3,100.0,CORE
civic,local_government_office,entity_items_norm_v,3,3,100.0,CORE
civic,local_government_office,entity_items_v,3,3,100.0,CORE
civic,local_government_office,entity_nearby_landmark_types,3,3,100.0,CORE
civic,local_government_office,entity_nearby_landmarks,3,3,100.0,CORE
civic,local_government_office,entity_offer,3,3,100.0,CORE
civic,local_government_office,entity_photos,3,3,100.0,CORE
civic,local_government_office,entity_reviews,3,3,100.0,CORE
civic,local_government_office,entity_tags,3,3,100.0,CORE
civic,local_government_office,entity_theme,3,3,100.0,CORE
civic,local_government_office,industry_civic,3,3,100.0,CORE
civic,local_government_office,search_index,3,3,100.0,CORE
civic,local_government_office,v_industry_facts_slugs,3,3,100.0,CORE
civic,local_government_office,entity_address_areas,2,3,66.7,CORE
civic,local_government_office,ai_event_planner_index_full,1,3,33.3,COMMON
civic,local_government_office,ai_unified_search_items_full,1,3,33.3,COMMON
civic,local_government_office,entity_events,1,3,33.3,COMMON
civic,local_government_office,entity_good_for,1,3,33.3,COMMON
civic,local_government_office,entity_highlights,1,3,33.3,COMMON
civic,local_government_office,legacy_photo_migration_queue,1,3,33.3,COMMON
outdoor_recreation,farm,ai_data_completeness_audit_full,3,3,100.0,CORE
outdoor_recreation,farm,ai_entity_intent_tags_full,3,3,100.0,CORE
outdoor_recreation,farm,ai_entity_profiles_full,3,3,100.0,CORE
outdoor_recreation,farm,bookable_resources,3,3,100.0,CORE
outdoor_recreation,farm,bookable_resources_json_backup,3,3,100.0,CORE
outdoor_recreation,farm,entity,3,3,100.0,CORE
outdoor_recreation,farm,entity_completeness_v,3,3,100.0,CORE
outdoor_recreation,farm,entity_google_maps_links,3,3,100.0,CORE
outdoor_recreation,farm,entity_google_reviews,3,3,100.0,CORE
outdoor_recreation,farm,entity_hours,3,3,100.0,CORE
outdoor_recreation,farm,entity_items_norm_v,3,3,100.0,CORE
outdoor_recreation,farm,entity_items_v,3,3,100.0,CORE
outdoor_recreation,farm,entity_modules,3,3,100.0,CORE
outdoor_recreation,farm,entity_offer,3,3,100.0,CORE
outdoor_recreation,farm,entity_reviews,3,3,100.0,CORE
outdoor_recreation,farm,entity_tags,3,3,100.0,CORE
outdoor_recreation,farm,entity_theme,3,3,100.0,CORE
outdoor_recreation,farm,industry_outdoor_recreation,3,3,100.0,CORE
outdoor_recreation,farm,search_index,3,3,100.0,CORE
outdoor_recreation,farm,v_industry_facts_slugs,3,3,100.0,CORE
outdoor_recreation,farm,ai_photo_index_full,2,3,66.7,CORE
outdoor_recreation,farm,entity_attributes,2,3,66.7,CORE
outdoor_recreation,farm,entity_photos,2,3,66.7,CORE
vacation_rental,private_guest_room,ai_data_completeness_audit_full,3,3,100.0,CORE
vacation_rental,private_guest_room,ai_entity_intent_tags_full,3,3,100.0,CORE
vacation_rental,private_guest_room,ai_entity_profiles_full,3,3,100.0,CORE
vacation_rental,private_guest_room,bookable_resources,3,3,100.0,CORE
vacation_rental,private_guest_room,bookable_resources_json_backup,3,3,100.0,CORE
vacation_rental,private_guest_room,entity,3,3,100.0,CORE
vacation_rental,private_guest_room,entity_completeness_v,3,3,100.0,CORE
vacation_rental,private_guest_room,entity_google_maps_links,3,3,100.0,CORE
vacation_rental,private_guest_room,entity_items_norm_v,3,3,100.0,CORE
vacation_rental,private_guest_room,entity_items_v,3,3,100.0,CORE
vacation_rental,private_guest_room,entity_modules,3,3,100.0,CORE
vacation_rental,private_guest_room,entity_nearby_landmark_types,3,3,100.0,CORE
vacation_rental,private_guest_room,entity_nearby_landmarks,3,3,100.0,CORE
vacation_rental,private_guest_room,entity_offer,3,3,100.0,CORE
vacation_rental,private_guest_room,entity_tags,3,3,100.0,CORE
vacation_rental,private_guest_room,entity_theme,3,3,100.0,CORE
vacation_rental,private_guest_room,industry_vacation_rental,3,3,100.0,CORE
vacation_rental,private_guest_room,search_index,3,3,100.0,CORE
vacation_rental,private_guest_room,v_industry_facts_slugs,3,3,100.0,CORE
vacation_rental,private_guest_room,ai_photo_index_full,2,3,66.7,CORE
vacation_rental,private_guest_room,entity_google_reviews,2,3,66.7,CORE
vacation_rental,private_guest_room,entity_photos,2,3,66.7,CORE
vacation_rental,private_guest_room,entity_reviews,2,3,66.7,CORE
vacation_rental,private_guest_room,entity_address_areas,1,3,33.3,COMMON
outdoor_recreation,nature_reserve,entity,3,3,100.0,CORE
outdoor_recreation,nature_reserve,entity_completeness_v,3,3,100.0,CORE
outdoor_recreation,nature_reserve,entity_sources,3,3,100.0,CORE
outdoor_recreation,nature_reserve,entity_tags,3,3,100.0,CORE
outdoor_recreation,nature_reserve,entity_theme,3,3,100.0,CORE
outdoor_recreation,nature_reserve,search_index,3,3,100.0,CORE
outdoor_recreation,nature_reserve,ai_data_completeness_audit_full,2,3,66.7,CORE
outdoor_recreation,nature_reserve,ai_entity_intent_tags_full,2,3,66.7,CORE
outdoor_recreation,nature_reserve,ai_entity_profiles_full,2,3,66.7,CORE
outdoor_recreation,nature_reserve,ai_photo_index_full,2,3,66.7,CORE
outdoor_recreation,nature_reserve,entity_attributes,2,3,66.7,CORE
outdoor_recreation,nature_reserve,entity_google_maps_links,2,3,66.7,CORE
outdoor_recreation,nature_reserve,entity_google_reviews,2,3,66.7,CORE
outdoor_recreation,nature_reserve,entity_hours,2,3,66.7,CORE
outdoor_recreation,nature_reserve,entity_modules,2,3,66.7,CORE
outdoor_recreation,nature_reserve,entity_offer,2,3,66.7,CORE
outdoor_recreation,nature_reserve,entity_photos,2,3,66.7,CORE
outdoor_recreation,nature_reserve,entity_reviews,2,3,66.7,CORE
outdoor_recreation,nature_reserve,v_industry_facts_slugs,2,3,66.7,CORE
outdoor_recreation,nature_reserve,entity_address_areas,1,3,33.3,COMMON
outdoor_recreation,nature_reserve,entity_nearby_landmarks,1,3,33.3,COMMON
outdoor_recreation,nature_reserve,entity_sections,1,3,33.3,COMMON
outdoor_recreation,nature_reserve,entity_seo_keywords,1,3,33.3,COMMON
outdoor_recreation,nature_reserve,industry_outdoor_recreation,1,3,33.3,COMMON
outdoor_recreation,nature_reserve,legacy_photo_migration_queue,1,3,33.3,COMMON
outdoor_recreation,nature_reserve,recovery_import_log,1,3,33.3,COMMON
outdoor_recreation,nature_reserve,bookable_resources,1,3,33.3,COMMON
outdoor_recreation,nature_reserve,bookable_resources_json_backup,1,3,33.3,COMMON
outdoor_recreation,nature_reserve,entity_items_norm_v,1,3,33.3,COMMON
outdoor_recreation,nature_reserve,entity_items_v,1,3,33.3,COMMON
outdoor_recreation,nature_reserve,industry_attraction,1,3,33.3,COMMON
retail,building_materials_store,ai_data_completeness_audit_full,3,3,100.0,CORE
retail,building_materials_store,ai_entity_intent_tags_full,3,3,100.0,CORE
retail,building_materials_store,ai_entity_profiles_full,3,3,100.0,CORE
retail,building_materials_store,entity,3,3,100.0,CORE
retail,building_materials_store,entity_attributes,3,3,100.0,CORE
retail,building_materials_store,entity_completeness_v,3,3,100.0,CORE
retail,building_materials_store,entity_google_maps_links,3,3,100.0,CORE
retail,building_materials_store,entity_google_reviews,3,3,100.0,CORE
retail,building_materials_store,entity_hours,3,3,100.0,CORE
retail,building_materials_store,entity_modules,3,3,100.0,CORE
retail,building_materials_store,entity_nearby_landmark_types,3,3,100.0,CORE
retail,building_materials_store,entity_nearby_landmarks,3,3,100.0,CORE
retail,building_materials_store,entity_reviews,3,3,100.0,CORE
retail,building_materials_store,entity_tags,3,3,100.0,CORE
retail,building_materials_store,entity_theme,3,3,100.0,CORE
retail,building_materials_store,industry_retail,3,3,100.0,CORE
retail,building_materials_store,search_index,3,3,100.0,CORE
retail,building_materials_store,v_industry_facts_slugs,3,3,100.0,CORE
retail,building_materials_store,ai_photo_index_full,2,3,66.7,CORE
retail,building_materials_store,entity_address_areas,2,3,66.7,CORE
retail,building_materials_store,entity_photos,2,3,66.7,CORE
retail,building_materials_store,legacy_photo_migration_queue,1,3,33.3,COMMON
civic,educational_institution,ai_data_completeness_audit_full,3,3,100.0,CORE
civic,educational_institution,ai_entity_intent_tags_full,3,3,100.0,CORE
civic,educational_institution,ai_entity_profiles_full,3,3,100.0,CORE
civic,educational_institution,ai_photo_index_full,3,3,100.0,CORE
civic,educational_institution,bookable_resources,3,3,100.0,CORE
civic,educational_institution,bookable_resources_json_backup,3,3,100.0,CORE
civic,educational_institution,entity,3,3,100.0,CORE
civic,educational_institution,entity_address_areas,3,3,100.0,CORE
civic,educational_institution,entity_attributes,3,3,100.0,CORE
civic,educational_institution,entity_completeness_v,3,3,100.0,CORE
civic,educational_institution,entity_google_maps_links,3,3,100.0,CORE
civic,educational_institution,entity_google_reviews,3,3,100.0,CORE
civic,educational_institution,entity_items_norm_v,3,3,100.0,CORE
civic,educational_institution,entity_items_v,3,3,100.0,CORE
civic,educational_institution,entity_modules,3,3,100.0,CORE
civic,educational_institution,entity_nearby_landmark_types,3,3,100.0,CORE
civic,educational_institution,entity_nearby_landmarks,3,3,100.0,CORE
civic,educational_institution,entity_offer,3,3,100.0,CORE
civic,educational_institution,entity_photos,3,3,100.0,CORE
civic,educational_institution,entity_reviews,3,3,100.0,CORE
civic,educational_institution,entity_tags,3,3,100.0,CORE
civic,educational_institution,entity_theme,3,3,100.0,CORE
civic,educational_institution,industry_civic,3,3,100.0,CORE
civic,educational_institution,search_index,3,3,100.0,CORE
civic,educational_institution,v_industry_facts_slugs,3,3,100.0,CORE
civic,educational_institution,legacy_photo_migration_queue,1,3,33.3,COMMON
bar_nightlife,live_music_venue,ai_data_completeness_audit_full,3,3,100.0,CORE
bar_nightlife,live_music_venue,ai_entity_intent_tags_full,3,3,100.0,CORE
bar_nightlife,live_music_venue,ai_entity_profiles_full,3,3,100.0,CORE
bar_nightlife,live_music_venue,entity,3,3,100.0,CORE
bar_nightlife,live_music_venue,entity_attributes,3,3,100.0,CORE
bar_nightlife,live_music_venue,entity_completeness_v,3,3,100.0,CORE
bar_nightlife,live_music_venue,entity_google_maps_links,3,3,100.0,CORE
bar_nightlife,live_music_venue,entity_modules,3,3,100.0,CORE
bar_nightlife,live_music_venue,entity_nearby_landmark_types,3,3,100.0,CORE
bar_nightlife,live_music_venue,entity_nearby_landmarks,3,3,100.0,CORE
bar_nightlife,live_music_venue,entity_tags,3,3,100.0,CORE
bar_nightlife,live_music_venue,entity_theme,3,3,100.0,CORE
bar_nightlife,live_music_venue,industry_bar_nightlife,3,3,100.0,CORE
bar_nightlife,live_music_venue,search_index,3,3,100.0,CORE
bar_nightlife,live_music_venue,v_industry_facts_slugs,3,3,100.0,CORE
bar_nightlife,live_music_venue,ai_photo_index_full,2,3,66.7,CORE
bar_nightlife,live_music_venue,entity_google_reviews,2,3,66.7,CORE
bar_nightlife,live_music_venue,entity_photos,2,3,66.7,CORE
bar_nightlife,live_music_venue,entity_reviews,2,3,66.7,CORE
bar_nightlife,live_music_venue,entity_hours,2,3,66.7,CORE
bar_nightlife,live_music_venue,tourist_seen,1,3,33.3,COMMON
bar_nightlife,live_music_venue,tourist_swipe_events,1,3,33.3,COMMON
bar_nightlife,live_music_venue,entity_address_areas,1,3,33.3,COMMON
bar_nightlife,live_music_venue,industry_food_beverage,1,3,33.3,COMMON
civic,community_center,entity,3,3,100.0,CORE
civic,community_center,entity_completeness_v,3,3,100.0,CORE
civic,community_center,entity_theme,3,3,100.0,CORE
civic,community_center,industry_civic,3,3,100.0,CORE
civic,community_center,search_index,3,3,100.0,CORE
civic,community_center,v_industry_facts_slugs,3,3,100.0,CORE
civic,community_center,ai_data_completeness_audit_full,2,3,66.7,CORE
civic,community_center,ai_entity_intent_tags_full,2,3,66.7,CORE
civic,community_center,ai_entity_profiles_full,2,3,66.7,CORE
civic,community_center,ai_photo_index_full,2,3,66.7,CORE
civic,community_center,bookable_resources,2,3,66.7,CORE
civic,community_center,bookable_resources_json_backup,2,3,66.7,CORE
civic,community_center,entity_address_areas,2,3,66.7,CORE
civic,community_center,entity_attributes,2,3,66.7,CORE
civic,community_center,entity_google_maps_links,2,3,66.7,CORE
civic,community_center,entity_google_reviews,2,3,66.7,CORE
civic,community_center,entity_items_norm_v,2,3,66.7,CORE
civic,community_center,entity_items_v,2,3,66.7,CORE
civic,community_center,entity_modules,2,3,66.7,CORE
civic,community_center,entity_nearby_landmark_types,2,3,66.7,CORE
civic,community_center,entity_nearby_landmarks,2,3,66.7,CORE
civic,community_center,entity_offer,2,3,66.7,CORE
civic,community_center,entity_photos,2,3,66.7,CORE
civic,community_center,entity_reviews,2,3,66.7,CORE
civic,community_center,entity_tags,2,3,66.7,CORE
civic,community_center,legacy_photo_migration_queue,1,3,33.3,COMMON
civic,community_center,recovery_import_log,1,3,33.3,COMMON
retail,thrift_store,ai_data_completeness_audit_full,3,3,100.0,CORE
retail,thrift_store,ai_entity_intent_tags_full,3,3,100.0,CORE
retail,thrift_store,ai_entity_profiles_full,3,3,100.0,CORE
retail,thrift_store,ai_photo_index_full,3,3,100.0,CORE
retail,thrift_store,entity,3,3,100.0,CORE
retail,thrift_store,entity_attributes,3,3,100.0,CORE
retail,thrift_store,entity_completeness_v,3,3,100.0,CORE
retail,thrift_store,entity_google_maps_links,3,3,100.0,CORE
retail,thrift_store,entity_google_reviews,3,3,100.0,CORE
retail,thrift_store,entity_hours,3,3,100.0,CORE
retail,thrift_store,entity_modules,3,3,100.0,CORE
retail,thrift_store,entity_nearby_landmark_types,3,3,100.0,CORE
retail,thrift_store,entity_nearby_landmarks,3,3,100.0,CORE
retail,thrift_store,entity_photos,3,3,100.0,CORE
retail,thrift_store,entity_reviews,3,3,100.0,CORE
retail,thrift_store,entity_tags,3,3,100.0,CORE
retail,thrift_store,entity_theme,3,3,100.0,CORE
retail,thrift_store,industry_retail,3,3,100.0,CORE
retail,thrift_store,search_index,3,3,100.0,CORE
retail,thrift_store,v_industry_facts_slugs,3,3,100.0,CORE
retail,thrift_store,legacy_photo_migration_queue,2,3,66.7,CORE
retail,thrift_store,entity_address_areas,1,3,33.3,COMMON
(none),city,entity,3,3,100.0,CORE
(none),city,entity_completeness_v,3,3,100.0,CORE
(none),city,entity_photos,3,3,100.0,CORE
(none),city,entity_theme,3,3,100.0,CORE
(none),city,search_index,3,3,100.0,CORE
(none),city,ai_data_completeness_audit_full,2,3,66.7,CORE
(none),city,ai_entity_intent_tags_full,2,3,66.7,CORE
(none),city,ai_entity_profiles_full,2,3,66.7,CORE
(none),city,ai_photo_index_full,2,3,66.7,CORE
(none),city,bookable_resources,2,3,66.7,CORE
(none),city,bookable_resources_json_backup,2,3,66.7,CORE
(none),city,entity_google_maps_links,2,3,66.7,CORE
(none),city,entity_items_norm_v,2,3,66.7,CORE
(none),city,entity_items_v,2,3,66.7,CORE
(none),city,entity_offer,2,3,66.7,CORE
(none),city,entity_tags,2,3,66.7,CORE
(none),city,entity_address_areas,1,3,33.3,COMMON
(none),city,entity_attributes,1,3,33.3,COMMON
(none),city,entity_google_reviews,1,3,33.3,COMMON
(none),city,entity_modules,1,3,33.3,COMMON
(none),city,entity_nearby_landmark_types,1,3,33.3,COMMON
(none),city,entity_nearby_landmarks,1,3,33.3,COMMON
(none),city,entity_reviews,1,3,33.3,COMMON
(none),city,industry_hotel,1,3,33.3,COMMON
(none),city,v_industry_facts_slugs,1,3,33.3,COMMON
(none),city,recovery_import_log,1,3,33.3,COMMON
food_beverage,pizza_delivery,entity,3,3,100.0,CORE
food_beverage,pizza_delivery,entity_completeness_v,3,3,100.0,CORE
food_beverage,pizza_delivery,entity_photos,3,3,100.0,CORE
food_beverage,pizza_delivery,industry_food_beverage,3,3,100.0,CORE
food_beverage,pizza_delivery,search_index,3,3,100.0,CORE
food_beverage,pizza_delivery,v_industry_facts_slugs,3,3,100.0,CORE
food_beverage,pizza_delivery,ai_data_completeness_audit_full,2,3,66.7,CORE
food_beverage,pizza_delivery,ai_entity_intent_tags_full,2,3,66.7,CORE
food_beverage,pizza_delivery,ai_entity_profiles_full,2,3,66.7,CORE
food_beverage,pizza_delivery,entity_attributes,2,3,66.7,CORE
food_beverage,pizza_delivery,entity_hours,2,3,66.7,CORE
food_beverage,pizza_delivery,entity_modules,2,3,66.7,CORE
food_beverage,pizza_delivery,entity_tags,2,3,66.7,CORE
food_beverage,pizza_delivery,entity_theme,2,3,66.7,CORE
food_beverage,pizza_delivery,recovery_import_log,2,3,66.7,CORE
food_beverage,pizza_delivery,entity_conflicts,1,3,33.3,COMMON
food_beverage,pizza_delivery,legacy_photo_migration_queue,1,3,33.3,COMMON
food_beverage,pizza_delivery,tourist_seen,1,3,33.3,COMMON
food_beverage,pizza_delivery,tourist_swipe_events,1,3,33.3,COMMON
entertainment_venue,casino,ai_data_completeness_audit_full,3,3,100.0,CORE
entertainment_venue,casino,ai_entity_intent_tags_full,3,3,100.0,CORE
entertainment_venue,casino,ai_entity_profiles_full,3,3,100.0,CORE
entertainment_venue,casino,entity,3,3,100.0,CORE
entertainment_venue,casino,entity_completeness_v,3,3,100.0,CORE
entertainment_venue,casino,entity_tags,3,3,100.0,CORE
entertainment_venue,casino,entity_theme,3,3,100.0,CORE
entertainment_venue,casino,industry_entertainment_venue,3,3,100.0,CORE
entertainment_venue,casino,search_index,3,3,100.0,CORE
entertainment_venue,casino,v_industry_facts_slugs,3,3,100.0,CORE
transportation,taxi_service,ai_data_completeness_audit_full,3,3,100.0,CORE
transportation,taxi_service,ai_entity_intent_tags_full,3,3,100.0,CORE
transportation,taxi_service,ai_entity_profiles_full,3,3,100.0,CORE
transportation,taxi_service,ai_photo_index_full,3,3,100.0,CORE
transportation,taxi_service,bookable_resources,3,3,100.0,CORE
transportation,taxi_service,bookable_resources_json_backup,3,3,100.0,CORE
transportation,taxi_service,entity,3,3,100.0,CORE
transportation,taxi_service,entity_completeness_v,3,3,100.0,CORE
transportation,taxi_service,entity_google_maps_links,3,3,100.0,CORE
transportation,taxi_service,entity_google_reviews,3,3,100.0,CORE
transportation,taxi_service,entity_hours,3,3,100.0,CORE
transportation,taxi_service,entity_items_norm_v,3,3,100.0,CORE
transportation,taxi_service,entity_items_v,3,3,100.0,CORE
transportation,taxi_service,entity_modules,3,3,100.0,CORE
transportation,taxi_service,entity_nearby_landmarks,3,3,100.0,CORE
transportation,taxi_service,entity_offer,3,3,100.0,CORE
transportation,taxi_service,entity_photos,3,3,100.0,CORE
transportation,taxi_service,entity_reviews,3,3,100.0,CORE
transportation,taxi_service,entity_tags,3,3,100.0,CORE
transportation,taxi_service,entity_theme,3,3,100.0,CORE
transportation,taxi_service,industry_transportation,3,3,100.0,CORE
transportation,taxi_service,search_index,3,3,100.0,CORE
transportation,taxi_service,v_industry_facts_slugs,3,3,100.0,CORE
transportation,taxi_service,entity_address_areas,2,3,66.7,CORE
transportation,taxi_service,entity_nearby_landmark_types,1,3,33.3,COMMON
transportation,taxi_service,entity_sources,1,3,33.3,COMMON
retail,mall,entity,3,3,100.0,CORE
retail,mall,entity_theme,3,3,100.0,CORE
retail,mall,industry_retail,3,3,100.0,CORE
retail,mall,search_index,3,3,100.0,CORE
retail,mall,v_industry_facts_slugs,3,3,100.0,CORE
retail,mall,ai_data_completeness_audit_full,2,3,66.7,CORE
retail,mall,ai_entity_intent_tags_full,2,3,66.7,CORE
retail,mall,ai_entity_profiles_full,2,3,66.7,CORE
retail,mall,entity_tags,2,3,66.7,CORE
retail,mall,entity_completeness_v,1,3,33.3,COMMON
retail,mall,recovery_import_log,1,3,33.3,COMMON
retail,grocery_liquor,entity,3,3,100.0,CORE
retail,grocery_liquor,entity_completeness_v,3,3,100.0,CORE
retail,grocery_liquor,entity_modules,3,3,100.0,CORE
retail,grocery_liquor,entity_theme,3,3,100.0,CORE
retail,grocery_liquor,industry_retail,3,3,100.0,CORE
retail,grocery_liquor,search_index,3,3,100.0,CORE
retail,grocery_liquor,v_industry_facts_slugs,3,3,100.0,CORE
retail,grocery_liquor,entity_sources,1,3,33.3,COMMON
retail,grocery_liquor,entity_tags,1,3,33.3,COMMON
health_medical,(none),entity,3,3,100.0,CORE
health_medical,(none),entity_completeness_v,3,3,100.0,CORE
health_medical,(none),entity_tags,3,3,100.0,CORE
health_medical,(none),entity_theme,3,3,100.0,CORE
health_medical,(none),industry_health_medical,3,3,100.0,CORE
health_medical,(none),search_index,3,3,100.0,CORE
health_medical,(none),v_industry_facts_slugs,3,3,100.0,CORE
health_medical,(none),entity_photos,2,3,66.7,CORE
health_medical,(none),entity_sources,1,3,33.3,COMMON
retail,clothing,entity,3,3,100.0,CORE
retail,clothing,entity_completeness_v,3,3,100.0,CORE
retail,clothing,industry_retail,3,3,100.0,CORE
retail,clothing,search_index,3,3,100.0,CORE
retail,clothing,v_industry_facts_slugs,3,3,100.0,CORE
retail,clothing,entity_theme,2,3,66.7,CORE
retail,clothing,recovery_import_log,2,3,66.7,CORE
retail,clothing,entity_conflicts,1,3,33.3,COMMON
personal_care,hair-salon,entity,3,3,100.0,CORE
personal_care,hair-salon,entity_completeness_v,3,3,100.0,CORE
personal_care,hair-salon,entity_theme,3,3,100.0,CORE
personal_care,hair-salon,industry_personal_care,3,3,100.0,CORE
personal_care,hair-salon,recovery_import_log,3,3,100.0,CORE
personal_care,hair-salon,search_index,3,3,100.0,CORE
personal_care,hair-salon,v_industry_facts_slugs,3,3,100.0,CORE
vacation_rental,(none),entity,3,3,100.0,CORE
vacation_rental,(none),entity_completeness_v,3,3,100.0,CORE
vacation_rental,(none),entity_theme,3,3,100.0,CORE
vacation_rental,(none),industry_vacation_rental,3,3,100.0,CORE
vacation_rental,(none),search_index,3,3,100.0,CORE
vacation_rental,(none),v_industry_facts_slugs,3,3,100.0,CORE
other,general,entity,3,3,100.0,CORE
other,general,entity_completeness_v,3,3,100.0,CORE
other,general,entity_theme,3,3,100.0,CORE
other,general,recovery_import_log,3,3,100.0,CORE
other,general,search_index,3,3,100.0,CORE
food_beverage,diner,ai_data_completeness_audit_full,2,2,100.0,CORE
food_beverage,diner,ai_data_quality_audit,2,2,100.0,CORE
food_beverage,diner,ai_data_quality_issues,2,2,100.0,CORE
food_beverage,diner,ai_entity_intent_tags_full,2,2,100.0,CORE
food_beverage,diner,ai_entity_profiles_full,2,2,100.0,CORE
food_beverage,diner,ai_menu_item_tag_values,2,2,100.0,CORE
food_beverage,diner,ai_menu_item_tags,2,2,100.0,CORE
food_beverage,diner,ai_photo_index_full,2,2,100.0,CORE
food_beverage,diner,ai_planner_intent_tags,2,2,100.0,CORE
food_beverage,diner,ai_planner_profile_tags,2,2,100.0,CORE
food_beverage,diner,ai_planner_profiles,2,2,100.0,CORE
food_beverage,diner,ai_voice_snippets,2,2,100.0,CORE
food_beverage,diner,catalog_items,2,2,100.0,CORE
food_beverage,diner,catalog_section_days,2,2,100.0,CORE
food_beverage,diner,catalog_sections,2,2,100.0,CORE
food_beverage,diner,entity,2,2,100.0,CORE
food_beverage,diner,entity_attributes,2,2,100.0,CORE
food_beverage,diner,entity_completeness_v,2,2,100.0,CORE
food_beverage,diner,entity_google_maps_links,2,2,100.0,CORE
food_beverage,diner,entity_google_reviews,2,2,100.0,CORE
food_beverage,diner,entity_hours,2,2,100.0,CORE
food_beverage,diner,entity_items_norm_v,2,2,100.0,CORE
food_beverage,diner,entity_items_v,2,2,100.0,CORE
food_beverage,diner,entity_modules,2,2,100.0,CORE
food_beverage,diner,entity_nearby_landmark_types,2,2,100.0,CORE
food_beverage,diner,entity_nearby_landmarks,2,2,100.0,CORE
food_beverage,diner,entity_offer,2,2,100.0,CORE
food_beverage,diner,entity_offer_section,2,2,100.0,CORE
food_beverage,diner,entity_photos,2,2,100.0,CORE
food_beverage,diner,entity_reviews,2,2,100.0,CORE
food_beverage,diner,entity_tags,2,2,100.0,CORE
food_beverage,diner,entity_theme,2,2,100.0,CORE
food_beverage,diner,industry_food_beverage,2,2,100.0,CORE
food_beverage,diner,legacy_photo_migration_queue,2,2,100.0,CORE
food_beverage,diner,menu_items,2,2,100.0,CORE
food_beverage,diner,menu_section_days,2,2,100.0,CORE
food_beverage,diner,menu_section_details,2,2,100.0,CORE
food_beverage,diner,menu_sections,2,2,100.0,CORE
food_beverage,diner,search_index,2,2,100.0,CORE
food_beverage,diner,v_industry_facts_slugs,2,2,100.0,CORE
food_beverage,diner,ai_drink_item_tag_values,1,2,50.0,COMMON
food_beverage,diner,ai_drink_item_tags,1,2,50.0,COMMON
food_beverage,diner,ai_unified_search_items_full,1,2,50.0,COMMON
food_beverage,diner,drink_items,1,2,50.0,COMMON
food_beverage,diner,drink_sections,1,2,50.0,COMMON
food_beverage,diner,entity_address_areas,1,2,50.0,COMMON
food_beverage,diner,entity_conflicts,1,2,50.0,COMMON
food_beverage,diner,entity_sources,1,2,50.0,COMMON
food_beverage,sushi_restaurant,entity,2,2,100.0,CORE
food_beverage,sushi_restaurant,entity_completeness_v,2,2,100.0,CORE
food_beverage,sushi_restaurant,entity_hours,2,2,100.0,CORE
food_beverage,sushi_restaurant,entity_photos,2,2,100.0,CORE
food_beverage,sushi_restaurant,entity_theme,2,2,100.0,CORE
food_beverage,sushi_restaurant,industry_food_beverage,2,2,100.0,CORE
food_beverage,sushi_restaurant,search_index,2,2,100.0,CORE
food_beverage,sushi_restaurant,v_industry_facts_slugs,2,2,100.0,CORE
food_beverage,sushi_restaurant,ai_data_completeness_audit_full,1,2,50.0,COMMON
food_beverage,sushi_restaurant,ai_entity_intent_tags_full,1,2,50.0,COMMON
food_beverage,sushi_restaurant,ai_entity_profiles_full,1,2,50.0,COMMON
food_beverage,sushi_restaurant,ai_photo_index_full,1,2,50.0,COMMON
food_beverage,sushi_restaurant,entity_attributes,1,2,50.0,COMMON
food_beverage,sushi_restaurant,entity_google_maps_links,1,2,50.0,COMMON
food_beverage,sushi_restaurant,entity_google_reviews,1,2,50.0,COMMON
food_beverage,sushi_restaurant,entity_modules,1,2,50.0,COMMON
food_beverage,sushi_restaurant,entity_nearby_landmark_types,1,2,50.0,COMMON
food_beverage,sushi_restaurant,entity_nearby_landmarks,1,2,50.0,COMMON
food_beverage,sushi_restaurant,entity_reviews,1,2,50.0,COMMON
food_beverage,sushi_restaurant,entity_secondary_hours,1,2,50.0,COMMON
food_beverage,sushi_restaurant,entity_tags,1,2,50.0,COMMON
food_beverage,sushi_restaurant,recovery_import_log,1,2,50.0,COMMON
entertainment_venue,go_kart,ai_data_completeness_audit_full,2,2,100.0,CORE
entertainment_venue,go_kart,ai_entity_intent_tags_full,2,2,100.0,CORE
entertainment_venue,go_kart,ai_entity_profiles_full,2,2,100.0,CORE
entertainment_venue,go_kart,ai_photo_index_full,2,2,100.0,CORE
entertainment_venue,go_kart,bookable_resources,2,2,100.0,CORE
entertainment_venue,go_kart,bookable_resources_json_backup,2,2,100.0,CORE
entertainment_venue,go_kart,entity,2,2,100.0,CORE
entertainment_venue,go_kart,entity_completeness_v,2,2,100.0,CORE
entertainment_venue,go_kart,entity_hours,2,2,100.0,CORE
entertainment_venue,go_kart,entity_items_norm_v,2,2,100.0,CORE
entertainment_venue,go_kart,entity_items_v,2,2,100.0,CORE
entertainment_venue,go_kart,entity_modules,2,2,100.0,CORE
entertainment_venue,go_kart,entity_offer,2,2,100.0,CORE
entertainment_venue,go_kart,entity_photos,2,2,100.0,CORE
entertainment_venue,go_kart,entity_tags,2,2,100.0,CORE
entertainment_venue,go_kart,entity_theme,2,2,100.0,CORE
entertainment_venue,go_kart,industry_entertainment_venue,2,2,100.0,CORE
entertainment_venue,go_kart,search_index,2,2,100.0,CORE
entertainment_venue,go_kart,v_industry_facts_slugs,2,2,100.0,CORE
entertainment_venue,go_kart,entity_attributes,1,2,50.0,COMMON
entertainment_venue,go_kart,entity_google_maps_links,1,2,50.0,COMMON
entertainment_venue,go_kart,entity_google_reviews,1,2,50.0,COMMON
entertainment_venue,go_kart,entity_nearby_landmark_types,1,2,50.0,COMMON
entertainment_venue,go_kart,entity_nearby_landmarks,1,2,50.0,COMMON
entertainment_venue,go_kart,entity_reviews,1,2,50.0,COMMON
entertainment_venue,go_kart,entity_section_items,1,2,50.0,COMMON
entertainment_venue,go_kart,entity_sections,1,2,50.0,COMMON
entertainment_venue,go_kart,entity_seo_keywords,1,2,50.0,COMMON
bar_nightlife,pub,ai_data_completeness_audit_full,2,2,100.0,CORE
bar_nightlife,pub,ai_entity_intent_tags_full,2,2,100.0,CORE
bar_nightlife,pub,ai_entity_profiles_full,2,2,100.0,CORE
bar_nightlife,pub,ai_photo_index_full,2,2,100.0,CORE
bar_nightlife,pub,entity,2,2,100.0,CORE
bar_nightlife,pub,entity_address_areas,2,2,100.0,CORE
bar_nightlife,pub,entity_attributes,2,2,100.0,CORE
bar_nightlife,pub,entity_completeness_v,2,2,100.0,CORE
bar_nightlife,pub,entity_google_maps_links,2,2,100.0,CORE
bar_nightlife,pub,entity_google_reviews,2,2,100.0,CORE
bar_nightlife,pub,entity_hours,2,2,100.0,CORE
bar_nightlife,pub,entity_modules,2,2,100.0,CORE
bar_nightlife,pub,entity_nearby_landmark_types,2,2,100.0,CORE
bar_nightlife,pub,entity_nearby_landmarks,2,2,100.0,CORE
bar_nightlife,pub,entity_photos,2,2,100.0,CORE
bar_nightlife,pub,entity_reviews,2,2,100.0,CORE
bar_nightlife,pub,entity_tags,2,2,100.0,CORE
bar_nightlife,pub,entity_theme,2,2,100.0,CORE
bar_nightlife,pub,industry_bar_nightlife,2,2,100.0,CORE
bar_nightlife,pub,search_index,2,2,100.0,CORE
bar_nightlife,pub,v_industry_facts_slugs,2,2,100.0,CORE
bar_nightlife,pub,ai_event_planner_index_full,1,2,50.0,COMMON
bar_nightlife,pub,ai_unified_search_items_full,1,2,50.0,COMMON
bar_nightlife,pub,catalog_section_days,1,2,50.0,COMMON
bar_nightlife,pub,catalog_sections,1,2,50.0,COMMON
bar_nightlife,pub,entity_events,1,2,50.0,COMMON
bar_nightlife,pub,entity_secondary_hours,1,2,50.0,COMMON
bar_nightlife,pub,happy_hour_sections,1,2,50.0,COMMON
bar_nightlife,pub,industry_food_beverage,1,2,50.0,COMMON
bar_nightlife,pub,legacy_photo_migration_queue,1,2,50.0,COMMON
bar_nightlife,pub,tourist_seen,1,2,50.0,COMMON
bar_nightlife,pub,tourist_swipe_events,1,2,50.0,COMMON
food_beverage,hot_dog_restaurant,entity,2,2,100.0,CORE
food_beverage,hot_dog_restaurant,entity_completeness_v,2,2,100.0,CORE
food_beverage,hot_dog_restaurant,entity_items_norm_v,2,2,100.0,CORE
food_beverage,hot_dog_restaurant,entity_items_v,2,2,100.0,CORE
food_beverage,hot_dog_restaurant,entity_offer,2,2,100.0,CORE
food_beverage,hot_dog_restaurant,entity_photos,2,2,100.0,CORE
food_beverage,hot_dog_restaurant,entity_theme,2,2,100.0,CORE
food_beverage,hot_dog_restaurant,industry_food_beverage,2,2,100.0,CORE
food_beverage,hot_dog_restaurant,search_index,2,2,100.0,CORE
food_beverage,hot_dog_restaurant,v_industry_facts_slugs,2,2,100.0,CORE
food_beverage,hot_dog_restaurant,catalog_items,1,2,50.0,COMMON
food_beverage,hot_dog_restaurant,catalog_section_days,1,2,50.0,COMMON
food_beverage,hot_dog_restaurant,catalog_sections,1,2,50.0,COMMON
food_beverage,hot_dog_restaurant,entity_conflicts,1,2,50.0,COMMON
food_beverage,hot_dog_restaurant,entity_offer_section,1,2,50.0,COMMON
food_beverage,hot_dog_restaurant,menu_item_details,1,2,50.0,COMMON
food_beverage,hot_dog_restaurant,menu_items,1,2,50.0,COMMON
food_beverage,hot_dog_restaurant,menu_section_days,1,2,50.0,COMMON
food_beverage,hot_dog_restaurant,menu_section_details,1,2,50.0,COMMON
food_beverage,hot_dog_restaurant,menu_sections,1,2,50.0,COMMON
food_beverage,hot_dog_restaurant,recovery_import_log,1,2,50.0,COMMON
food_beverage,hot_dog_restaurant,ai_data_completeness_audit_full,1,2,50.0,COMMON
food_beverage,hot_dog_restaurant,ai_entity_intent_tags_full,1,2,50.0,COMMON
food_beverage,hot_dog_restaurant,ai_entity_profiles_full,1,2,50.0,COMMON
food_beverage,hot_dog_restaurant,ai_photo_index_full,1,2,50.0,COMMON
food_beverage,hot_dog_restaurant,bookable_resources,1,2,50.0,COMMON
food_beverage,hot_dog_restaurant,bookable_resources_json_backup,1,2,50.0,COMMON
food_beverage,hot_dog_restaurant,entity_attributes,1,2,50.0,COMMON
food_beverage,hot_dog_restaurant,entity_google_maps_links,1,2,50.0,COMMON
food_beverage,hot_dog_restaurant,entity_google_reviews,1,2,50.0,COMMON
food_beverage,hot_dog_restaurant,entity_hours,1,2,50.0,COMMON
food_beverage,hot_dog_restaurant,entity_modules,1,2,50.0,COMMON
food_beverage,hot_dog_restaurant,entity_nearby_landmark_types,1,2,50.0,COMMON
food_beverage,hot_dog_restaurant,entity_nearby_landmarks,1,2,50.0,COMMON
food_beverage,hot_dog_restaurant,entity_reviews,1,2,50.0,COMMON
food_beverage,hot_dog_restaurant,entity_tags,1,2,50.0,COMMON
food_beverage,hot_dog_restaurant,legacy_photo_migration_queue,1,2,50.0,COMMON
bar_nightlife,lounge_bar,ai_data_completeness_audit_full,2,2,100.0,CORE
bar_nightlife,lounge_bar,ai_entity_intent_tags_full,2,2,100.0,CORE
bar_nightlife,lounge_bar,ai_entity_profiles_full,2,2,100.0,CORE
bar_nightlife,lounge_bar,ai_event_planner_index_full,2,2,100.0,CORE
bar_nightlife,lounge_bar,ai_photo_index_full,2,2,100.0,CORE
bar_nightlife,lounge_bar,ai_unified_search_items_full,2,2,100.0,CORE
bar_nightlife,lounge_bar,entity,2,2,100.0,CORE
bar_nightlife,lounge_bar,entity_attributes,2,2,100.0,CORE
bar_nightlife,lounge_bar,entity_completeness_v,2,2,100.0,CORE
bar_nightlife,lounge_bar,entity_events,2,2,100.0,CORE
bar_nightlife,lounge_bar,entity_google_maps_links,2,2,100.0,CORE
bar_nightlife,lounge_bar,entity_google_reviews,2,2,100.0,CORE
bar_nightlife,lounge_bar,entity_hours,2,2,100.0,CORE
bar_nightlife,lounge_bar,entity_modules,2,2,100.0,CORE
bar_nightlife,lounge_bar,entity_nearby_landmark_types,2,2,100.0,CORE
bar_nightlife,lounge_bar,entity_nearby_landmarks,2,2,100.0,CORE
bar_nightlife,lounge_bar,entity_photos,2,2,100.0,CORE
bar_nightlife,lounge_bar,entity_reviews,2,2,100.0,CORE
bar_nightlife,lounge_bar,entity_tags,2,2,100.0,CORE
bar_nightlife,lounge_bar,entity_theme,2,2,100.0,CORE
bar_nightlife,lounge_bar,industry_bar_nightlife,2,2,100.0,CORE
bar_nightlife,lounge_bar,search_index,2,2,100.0,CORE
bar_nightlife,lounge_bar,v_industry_facts_slugs,2,2,100.0,CORE
bar_nightlife,lounge_bar,entity_address_areas,1,2,50.0,COMMON
bar_nightlife,lounge_bar,industry_food_beverage,1,2,50.0,COMMON
personal_care,tanning_studio,ai_data_completeness_audit_full,2,2,100.0,CORE
personal_care,tanning_studio,ai_entity_intent_tags_full,2,2,100.0,CORE
personal_care,tanning_studio,ai_entity_profiles_full,2,2,100.0,CORE
personal_care,tanning_studio,ai_photo_index_full,2,2,100.0,CORE
personal_care,tanning_studio,bookable_resources,2,2,100.0,CORE
personal_care,tanning_studio,bookable_resources_json_backup,2,2,100.0,CORE
personal_care,tanning_studio,entity,2,2,100.0,CORE
personal_care,tanning_studio,entity_attributes,2,2,100.0,CORE
personal_care,tanning_studio,entity_completeness_v,2,2,100.0,CORE
personal_care,tanning_studio,entity_google_maps_links,2,2,100.0,CORE
personal_care,tanning_studio,entity_google_reviews,2,2,100.0,CORE
personal_care,tanning_studio,entity_hours,2,2,100.0,CORE
personal_care,tanning_studio,entity_items_norm_v,2,2,100.0,CORE
personal_care,tanning_studio,entity_items_v,2,2,100.0,CORE
personal_care,tanning_studio,entity_modules,2,2,100.0,CORE
personal_care,tanning_studio,entity_nearby_landmark_types,2,2,100.0,CORE
personal_care,tanning_studio,entity_nearby_landmarks,2,2,100.0,CORE
personal_care,tanning_studio,entity_offer,2,2,100.0,CORE
personal_care,tanning_studio,entity_photos,2,2,100.0,CORE
personal_care,tanning_studio,entity_reviews,2,2,100.0,CORE
personal_care,tanning_studio,entity_tags,2,2,100.0,CORE
personal_care,tanning_studio,entity_theme,2,2,100.0,CORE
personal_care,tanning_studio,industry_personal_care,2,2,100.0,CORE
personal_care,tanning_studio,search_index,2,2,100.0,CORE
personal_care,tanning_studio,v_industry_facts_slugs,2,2,100.0,CORE
personal_care,tanning_studio,entity_address_areas,1,2,50.0,COMMON
personal_care,tanning_studio,personal_care_services,1,2,50.0,COMMON
personal_care,tanning_studio,service_menu,1,2,50.0,COMMON
bar_nightlife,oyster_bar_restaurant,ai_data_completeness_audit_full,2,2,100.0,CORE
bar_nightlife,oyster_bar_restaurant,ai_entity_intent_tags_full,2,2,100.0,CORE
bar_nightlife,oyster_bar_restaurant,ai_entity_profiles_full,2,2,100.0,CORE
bar_nightlife,oyster_bar_restaurant,ai_event_planner_index_full,2,2,100.0,CORE
bar_nightlife,oyster_bar_restaurant,ai_photo_index_full,2,2,100.0,CORE
bar_nightlife,oyster_bar_restaurant,ai_unified_search_items_full,2,2,100.0,CORE
bar_nightlife,oyster_bar_restaurant,entity,2,2,100.0,CORE
bar_nightlife,oyster_bar_restaurant,entity_attributes,2,2,100.0,CORE
bar_nightlife,oyster_bar_restaurant,entity_completeness_v,2,2,100.0,CORE
bar_nightlife,oyster_bar_restaurant,entity_events,2,2,100.0,CORE
bar_nightlife,oyster_bar_restaurant,entity_hours,2,2,100.0,CORE
bar_nightlife,oyster_bar_restaurant,entity_modules,2,2,100.0,CORE
bar_nightlife,oyster_bar_restaurant,entity_photos,2,2,100.0,CORE
bar_nightlife,oyster_bar_restaurant,entity_tags,2,2,100.0,CORE
bar_nightlife,oyster_bar_restaurant,entity_theme,2,2,100.0,CORE
bar_nightlife,oyster_bar_restaurant,industry_bar_nightlife,2,2,100.0,CORE
bar_nightlife,oyster_bar_restaurant,industry_food_beverage,2,2,100.0,CORE
bar_nightlife,oyster_bar_restaurant,search_index,2,2,100.0,CORE
bar_nightlife,oyster_bar_restaurant,v_industry_facts_slugs,2,2,100.0,CORE
bar_nightlife,oyster_bar_restaurant,bookable_resources,1,2,50.0,COMMON
bar_nightlife,oyster_bar_restaurant,bookable_resources_json_backup,1,2,50.0,COMMON
bar_nightlife,oyster_bar_restaurant,entity_address_areas,1,2,50.0,COMMON
bar_nightlife,oyster_bar_restaurant,entity_conflicts,1,2,50.0,COMMON
bar_nightlife,oyster_bar_restaurant,entity_google_maps_links,1,2,50.0,COMMON
bar_nightlife,oyster_bar_restaurant,entity_google_reviews,1,2,50.0,COMMON
bar_nightlife,oyster_bar_restaurant,entity_items_norm_v,1,2,50.0,COMMON
bar_nightlife,oyster_bar_restaurant,entity_items_v,1,2,50.0,COMMON
bar_nightlife,oyster_bar_restaurant,entity_nearby_landmark_types,1,2,50.0,COMMON
bar_nightlife,oyster_bar_restaurant,entity_nearby_landmarks,1,2,50.0,COMMON
bar_nightlife,oyster_bar_restaurant,entity_offer,1,2,50.0,COMMON
bar_nightlife,oyster_bar_restaurant,entity_reviews,1,2,50.0,COMMON
bar_nightlife,oyster_bar_restaurant,recovery_import_log,1,2,50.0,COMMON
food_beverage,takeout,ai_data_completeness_audit_full,2,2,100.0,CORE
food_beverage,takeout,ai_entity_intent_tags_full,2,2,100.0,CORE
food_beverage,takeout,ai_entity_profiles_full,2,2,100.0,CORE
food_beverage,takeout,entity,2,2,100.0,CORE
food_beverage,takeout,entity_tags,2,2,100.0,CORE
food_beverage,takeout,entity_theme,2,2,100.0,CORE
food_beverage,takeout,industry_food_beverage,2,2,100.0,CORE
food_beverage,takeout,search_index,2,2,100.0,CORE
food_beverage,takeout,v_industry_facts_slugs,2,2,100.0,CORE
food_beverage,takeout,entity_completeness_v,1,2,50.0,COMMON
performing_arts,amphitheatre,ai_data_completeness_audit_full,2,2,100.0,CORE
performing_arts,amphitheatre,ai_entity_intent_tags_full,2,2,100.0,CORE
performing_arts,amphitheatre,ai_entity_profiles_full,2,2,100.0,CORE
performing_arts,amphitheatre,ai_photo_index_full,2,2,100.0,CORE
performing_arts,amphitheatre,entity,2,2,100.0,CORE
performing_arts,amphitheatre,entity_attributes,2,2,100.0,CORE
performing_arts,amphitheatre,entity_completeness_v,2,2,100.0,CORE
performing_arts,amphitheatre,entity_google_maps_links,2,2,100.0,CORE
performing_arts,amphitheatre,entity_google_reviews,2,2,100.0,CORE
performing_arts,amphitheatre,entity_modules,2,2,100.0,CORE
performing_arts,amphitheatre,entity_nearby_landmark_types,2,2,100.0,CORE
performing_arts,amphitheatre,entity_nearby_landmarks,2,2,100.0,CORE
performing_arts,amphitheatre,entity_photos,2,2,100.0,CORE
performing_arts,amphitheatre,entity_reviews,2,2,100.0,CORE
performing_arts,amphitheatre,entity_tags,2,2,100.0,CORE
performing_arts,amphitheatre,entity_theme,2,2,100.0,CORE
performing_arts,amphitheatre,industry_performing_arts,2,2,100.0,CORE
performing_arts,amphitheatre,search_index,2,2,100.0,CORE
performing_arts,amphitheatre,v_industry_facts_slugs,2,2,100.0,CORE
performing_arts,amphitheatre,entity_events,1,2,50.0,COMMON
performing_arts,amphitheatre,entity_good_for,1,2,50.0,COMMON
performing_arts,amphitheatre,entity_highlights,1,2,50.0,COMMON
performing_arts,amphitheatre,entity_hours,1,2,50.0,COMMON
performing_arts,amphitheatre,entity_sections,1,2,50.0,COMMON
performing_arts,amphitheatre,entity_seo_keywords,1,2,50.0,COMMON
performing_arts,amphitheatre,entity_sources,1,2,50.0,COMMON
performing_arts,amphitheatre,legacy_photo_migration_queue,1,2,50.0,COMMON
performing_arts,amphitheatre,entity_address_areas,1,2,50.0,COMMON
other,toy_store,ai_data_completeness_audit_full,2,2,100.0,CORE
other,toy_store,ai_entity_intent_tags_full,2,2,100.0,CORE
other,toy_store,ai_entity_profiles_full,2,2,100.0,CORE
other,toy_store,ai_photo_index_full,2,2,100.0,CORE
other,toy_store,bookable_resources,2,2,100.0,CORE
other,toy_store,bookable_resources_json_backup,2,2,100.0,CORE
other,toy_store,entity,2,2,100.0,CORE
other,toy_store,entity_address_areas,2,2,100.0,CORE
other,toy_store,entity_attributes,2,2,100.0,CORE
other,toy_store,entity_completeness_v,2,2,100.0,CORE
other,toy_store,entity_google_maps_links,2,2,100.0,CORE
other,toy_store,entity_google_reviews,2,2,100.0,CORE
other,toy_store,entity_hours,2,2,100.0,CORE
other,toy_store,entity_items_norm_v,2,2,100.0,CORE
other,toy_store,entity_items_v,2,2,100.0,CORE
other,toy_store,entity_modules,2,2,100.0,CORE
other,toy_store,entity_nearby_landmark_types,2,2,100.0,CORE
other,toy_store,entity_nearby_landmarks,2,2,100.0,CORE
other,toy_store,entity_offer,2,2,100.0,CORE
other,toy_store,entity_photos,2,2,100.0,CORE
other,toy_store,entity_reviews,2,2,100.0,CORE
other,toy_store,entity_tags,2,2,100.0,CORE
other,toy_store,entity_theme,2,2,100.0,CORE
other,toy_store,search_index,2,2,100.0,CORE
hotel,cottage,ai_data_completeness_audit_full,2,2,100.0,CORE
hotel,cottage,ai_entity_intent_tags_full,2,2,100.0,CORE
hotel,cottage,ai_entity_profiles_full,2,2,100.0,CORE
hotel,cottage,ai_photo_index_full,2,2,100.0,CORE
hotel,cottage,entity,2,2,100.0,CORE
hotel,cottage,entity_attributes,2,2,100.0,CORE
hotel,cottage,entity_completeness_v,2,2,100.0,CORE
hotel,cottage,entity_google_maps_links,2,2,100.0,CORE
hotel,cottage,entity_google_reviews,2,2,100.0,CORE
hotel,cottage,entity_modules,2,2,100.0,CORE
hotel,cottage,entity_photos,2,2,100.0,CORE
hotel,cottage,entity_reviews,2,2,100.0,CORE
hotel,cottage,entity_tags,2,2,100.0,CORE
hotel,cottage,entity_theme,2,2,100.0,CORE
hotel,cottage,industry_hotel,2,2,100.0,CORE
hotel,cottage,search_index,2,2,100.0,CORE
hotel,cottage,v_industry_facts_slugs,2,2,100.0,CORE
hotel,cottage,entity_address_areas,1,2,50.0,COMMON
hotel,cottage,entity_nearby_landmark_types,1,2,50.0,COMMON
hotel,cottage,entity_nearby_landmarks,1,2,50.0,COMMON
food_beverage,chicken_restaurant,ai_data_completeness_audit_full,2,2,100.0,CORE
food_beverage,chicken_restaurant,ai_entity_intent_tags_full,2,2,100.0,CORE
food_beverage,chicken_restaurant,ai_entity_profiles_full,2,2,100.0,CORE
food_beverage,chicken_restaurant,ai_photo_index_full,2,2,100.0,CORE
food_beverage,chicken_restaurant,entity,2,2,100.0,CORE
food_beverage,chicken_restaurant,entity_attributes,2,2,100.0,CORE
food_beverage,chicken_restaurant,entity_completeness_v,2,2,100.0,CORE
food_beverage,chicken_restaurant,entity_google_maps_links,2,2,100.0,CORE
food_beverage,chicken_restaurant,entity_hours,2,2,100.0,CORE
food_beverage,chicken_restaurant,entity_modules,2,2,100.0,CORE
food_beverage,chicken_restaurant,entity_nearby_landmark_types,2,2,100.0,CORE
food_beverage,chicken_restaurant,entity_nearby_landmarks,2,2,100.0,CORE
food_beverage,chicken_restaurant,entity_photos,2,2,100.0,CORE
food_beverage,chicken_restaurant,entity_tags,2,2,100.0,CORE
food_beverage,chicken_restaurant,entity_theme,2,2,100.0,CORE
food_beverage,chicken_restaurant,industry_food_beverage,2,2,100.0,CORE
food_beverage,chicken_restaurant,legacy_photo_migration_queue,2,2,100.0,CORE
food_beverage,chicken_restaurant,search_index,2,2,100.0,CORE
food_beverage,chicken_restaurant,v_industry_facts_slugs,2,2,100.0,CORE
food_beverage,chicken_restaurant,entity_google_reviews,1,2,50.0,COMMON
food_beverage,chicken_restaurant,entity_reviews,1,2,50.0,COMMON
food_beverage,chicken_restaurant,entity_secondary_hours,1,2,50.0,COMMON
food_beverage,chicken_restaurant,recovery_import_log,1,2,50.0,COMMON
food_beverage,chicken_restaurant,entity_address_areas,1,2,50.0,COMMON
transportation,chauffeur_service,ai_data_completeness_audit_full,2,2,100.0,CORE
transportation,chauffeur_service,ai_entity_intent_tags_full,2,2,100.0,CORE
transportation,chauffeur_service,ai_entity_profiles_full,2,2,100.0,CORE
transportation,chauffeur_service,ai_photo_index_full,2,2,100.0,CORE
transportation,chauffeur_service,bookable_resources,2,2,100.0,CORE
transportation,chauffeur_service,bookable_resources_json_backup,2,2,100.0,CORE
transportation,chauffeur_service,entity,2,2,100.0,CORE
transportation,chauffeur_service,entity_attributes,2,2,100.0,CORE
transportation,chauffeur_service,entity_completeness_v,2,2,100.0,CORE
transportation,chauffeur_service,entity_google_maps_links,2,2,100.0,CORE
transportation,chauffeur_service,entity_google_reviews,2,2,100.0,CORE
transportation,chauffeur_service,entity_items_norm_v,2,2,100.0,CORE
transportation,chauffeur_service,entity_items_v,2,2,100.0,CORE
transportation,chauffeur_service,entity_modules,2,2,100.0,CORE
transportation,chauffeur_service,entity_nearby_landmark_types,2,2,100.0,CORE
transportation,chauffeur_service,entity_nearby_landmarks,2,2,100.0,CORE
transportation,chauffeur_service,entity_offer,2,2,100.0,CORE
transportation,chauffeur_service,entity_photos,2,2,100.0,CORE
transportation,chauffeur_service,entity_reviews,2,2,100.0,CORE
transportation,chauffeur_service,entity_tags,2,2,100.0,CORE
transportation,chauffeur_service,entity_theme,2,2,100.0,CORE
transportation,chauffeur_service,industry_transportation,2,2,100.0,CORE
transportation,chauffeur_service,search_index,2,2,100.0,CORE
transportation,chauffeur_service,v_industry_facts_slugs,2,2,100.0,CORE
transportation,chauffeur_service,entity_address_areas,1,2,50.0,COMMON
transportation,chauffeur_service,entity_hours,1,2,50.0,COMMON
retail,cell_phone_store,ai_data_completeness_audit_full,2,2,100.0,CORE
retail,cell_phone_store,ai_entity_intent_tags_full,2,2,100.0,CORE
retail,cell_phone_store,ai_entity_profiles_full,2,2,100.0,CORE
retail,cell_phone_store,ai_photo_index_full,2,2,100.0,CORE
retail,cell_phone_store,entity,2,2,100.0,CORE
retail,cell_phone_store,entity_attributes,2,2,100.0,CORE
retail,cell_phone_store,entity_completeness_v,2,2,100.0,CORE
retail,cell_phone_store,entity_google_maps_links,2,2,100.0,CORE
retail,cell_phone_store,entity_google_reviews,2,2,100.0,CORE
retail,cell_phone_store,entity_hours,2,2,100.0,CORE
retail,cell_phone_store,entity_modules,2,2,100.0,CORE
retail,cell_phone_store,entity_nearby_landmark_types,2,2,100.0,CORE
retail,cell_phone_store,entity_nearby_landmarks,2,2,100.0,CORE
retail,cell_phone_store,entity_photos,2,2,100.0,CORE
retail,cell_phone_store,entity_reviews,2,2,100.0,CORE
retail,cell_phone_store,entity_tags,2,2,100.0,CORE
retail,cell_phone_store,entity_theme,2,2,100.0,CORE
retail,cell_phone_store,industry_retail,2,2,100.0,CORE
retail,cell_phone_store,search_index,2,2,100.0,CORE
retail,cell_phone_store,v_industry_facts_slugs,2,2,100.0,CORE
retail,cell_phone_store,entity_address_areas,1,2,50.0,COMMON
civic,non_profit_organization,ai_data_completeness_audit_full,2,2,100.0,CORE
civic,non_profit_organization,ai_entity_intent_tags_full,2,2,100.0,CORE
civic,non_profit_organization,ai_entity_profiles_full,2,2,100.0,CORE
civic,non_profit_organization,ai_photo_index_full,2,2,100.0,CORE
civic,non_profit_organization,bookable_resources,2,2,100.0,CORE
civic,non_profit_organization,bookable_resources_json_backup,2,2,100.0,CORE
civic,non_profit_organization,entity,2,2,100.0,CORE
civic,non_profit_organization,entity_address_areas,2,2,100.0,CORE
civic,non_profit_organization,entity_attributes,2,2,100.0,CORE
civic,non_profit_organization,entity_completeness_v,2,2,100.0,CORE
civic,non_profit_organization,entity_google_maps_links,2,2,100.0,CORE
civic,non_profit_organization,entity_google_reviews,2,2,100.0,CORE
civic,non_profit_organization,entity_items_norm_v,2,2,100.0,CORE
civic,non_profit_organization,entity_items_v,2,2,100.0,CORE
civic,non_profit_organization,entity_modules,2,2,100.0,CORE
civic,non_profit_organization,entity_nearby_landmark_types,2,2,100.0,CORE
civic,non_profit_organization,entity_nearby_landmarks,2,2,100.0,CORE
civic,non_profit_organization,entity_offer,2,2,100.0,CORE
civic,non_profit_organization,entity_photos,2,2,100.0,CORE
civic,non_profit_organization,entity_reviews,2,2,100.0,CORE
civic,non_profit_organization,entity_tags,2,2,100.0,CORE
civic,non_profit_organization,entity_theme,2,2,100.0,CORE
civic,non_profit_organization,industry_civic,2,2,100.0,CORE
civic,non_profit_organization,search_index,2,2,100.0,CORE
civic,non_profit_organization,v_industry_facts_slugs,2,2,100.0,CORE
civic,non_profit_organization,entity_hours,1,2,50.0,COMMON
civic,post_office,ai_data_completeness_audit_full,2,2,100.0,CORE
civic,post_office,ai_entity_intent_tags_full,2,2,100.0,CORE
civic,post_office,ai_entity_profiles_full,2,2,100.0,CORE
civic,post_office,ai_photo_index_full,2,2,100.0,CORE
civic,post_office,entity,2,2,100.0,CORE
civic,post_office,entity_hours,2,2,100.0,CORE
civic,post_office,entity_photos,2,2,100.0,CORE
civic,post_office,entity_tags,2,2,100.0,CORE
civic,post_office,entity_theme,2,2,100.0,CORE
civic,post_office,industry_civic,2,2,100.0,CORE
civic,post_office,search_index,2,2,100.0,CORE
civic,post_office,v_industry_facts_slugs,2,2,100.0,CORE
civic,post_office,bookable_resources,1,2,50.0,COMMON
civic,post_office,bookable_resources_json_backup,1,2,50.0,COMMON
civic,post_office,entity_attributes,1,2,50.0,COMMON
civic,post_office,entity_completeness_v,1,2,50.0,COMMON
civic,post_office,entity_google_maps_links,1,2,50.0,COMMON
civic,post_office,entity_google_reviews,1,2,50.0,COMMON
civic,post_office,entity_items_norm_v,1,2,50.0,COMMON
civic,post_office,entity_items_v,1,2,50.0,COMMON
civic,post_office,entity_nearby_landmark_types,1,2,50.0,COMMON
civic,post_office,entity_nearby_landmarks,1,2,50.0,COMMON
civic,post_office,entity_offer,1,2,50.0,COMMON
civic,post_office,entity_reviews,1,2,50.0,COMMON
retail,flea_market,ai_data_completeness_audit_full,2,2,100.0,CORE
retail,flea_market,ai_entity_intent_tags_full,2,2,100.0,CORE
retail,flea_market,ai_entity_profiles_full,2,2,100.0,CORE
retail,flea_market,ai_photo_index_full,2,2,100.0,CORE
retail,flea_market,entity,2,2,100.0,CORE
retail,flea_market,entity_attributes,2,2,100.0,CORE
retail,flea_market,entity_completeness_v,2,2,100.0,CORE
retail,flea_market,entity_google_maps_links,2,2,100.0,CORE
retail,flea_market,entity_google_reviews,2,2,100.0,CORE
retail,flea_market,entity_hours,2,2,100.0,CORE
retail,flea_market,entity_modules,2,2,100.0,CORE
retail,flea_market,entity_nearby_landmark_types,2,2,100.0,CORE
retail,flea_market,entity_nearby_landmarks,2,2,100.0,CORE
retail,flea_market,entity_photos,2,2,100.0,CORE
retail,flea_market,entity_reviews,2,2,100.0,CORE
retail,flea_market,entity_tags,2,2,100.0,CORE
retail,flea_market,entity_theme,2,2,100.0,CORE
retail,flea_market,industry_retail,2,2,100.0,CORE
retail,flea_market,search_index,2,2,100.0,CORE
retail,flea_market,v_industry_facts_slugs,2,2,100.0,CORE
retail,flea_market,legacy_photo_migration_queue,1,2,50.0,COMMON
tour_operator,helicopter_tour,activity_options,2,2,100.0,CORE
tour_operator,helicopter_tour,ai_data_completeness_audit_full,2,2,100.0,CORE
tour_operator,helicopter_tour,ai_entity_intent_tags_full,2,2,100.0,CORE
tour_operator,helicopter_tour,ai_entity_profiles_full,2,2,100.0,CORE
tour_operator,helicopter_tour,ai_photo_index_full,2,2,100.0,CORE
tour_operator,helicopter_tour,entity,2,2,100.0,CORE
tour_operator,helicopter_tour,entity_completeness_v,2,2,100.0,CORE
tour_operator,helicopter_tour,entity_highlights,2,2,100.0,CORE
tour_operator,helicopter_tour,entity_items_norm_v,2,2,100.0,CORE
tour_operator,helicopter_tour,entity_items_v,2,2,100.0,CORE
tour_operator,helicopter_tour,entity_modules,2,2,100.0,CORE
tour_operator,helicopter_tour,entity_offer,2,2,100.0,CORE
tour_operator,helicopter_tour,entity_offer_section,2,2,100.0,CORE
tour_operator,helicopter_tour,entity_photos,2,2,100.0,CORE
tour_operator,helicopter_tour,entity_sources,2,2,100.0,CORE
tour_operator,helicopter_tour,entity_tags,2,2,100.0,CORE
tour_operator,helicopter_tour,entity_theme,2,2,100.0,CORE
tour_operator,helicopter_tour,industry_tour_operator,2,2,100.0,CORE
tour_operator,helicopter_tour,meeting_points,2,2,100.0,CORE
tour_operator,helicopter_tour,offering_prices,2,2,100.0,CORE
tour_operator,helicopter_tour,offerings,2,2,100.0,CORE
tour_operator,helicopter_tour,pricing_items,2,2,100.0,CORE
tour_operator,helicopter_tour,requirements,2,2,100.0,CORE
tour_operator,helicopter_tour,search_index,2,2,100.0,CORE
tour_operator,helicopter_tour,v_industry_facts_slugs,2,2,100.0,CORE
tour_operator,helicopter_tour,faqs,1,2,50.0,COMMON
event_venue,wedding_venue,ai_data_completeness_audit_full,2,2,100.0,CORE
event_venue,wedding_venue,ai_entity_intent_tags_full,2,2,100.0,CORE
event_venue,wedding_venue,ai_entity_profiles_full,2,2,100.0,CORE
event_venue,wedding_venue,ai_photo_index_full,2,2,100.0,CORE
event_venue,wedding_venue,bookable_resources,2,2,100.0,CORE
event_venue,wedding_venue,bookable_resources_json_backup,2,2,100.0,CORE
event_venue,wedding_venue,entity,2,2,100.0,CORE
event_venue,wedding_venue,entity_attributes,2,2,100.0,CORE
event_venue,wedding_venue,entity_completeness_v,2,2,100.0,CORE
event_venue,wedding_venue,entity_google_maps_links,2,2,100.0,CORE
event_venue,wedding_venue,entity_google_reviews,2,2,100.0,CORE
event_venue,wedding_venue,entity_hours,2,2,100.0,CORE
event_venue,wedding_venue,entity_items_norm_v,2,2,100.0,CORE
event_venue,wedding_venue,entity_items_v,2,2,100.0,CORE
event_venue,wedding_venue,entity_modules,2,2,100.0,CORE
event_venue,wedding_venue,entity_offer,2,2,100.0,CORE
event_venue,wedding_venue,entity_photos,2,2,100.0,CORE
event_venue,wedding_venue,entity_reviews,2,2,100.0,CORE
event_venue,wedding_venue,entity_tags,2,2,100.0,CORE
event_venue,wedding_venue,entity_theme,2,2,100.0,CORE
event_venue,wedding_venue,industry_event_venue,2,2,100.0,CORE
event_venue,wedding_venue,search_index,2,2,100.0,CORE
event_venue,wedding_venue,v_industry_facts_slugs,2,2,100.0,CORE
event_venue,wedding_venue,entity_nearby_landmark_types,1,2,50.0,COMMON
event_venue,wedding_venue,entity_nearby_landmarks,1,2,50.0,COMMON
personal_care,body_art_service,ai_data_completeness_audit_full,2,2,100.0,CORE
personal_care,body_art_service,ai_entity_intent_tags_full,2,2,100.0,CORE
personal_care,body_art_service,ai_entity_profiles_full,2,2,100.0,CORE
personal_care,body_art_service,ai_photo_index_full,2,2,100.0,CORE
personal_care,body_art_service,bookable_resources,2,2,100.0,CORE
personal_care,body_art_service,bookable_resources_json_backup,2,2,100.0,CORE
personal_care,body_art_service,entity,2,2,100.0,CORE
personal_care,body_art_service,entity_address_areas,2,2,100.0,CORE
personal_care,body_art_service,entity_attributes,2,2,100.0,CORE
personal_care,body_art_service,entity_completeness_v,2,2,100.0,CORE
personal_care,body_art_service,entity_google_maps_links,2,2,100.0,CORE
personal_care,body_art_service,entity_google_reviews,2,2,100.0,CORE
personal_care,body_art_service,entity_hours,2,2,100.0,CORE
personal_care,body_art_service,entity_items_norm_v,2,2,100.0,CORE
personal_care,body_art_service,entity_items_v,2,2,100.0,CORE
personal_care,body_art_service,entity_modules,2,2,100.0,CORE
personal_care,body_art_service,entity_nearby_landmark_types,2,2,100.0,CORE
personal_care,body_art_service,entity_nearby_landmarks,2,2,100.0,CORE
personal_care,body_art_service,entity_offer,2,2,100.0,CORE
personal_care,body_art_service,entity_photos,2,2,100.0,CORE
personal_care,body_art_service,entity_reviews,2,2,100.0,CORE
personal_care,body_art_service,entity_tags,2,2,100.0,CORE
personal_care,body_art_service,entity_theme,2,2,100.0,CORE
personal_care,body_art_service,industry_personal_care,2,2,100.0,CORE
personal_care,body_art_service,personal_care_services,2,2,100.0,CORE
personal_care,body_art_service,search_index,2,2,100.0,CORE
personal_care,body_art_service,service_menu,2,2,100.0,CORE
personal_care,body_art_service,v_industry_facts_slugs,2,2,100.0,CORE
retail,store,ai_data_completeness_audit_full,2,2,100.0,CORE
retail,store,ai_entity_intent_tags_full,2,2,100.0,CORE
retail,store,ai_entity_profiles_full,2,2,100.0,CORE
retail,store,ai_photo_index_full,2,2,100.0,CORE
retail,store,entity,2,2,100.0,CORE
retail,store,entity_attributes,2,2,100.0,CORE
retail,store,entity_completeness_v,2,2,100.0,CORE
retail,store,entity_google_maps_links,2,2,100.0,CORE
retail,store,entity_google_reviews,2,2,100.0,CORE
retail,store,entity_hours,2,2,100.0,CORE
retail,store,entity_modules,2,2,100.0,CORE
retail,store,entity_nearby_landmark_types,2,2,100.0,CORE
retail,store,entity_nearby_landmarks,2,2,100.0,CORE
retail,store,entity_photos,2,2,100.0,CORE
retail,store,entity_reviews,2,2,100.0,CORE
retail,store,entity_sources,2,2,100.0,CORE
retail,store,entity_tags,2,2,100.0,CORE
retail,store,entity_theme,2,2,100.0,CORE
retail,store,search_index,2,2,100.0,CORE
retail,store,entity_seo,1,2,50.0,COMMON
trade_home_service,tire_shop,ai_data_completeness_audit_full,2,2,100.0,CORE
trade_home_service,tire_shop,ai_entity_intent_tags_full,2,2,100.0,CORE
trade_home_service,tire_shop,ai_entity_profiles_full,2,2,100.0,CORE
trade_home_service,tire_shop,ai_photo_index_full,2,2,100.0,CORE
trade_home_service,tire_shop,bookable_resources,2,2,100.0,CORE
trade_home_service,tire_shop,bookable_resources_json_backup,2,2,100.0,CORE
trade_home_service,tire_shop,entity,2,2,100.0,CORE
trade_home_service,tire_shop,entity_attributes,2,2,100.0,CORE
trade_home_service,tire_shop,entity_completeness_v,2,2,100.0,CORE
trade_home_service,tire_shop,entity_google_maps_links,2,2,100.0,CORE
trade_home_service,tire_shop,entity_google_reviews,2,2,100.0,CORE
trade_home_service,tire_shop,entity_hours,2,2,100.0,CORE
trade_home_service,tire_shop,entity_items_norm_v,2,2,100.0,CORE
trade_home_service,tire_shop,entity_items_v,2,2,100.0,CORE
trade_home_service,tire_shop,entity_modules,2,2,100.0,CORE
trade_home_service,tire_shop,entity_nearby_landmark_types,2,2,100.0,CORE
trade_home_service,tire_shop,entity_nearby_landmarks,2,2,100.0,CORE
trade_home_service,tire_shop,entity_offer,2,2,100.0,CORE
trade_home_service,tire_shop,entity_photos,2,2,100.0,CORE
trade_home_service,tire_shop,entity_reviews,2,2,100.0,CORE
trade_home_service,tire_shop,entity_tags,2,2,100.0,CORE
trade_home_service,tire_shop,entity_theme,2,2,100.0,CORE
trade_home_service,tire_shop,industry_trade_home_service,2,2,100.0,CORE
trade_home_service,tire_shop,search_index,2,2,100.0,CORE
trade_home_service,tire_shop,service_menu,2,2,100.0,CORE
trade_home_service,tire_shop,trade_home_services,2,2,100.0,CORE
trade_home_service,tire_shop,v_industry_facts_slugs,2,2,100.0,CORE
attraction,water-park,entity,2,2,100.0,CORE
attraction,water-park,entity_theme,2,2,100.0,CORE
attraction,water-park,industry_attraction,2,2,100.0,CORE
attraction,water-park,search_index,2,2,100.0,CORE
attraction,water-park,v_industry_facts_slugs,2,2,100.0,CORE
attraction,water-park,ai_data_completeness_audit_full,1,2,50.0,COMMON
attraction,water-park,ai_entity_intent_tags_full,1,2,50.0,COMMON
attraction,water-park,ai_entity_profiles_full,1,2,50.0,COMMON
attraction,water-park,entity_tags,1,2,50.0,COMMON
attraction,water-park,entity_completeness_v,1,2,50.0,COMMON
attraction,water-park,recovery_import_log,1,2,50.0,COMMON
artist,artist,ai_data_completeness_audit_full,2,2,100.0,CORE
artist,artist,ai_entity_intent_tags_full,2,2,100.0,CORE
artist,artist,ai_entity_profiles_full,2,2,100.0,CORE
artist,artist,ai_photo_index_full,2,2,100.0,CORE
artist,artist,bookable_resources,2,2,100.0,CORE
artist,artist,bookable_resources_json_backup,2,2,100.0,CORE
artist,artist,entity,2,2,100.0,CORE
artist,artist,entity_completeness_v,2,2,100.0,CORE
artist,artist,entity_hours,2,2,100.0,CORE
artist,artist,entity_items_norm_v,2,2,100.0,CORE
artist,artist,entity_items_v,2,2,100.0,CORE
artist,artist,entity_modules,2,2,100.0,CORE
artist,artist,entity_offer,2,2,100.0,CORE
artist,artist,entity_photos,2,2,100.0,CORE
artist,artist,entity_tags,2,2,100.0,CORE
artist,artist,entity_theme,2,2,100.0,CORE
artist,artist,industry_artist,2,2,100.0,CORE
artist,artist,search_index,2,2,100.0,CORE
artist,artist,v_industry_facts_slugs,2,2,100.0,CORE
artist,artist,ai_event_planner_index_full,1,2,50.0,COMMON
artist,artist,ai_unified_search_items_full,1,2,50.0,COMMON
artist,artist,entity_events,1,2,50.0,COMMON
artist,artist,entity_good_for,1,2,50.0,COMMON
artist,artist,entity_highlights,1,2,50.0,COMMON
retail,sportswear_store,ai_data_completeness_audit_full,2,2,100.0,CORE
retail,sportswear_store,ai_entity_intent_tags_full,2,2,100.0,CORE
retail,sportswear_store,ai_entity_profiles_full,2,2,100.0,CORE
retail,sportswear_store,ai_photo_index_full,2,2,100.0,CORE
retail,sportswear_store,entity,2,2,100.0,CORE
retail,sportswear_store,entity_address_areas,2,2,100.0,CORE
retail,sportswear_store,entity_attributes,2,2,100.0,CORE
retail,sportswear_store,entity_completeness_v,2,2,100.0,CORE
retail,sportswear_store,entity_google_maps_links,2,2,100.0,CORE
retail,sportswear_store,entity_google_reviews,2,2,100.0,CORE
retail,sportswear_store,entity_hours,2,2,100.0,CORE
retail,sportswear_store,entity_modules,2,2,100.0,CORE
retail,sportswear_store,entity_nearby_landmark_types,2,2,100.0,CORE
retail,sportswear_store,entity_nearby_landmarks,2,2,100.0,CORE
retail,sportswear_store,entity_photos,2,2,100.0,CORE
retail,sportswear_store,entity_reviews,2,2,100.0,CORE
retail,sportswear_store,entity_tags,2,2,100.0,CORE
retail,sportswear_store,entity_theme,2,2,100.0,CORE
retail,sportswear_store,industry_retail,2,2,100.0,CORE
retail,sportswear_store,search_index,2,2,100.0,CORE
retail,sportswear_store,v_industry_facts_slugs,2,2,100.0,CORE
retail,sportswear_store,legacy_photo_migration_queue,1,2,50.0,COMMON
watersport,banana_boat,activity_options,2,2,100.0,CORE
watersport,banana_boat,ai_data_completeness_audit_full,2,2,100.0,CORE
watersport,banana_boat,ai_entity_intent_tags_full,2,2,100.0,CORE
watersport,banana_boat,ai_entity_profiles_full,2,2,100.0,CORE
watersport,banana_boat,ai_photo_index_full,2,2,100.0,CORE
watersport,banana_boat,entity,2,2,100.0,CORE
watersport,banana_boat,entity_completeness_v,2,2,100.0,CORE
watersport,banana_boat,entity_highlights,2,2,100.0,CORE
watersport,banana_boat,entity_items_norm_v,2,2,100.0,CORE
watersport,banana_boat,entity_items_v,2,2,100.0,CORE
watersport,banana_boat,entity_modules,2,2,100.0,CORE
watersport,banana_boat,entity_offer,2,2,100.0,CORE
watersport,banana_boat,entity_offer_section,2,2,100.0,CORE
watersport,banana_boat,entity_photos,2,2,100.0,CORE
watersport,banana_boat,entity_sources,2,2,100.0,CORE
watersport,banana_boat,entity_tags,2,2,100.0,CORE
watersport,banana_boat,entity_theme,2,2,100.0,CORE
watersport,banana_boat,industry_watersport,2,2,100.0,CORE
watersport,banana_boat,meeting_points,2,2,100.0,CORE
watersport,banana_boat,offering_prices,2,2,100.0,CORE
watersport,banana_boat,offerings,2,2,100.0,CORE
watersport,banana_boat,pricing_items,2,2,100.0,CORE
watersport,banana_boat,requirements,2,2,100.0,CORE
watersport,banana_boat,search_index,2,2,100.0,CORE
watersport,banana_boat,v_industry_facts_slugs,2,2,100.0,CORE
watersport,banana_boat,entity_sections,1,2,50.0,COMMON
watersport,banana_boat,entity_seo_keywords,1,2,50.0,COMMON
watersport,banana_boat,faqs,1,2,50.0,COMMON
attraction,observation_deck,ai_data_completeness_audit_full,2,2,100.0,CORE
attraction,observation_deck,ai_entity_intent_tags_full,2,2,100.0,CORE
attraction,observation_deck,ai_entity_profiles_full,2,2,100.0,CORE
attraction,observation_deck,ai_photo_index_full,2,2,100.0,CORE
attraction,observation_deck,entity,2,2,100.0,CORE
attraction,observation_deck,entity_address_areas,2,2,100.0,CORE
attraction,observation_deck,entity_attributes,2,2,100.0,CORE
attraction,observation_deck,entity_completeness_v,2,2,100.0,CORE
attraction,observation_deck,entity_google_maps_links,2,2,100.0,CORE
attraction,observation_deck,entity_google_reviews,2,2,100.0,CORE
attraction,observation_deck,entity_modules,2,2,100.0,CORE
attraction,observation_deck,entity_nearby_landmarks,2,2,100.0,CORE
attraction,observation_deck,entity_photos,2,2,100.0,CORE
attraction,observation_deck,entity_reviews,2,2,100.0,CORE
attraction,observation_deck,entity_tags,2,2,100.0,CORE
attraction,observation_deck,entity_theme,2,2,100.0,CORE
attraction,observation_deck,industry_attraction,2,2,100.0,CORE
attraction,observation_deck,search_index,2,2,100.0,CORE
attraction,observation_deck,v_industry_facts_slugs,2,2,100.0,CORE
attraction,observation_deck,legacy_photo_migration_queue,1,2,50.0,COMMON
health_medical,chiropractor,ai_data_completeness_audit_full,2,2,100.0,CORE
health_medical,chiropractor,ai_entity_intent_tags_full,2,2,100.0,CORE
health_medical,chiropractor,ai_entity_profiles_full,2,2,100.0,CORE
health_medical,chiropractor,ai_photo_index_full,2,2,100.0,CORE
health_medical,chiropractor,bookable_resources,2,2,100.0,CORE
health_medical,chiropractor,bookable_resources_json_backup,2,2,100.0,CORE
health_medical,chiropractor,entity,2,2,100.0,CORE
health_medical,chiropractor,entity_attributes,2,2,100.0,CORE
health_medical,chiropractor,entity_completeness_v,2,2,100.0,CORE
health_medical,chiropractor,entity_google_maps_links,2,2,100.0,CORE
health_medical,chiropractor,entity_google_reviews,2,2,100.0,CORE
health_medical,chiropractor,entity_hours,2,2,100.0,CORE
health_medical,chiropractor,entity_items_norm_v,2,2,100.0,CORE
health_medical,chiropractor,entity_items_v,2,2,100.0,CORE
health_medical,chiropractor,entity_modules,2,2,100.0,CORE
health_medical,chiropractor,entity_nearby_landmark_types,2,2,100.0,CORE
health_medical,chiropractor,entity_nearby_landmarks,2,2,100.0,CORE
health_medical,chiropractor,entity_offer,2,2,100.0,CORE
health_medical,chiropractor,entity_photos,2,2,100.0,CORE
health_medical,chiropractor,entity_reviews,2,2,100.0,CORE
health_medical,chiropractor,entity_tags,2,2,100.0,CORE
health_medical,chiropractor,entity_theme,2,2,100.0,CORE
health_medical,chiropractor,health_medical_services,2,2,100.0,CORE
health_medical,chiropractor,industry_health_medical,2,2,100.0,CORE
health_medical,chiropractor,search_index,2,2,100.0,CORE
health_medical,chiropractor,service_menu,2,2,100.0,CORE
health_medical,chiropractor,v_industry_facts_slugs,2,2,100.0,CORE
health_medical,chiropractor,legacy_photo_migration_queue,1,2,50.0,COMMON
health_medical,chiropractor,entity_address_areas,1,2,50.0,COMMON
retail,asian_grocery_store,ai_data_completeness_audit_full,2,2,100.0,CORE
retail,asian_grocery_store,ai_entity_intent_tags_full,2,2,100.0,CORE
retail,asian_grocery_store,ai_entity_profiles_full,2,2,100.0,CORE
retail,asian_grocery_store,ai_photo_index_full,2,2,100.0,CORE
retail,asian_grocery_store,entity,2,2,100.0,CORE
retail,asian_grocery_store,entity_address_areas,2,2,100.0,CORE
retail,asian_grocery_store,entity_attributes,2,2,100.0,CORE
retail,asian_grocery_store,entity_completeness_v,2,2,100.0,CORE
retail,asian_grocery_store,entity_google_maps_links,2,2,100.0,CORE
retail,asian_grocery_store,entity_google_reviews,2,2,100.0,CORE
retail,asian_grocery_store,entity_hours,2,2,100.0,CORE
retail,asian_grocery_store,entity_modules,2,2,100.0,CORE
retail,asian_grocery_store,entity_nearby_landmark_types,2,2,100.0,CORE
retail,asian_grocery_store,entity_nearby_landmarks,2,2,100.0,CORE
retail,asian_grocery_store,entity_photos,2,2,100.0,CORE
retail,asian_grocery_store,entity_reviews,2,2,100.0,CORE
retail,asian_grocery_store,entity_tags,2,2,100.0,CORE
retail,asian_grocery_store,entity_theme,2,2,100.0,CORE
retail,asian_grocery_store,industry_retail,2,2,100.0,CORE
retail,asian_grocery_store,search_index,2,2,100.0,CORE
retail,asian_grocery_store,v_industry_facts_slugs,2,2,100.0,CORE
outdoor_recreation,playground,ai_data_completeness_audit_full,2,2,100.0,CORE
outdoor_recreation,playground,ai_entity_intent_tags_full,2,2,100.0,CORE
outdoor_recreation,playground,ai_entity_profiles_full,2,2,100.0,CORE
outdoor_recreation,playground,ai_photo_index_full,2,2,100.0,CORE
outdoor_recreation,playground,entity,2,2,100.0,CORE
outdoor_recreation,playground,entity_address_areas,2,2,100.0,CORE
outdoor_recreation,playground,entity_attributes,2,2,100.0,CORE
outdoor_recreation,playground,entity_completeness_v,2,2,100.0,CORE
outdoor_recreation,playground,entity_google_maps_links,2,2,100.0,CORE
outdoor_recreation,playground,entity_google_reviews,2,2,100.0,CORE
outdoor_recreation,playground,entity_hours,2,2,100.0,CORE
outdoor_recreation,playground,entity_modules,2,2,100.0,CORE
outdoor_recreation,playground,entity_nearby_landmark_types,2,2,100.0,CORE
outdoor_recreation,playground,entity_nearby_landmarks,2,2,100.0,CORE
outdoor_recreation,playground,entity_photos,2,2,100.0,CORE
outdoor_recreation,playground,entity_reviews,2,2,100.0,CORE
outdoor_recreation,playground,entity_seo,2,2,100.0,CORE
outdoor_recreation,playground,entity_tags,2,2,100.0,CORE
outdoor_recreation,playground,entity_theme,2,2,100.0,CORE
outdoor_recreation,playground,industry_outdoor_recreation,2,2,100.0,CORE
outdoor_recreation,playground,legacy_photo_migration_queue,2,2,100.0,CORE
outdoor_recreation,playground,search_index,2,2,100.0,CORE
outdoor_recreation,playground,v_industry_facts_slugs,2,2,100.0,CORE
professional_service,lawyer,ai_data_completeness_audit_full,2,2,100.0,CORE
professional_service,lawyer,ai_entity_intent_tags_full,2,2,100.0,CORE
professional_service,lawyer,ai_entity_profiles_full,2,2,100.0,CORE
professional_service,lawyer,ai_photo_index_full,2,2,100.0,CORE
professional_service,lawyer,bookable_resources,2,2,100.0,CORE
professional_service,lawyer,bookable_resources_json_backup,2,2,100.0,CORE
professional_service,lawyer,entity,2,2,100.0,CORE
professional_service,lawyer,entity_attributes,2,2,100.0,CORE
professional_service,lawyer,entity_completeness_v,2,2,100.0,CORE
professional_service,lawyer,entity_google_maps_links,2,2,100.0,CORE
professional_service,lawyer,entity_google_reviews,2,2,100.0,CORE
professional_service,lawyer,entity_hours,2,2,100.0,CORE
professional_service,lawyer,entity_items_norm_v,2,2,100.0,CORE
professional_service,lawyer,entity_items_v,2,2,100.0,CORE
professional_service,lawyer,entity_modules,2,2,100.0,CORE
professional_service,lawyer,entity_nearby_landmark_types,2,2,100.0,CORE
professional_service,lawyer,entity_nearby_landmarks,2,2,100.0,CORE
professional_service,lawyer,entity_offer,2,2,100.0,CORE
professional_service,lawyer,entity_photos,2,2,100.0,CORE
professional_service,lawyer,entity_reviews,2,2,100.0,CORE
professional_service,lawyer,entity_tags,2,2,100.0,CORE
professional_service,lawyer,entity_theme,2,2,100.0,CORE
professional_service,lawyer,industry_professional_service,2,2,100.0,CORE
professional_service,lawyer,search_index,2,2,100.0,CORE
professional_service,lawyer,v_industry_facts_slugs,2,2,100.0,CORE
professional_service,lawyer,entity_address_areas,1,2,50.0,COMMON
professional_service,lawyer,professional_services,1,2,50.0,COMMON
professional_service,lawyer,service_menu,1,2,50.0,COMMON
retail,supermarket,ai_data_completeness_audit_full,2,2,100.0,CORE
retail,supermarket,ai_entity_intent_tags_full,2,2,100.0,CORE
retail,supermarket,ai_entity_profiles_full,2,2,100.0,CORE
retail,supermarket,ai_photo_index_full,2,2,100.0,CORE
retail,supermarket,entity,2,2,100.0,CORE
retail,supermarket,entity_attributes,2,2,100.0,CORE
retail,supermarket,entity_completeness_v,2,2,100.0,CORE
retail,supermarket,entity_hours,2,2,100.0,CORE
retail,supermarket,entity_modules,2,2,100.0,CORE
retail,supermarket,entity_tags,2,2,100.0,CORE
retail,supermarket,entity_theme,2,2,100.0,CORE
retail,supermarket,industry_retail,2,2,100.0,CORE
retail,supermarket,search_index,2,2,100.0,CORE
retail,supermarket,v_industry_facts_slugs,2,2,100.0,CORE
retail,supermarket,entity_photos,1,2,50.0,COMMON
retail,supermarket,recovery_import_log,1,2,50.0,COMMON
retail,supermarket,entity_seo,1,2,50.0,COMMON
professional_service,software,ai_data_completeness_audit_full,2,2,100.0,CORE
professional_service,software,ai_entity_intent_tags_full,2,2,100.0,CORE
professional_service,software,ai_entity_profiles_full,2,2,100.0,CORE
professional_service,software,bookable_resources,2,2,100.0,CORE
professional_service,software,bookable_resources_json_backup,2,2,100.0,CORE
professional_service,software,entity,2,2,100.0,CORE
professional_service,software,entity_items_norm_v,2,2,100.0,CORE
professional_service,software,entity_items_v,2,2,100.0,CORE
professional_service,software,entity_offer,2,2,100.0,CORE
professional_service,software,entity_tags,2,2,100.0,CORE
professional_service,software,entity_theme,2,2,100.0,CORE
professional_service,software,industry_professional_service,2,2,100.0,CORE
professional_service,software,search_index,2,2,100.0,CORE
professional_service,software,v_industry_facts_slugs,2,2,100.0,CORE
professional_service,software,ai_photo_index_full,1,2,50.0,COMMON
professional_service,software,entity_good_for,1,2,50.0,COMMON
professional_service,software,entity_highlights,1,2,50.0,COMMON
professional_service,software,entity_hours,1,2,50.0,COMMON
professional_service,software,entity_photos,1,2,50.0,COMMON
professional_service,software,entity_completeness_v,1,2,50.0,COMMON
transportation,airport_shuttle_service,ai_data_completeness_audit_full,2,2,100.0,CORE
transportation,airport_shuttle_service,ai_entity_intent_tags_full,2,2,100.0,CORE
transportation,airport_shuttle_service,ai_entity_profiles_full,2,2,100.0,CORE
transportation,airport_shuttle_service,bookable_resources,2,2,100.0,CORE
transportation,airport_shuttle_service,bookable_resources_json_backup,2,2,100.0,CORE
transportation,airport_shuttle_service,entity,2,2,100.0,CORE
transportation,airport_shuttle_service,entity_completeness_v,2,2,100.0,CORE
transportation,airport_shuttle_service,entity_google_maps_links,2,2,100.0,CORE
transportation,airport_shuttle_service,entity_google_reviews,2,2,100.0,CORE
transportation,airport_shuttle_service,entity_hours,2,2,100.0,CORE
transportation,airport_shuttle_service,entity_items_norm_v,2,2,100.0,CORE
transportation,airport_shuttle_service,entity_items_v,2,2,100.0,CORE
transportation,airport_shuttle_service,entity_modules,2,2,100.0,CORE
transportation,airport_shuttle_service,entity_offer,2,2,100.0,CORE
transportation,airport_shuttle_service,entity_reviews,2,2,100.0,CORE
transportation,airport_shuttle_service,entity_tags,2,2,100.0,CORE
transportation,airport_shuttle_service,entity_theme,2,2,100.0,CORE
transportation,airport_shuttle_service,industry_transportation,2,2,100.0,CORE
transportation,airport_shuttle_service,search_index,2,2,100.0,CORE
transportation,airport_shuttle_service,v_industry_facts_slugs,2,2,100.0,CORE
transportation,airport_shuttle_service,ai_photo_index_full,1,2,50.0,COMMON
transportation,airport_shuttle_service,entity_nearby_landmark_types,1,2,50.0,COMMON
transportation,airport_shuttle_service,entity_nearby_landmarks,1,2,50.0,COMMON
transportation,airport_shuttle_service,entity_photos,1,2,50.0,COMMON
civic,church,entity,2,2,100.0,CORE
civic,church,entity_completeness_v,2,2,100.0,CORE
civic,church,entity_theme,2,2,100.0,CORE
civic,church,industry_civic,2,2,100.0,CORE
civic,church,search_index,2,2,100.0,CORE
civic,church,v_industry_facts_slugs,2,2,100.0,CORE
civic,church,ai_data_completeness_audit_full,1,2,50.0,COMMON
civic,church,ai_entity_intent_tags_full,1,2,50.0,COMMON
civic,church,ai_entity_profiles_full,1,2,50.0,COMMON
civic,church,ai_photo_index_full,1,2,50.0,COMMON
civic,church,bookable_resources,1,2,50.0,COMMON
civic,church,bookable_resources_json_backup,1,2,50.0,COMMON
civic,church,entity_address_areas,1,2,50.0,COMMON
civic,church,entity_attributes,1,2,50.0,COMMON
civic,church,entity_google_maps_links,1,2,50.0,COMMON
civic,church,entity_google_reviews,1,2,50.0,COMMON
civic,church,entity_hours,1,2,50.0,COMMON
civic,church,entity_items_norm_v,1,2,50.0,COMMON
civic,church,entity_items_v,1,2,50.0,COMMON
civic,church,entity_nearby_landmark_types,1,2,50.0,COMMON
civic,church,entity_nearby_landmarks,1,2,50.0,COMMON
civic,church,entity_offer,1,2,50.0,COMMON
civic,church,entity_photos,1,2,50.0,COMMON
civic,church,entity_reviews,1,2,50.0,COMMON
civic,church,entity_seo,1,2,50.0,COMMON
civic,church,entity_sources,1,2,50.0,COMMON
civic,church,entity_tags,1,2,50.0,COMMON
civic,church,recovery_import_log,1,2,50.0,COMMON
civic,bridge,ai_data_completeness_audit_full,2,2,100.0,CORE
civic,bridge,ai_entity_intent_tags_full,2,2,100.0,CORE
civic,bridge,ai_entity_profiles_full,2,2,100.0,CORE
civic,bridge,ai_photo_index_full,2,2,100.0,CORE
civic,bridge,bookable_resources,2,2,100.0,CORE
civic,bridge,bookable_resources_json_backup,2,2,100.0,CORE
civic,bridge,entity,2,2,100.0,CORE
civic,bridge,entity_attributes,2,2,100.0,CORE
civic,bridge,entity_completeness_v,2,2,100.0,CORE
civic,bridge,entity_google_maps_links,2,2,100.0,CORE
civic,bridge,entity_google_reviews,2,2,100.0,CORE
civic,bridge,entity_items_norm_v,2,2,100.0,CORE
civic,bridge,entity_items_v,2,2,100.0,CORE
civic,bridge,entity_nearby_landmark_types,2,2,100.0,CORE
civic,bridge,entity_nearby_landmarks,2,2,100.0,CORE
civic,bridge,entity_offer,2,2,100.0,CORE
civic,bridge,entity_photos,2,2,100.0,CORE
civic,bridge,entity_reviews,2,2,100.0,CORE
civic,bridge,entity_tags,2,2,100.0,CORE
civic,bridge,entity_theme,2,2,100.0,CORE
civic,bridge,industry_civic,2,2,100.0,CORE
civic,bridge,search_index,2,2,100.0,CORE
civic,bridge,v_industry_facts_slugs,2,2,100.0,CORE
civic,bridge,entity_address_areas,1,2,50.0,COMMON
civic,bridge,legacy_photo_migration_queue,1,2,50.0,COMMON
retail,garden_center,ai_data_completeness_audit_full,2,2,100.0,CORE
retail,garden_center,ai_entity_intent_tags_full,2,2,100.0,CORE
retail,garden_center,ai_entity_profiles_full,2,2,100.0,CORE
retail,garden_center,ai_photo_index_full,2,2,100.0,CORE
retail,garden_center,entity,2,2,100.0,CORE
retail,garden_center,entity_attributes,2,2,100.0,CORE
retail,garden_center,entity_completeness_v,2,2,100.0,CORE
retail,garden_center,entity_google_maps_links,2,2,100.0,CORE
retail,garden_center,entity_google_reviews,2,2,100.0,CORE
retail,garden_center,entity_hours,2,2,100.0,CORE
retail,garden_center,entity_modules,2,2,100.0,CORE
retail,garden_center,entity_nearby_landmark_types,2,2,100.0,CORE
retail,garden_center,entity_nearby_landmarks,2,2,100.0,CORE
retail,garden_center,entity_photos,2,2,100.0,CORE
retail,garden_center,entity_reviews,2,2,100.0,CORE
retail,garden_center,entity_tags,2,2,100.0,CORE
retail,garden_center,entity_theme,2,2,100.0,CORE
retail,garden_center,industry_retail,2,2,100.0,CORE
retail,garden_center,search_index,2,2,100.0,CORE
retail,garden_center,v_industry_facts_slugs,2,2,100.0,CORE
retail,garden_center,entity_address_areas,1,2,50.0,COMMON
food_beverage,italian,entity,2,2,100.0,CORE
food_beverage,italian,entity_completeness_v,2,2,100.0,CORE
food_beverage,italian,industry_food_beverage,2,2,100.0,CORE
food_beverage,italian,search_index,2,2,100.0,CORE
food_beverage,italian,v_industry_facts_slugs,2,2,100.0,CORE
food_beverage,italian,entity_conflicts,1,2,50.0,COMMON
food_beverage,italian,entity_offer_section,1,2,50.0,COMMON
food_beverage,italian,entity_theme,1,2,50.0,COMMON
food_beverage,italian,recovery_import_log,1,2,50.0,COMMON
retail,hardware_store,ai_data_completeness_audit_full,2,2,100.0,CORE
retail,hardware_store,ai_entity_intent_tags_full,2,2,100.0,CORE
retail,hardware_store,ai_entity_profiles_full,2,2,100.0,CORE
retail,hardware_store,entity,2,2,100.0,CORE
retail,hardware_store,entity_attributes,2,2,100.0,CORE
retail,hardware_store,entity_completeness_v,2,2,100.0,CORE
retail,hardware_store,entity_google_maps_links,2,2,100.0,CORE
retail,hardware_store,entity_modules,2,2,100.0,CORE
retail,hardware_store,entity_nearby_landmark_types,2,2,100.0,CORE
retail,hardware_store,entity_nearby_landmarks,2,2,100.0,CORE
retail,hardware_store,entity_tags,2,2,100.0,CORE
retail,hardware_store,entity_theme,2,2,100.0,CORE
retail,hardware_store,industry_retail,2,2,100.0,CORE
retail,hardware_store,search_index,2,2,100.0,CORE
retail,hardware_store,v_industry_facts_slugs,2,2,100.0,CORE
retail,hardware_store,ai_photo_index_full,1,2,50.0,COMMON
retail,hardware_store,entity_google_reviews,1,2,50.0,COMMON
retail,hardware_store,entity_hours,1,2,50.0,COMMON
retail,hardware_store,entity_photos,1,2,50.0,COMMON
retail,hardware_store,entity_reviews,1,2,50.0,COMMON
other,point_of_interest,ai_data_completeness_audit_full,2,2,100.0,CORE
other,point_of_interest,ai_entity_intent_tags_full,2,2,100.0,CORE
other,point_of_interest,ai_entity_profiles_full,2,2,100.0,CORE
other,point_of_interest,bookable_resources,2,2,100.0,CORE
other,point_of_interest,bookable_resources_json_backup,2,2,100.0,CORE
other,point_of_interest,entity,2,2,100.0,CORE
other,point_of_interest,entity_attributes,2,2,100.0,CORE
other,point_of_interest,entity_completeness_v,2,2,100.0,CORE
other,point_of_interest,entity_google_maps_links,2,2,100.0,CORE
other,point_of_interest,entity_google_reviews,2,2,100.0,CORE
other,point_of_interest,entity_items_norm_v,2,2,100.0,CORE
other,point_of_interest,entity_items_v,2,2,100.0,CORE
other,point_of_interest,entity_nearby_landmark_types,2,2,100.0,CORE
other,point_of_interest,entity_nearby_landmarks,2,2,100.0,CORE
other,point_of_interest,entity_offer,2,2,100.0,CORE
other,point_of_interest,entity_reviews,2,2,100.0,CORE
other,point_of_interest,entity_tags,2,2,100.0,CORE
other,point_of_interest,entity_theme,2,2,100.0,CORE
other,point_of_interest,search_index,2,2,100.0,CORE
other,point_of_interest,entity_hours,1,2,50.0,COMMON
other,point_of_interest,entity_address_areas,1,2,50.0,COMMON
other,point_of_interest,entity_seo,1,2,50.0,COMMON
other,point_of_interest,entity_sources,1,2,50.0,COMMON
retail,bicycle-shop,entity,2,2,100.0,CORE
retail,bicycle-shop,entity_completeness_v,2,2,100.0,CORE
retail,bicycle-shop,entity_theme,2,2,100.0,CORE
retail,bicycle-shop,industry_retail,2,2,100.0,CORE
retail,bicycle-shop,search_index,2,2,100.0,CORE
retail,bicycle-shop,v_industry_facts_slugs,2,2,100.0,CORE
retail,bicycle-shop,ai_data_completeness_audit_full,1,2,50.0,COMMON
retail,bicycle-shop,ai_entity_intent_tags_full,1,2,50.0,COMMON
retail,bicycle-shop,ai_entity_profiles_full,1,2,50.0,COMMON
retail,bicycle-shop,entity_tags,1,2,50.0,COMMON
retail,bicycle-shop,recovery_import_log,1,2,50.0,COMMON
entertainment_venue,(none),entity,2,2,100.0,CORE
entertainment_venue,(none),entity_completeness_v,2,2,100.0,CORE
entertainment_venue,(none),entity_theme,2,2,100.0,CORE
entertainment_venue,(none),industry_entertainment_venue,2,2,100.0,CORE
entertainment_venue,(none),search_index,2,2,100.0,CORE
entertainment_venue,(none),v_industry_facts_slugs,2,2,100.0,CORE
entertainment_venue,(none),entity_items_norm_v,1,2,50.0,COMMON
entertainment_venue,(none),entity_items_v,1,2,50.0,COMMON
entertainment_venue,(none),entity_offer,1,2,50.0,COMMON
entertainment_venue,(none),entity_photos,1,2,50.0,COMMON
entertainment_venue,(none),entity_tags,1,2,50.0,COMMON
entertainment_venue,(none),offering_prices,1,2,50.0,COMMON
entertainment_venue,(none),offerings,1,2,50.0,COMMON
entertainment_venue,(none),offerings_details_backup,1,2,50.0,COMMON
entertainment_venue,(none),requirements,1,2,50.0,COMMON
entertainment_venue,(none),tourist_seen,1,2,50.0,COMMON
entertainment_venue,(none),tourist_swipe_events,1,2,50.0,COMMON
entertainment_venue,(none),recovery_import_log,1,2,50.0,COMMON
outdoor_recreation,public-park,entity,2,2,100.0,CORE
outdoor_recreation,public-park,entity_completeness_v,2,2,100.0,CORE
outdoor_recreation,public-park,entity_theme,2,2,100.0,CORE
outdoor_recreation,public-park,industry_outdoor_recreation,2,2,100.0,CORE
outdoor_recreation,public-park,search_index,2,2,100.0,CORE
outdoor_recreation,public-park,v_industry_facts_slugs,2,2,100.0,CORE
outdoor_recreation,public-park,ai_data_completeness_audit_full,1,2,50.0,COMMON
outdoor_recreation,public-park,ai_entity_intent_tags_full,1,2,50.0,COMMON
outdoor_recreation,public-park,ai_entity_profiles_full,1,2,50.0,COMMON
outdoor_recreation,public-park,entity_modules,1,2,50.0,COMMON
outdoor_recreation,public-park,recovery_import_log,1,2,50.0,COMMON
attraction,attractions,entity,2,2,100.0,CORE
attraction,attractions,entity_completeness_v,2,2,100.0,CORE
attraction,attractions,entity_theme,2,2,100.0,CORE
attraction,attractions,industry_attraction,2,2,100.0,CORE
attraction,attractions,recovery_import_log,2,2,100.0,CORE
attraction,attractions,search_index,2,2,100.0,CORE
attraction,attractions,v_industry_facts_slugs,2,2,100.0,CORE
attraction,attractions,entity_hours,1,2,50.0,COMMON
attraction,attractions,entity_photos,1,2,50.0,COMMON
vacation_rental,owner_managed_beach_cottage,entity,2,2,100.0,CORE
vacation_rental,owner_managed_beach_cottage,entity_completeness_v,2,2,100.0,CORE
vacation_rental,owner_managed_beach_cottage,entity_modules,2,2,100.0,CORE
vacation_rental,owner_managed_beach_cottage,entity_theme,2,2,100.0,CORE
vacation_rental,owner_managed_beach_cottage,industry_vacation_rental,2,2,100.0,CORE
vacation_rental,owner_managed_beach_cottage,search_index,2,2,100.0,CORE
vacation_rental,owner_managed_beach_cottage,v_industry_facts_slugs,2,2,100.0,CORE
vacation_rental,owner_managed_beach_cottage,entity_specials,1,2,50.0,COMMON
vacation_rental,owner_managed_townhouse,entity,2,2,100.0,CORE
vacation_rental,owner_managed_townhouse,entity_completeness_v,2,2,100.0,CORE
vacation_rental,owner_managed_townhouse,entity_modules,2,2,100.0,CORE
vacation_rental,owner_managed_townhouse,entity_theme,2,2,100.0,CORE
vacation_rental,owner_managed_townhouse,industry_vacation_rental,2,2,100.0,CORE
vacation_rental,owner_managed_townhouse,search_index,2,2,100.0,CORE
vacation_rental,owner_managed_townhouse,v_industry_facts_slugs,2,2,100.0,CORE
civic,(none),entity,2,2,100.0,CORE
civic,(none),entity_completeness_v,2,2,100.0,CORE
civic,(none),entity_photos,2,2,100.0,CORE
civic,(none),entity_tags,2,2,100.0,CORE
civic,(none),entity_theme,2,2,100.0,CORE
civic,(none),industry_civic,2,2,100.0,CORE
civic,(none),search_index,2,2,100.0,CORE
civic,(none),v_industry_facts_slugs,2,2,100.0,CORE
photography,(none),entity,2,2,100.0,CORE
photography,(none),entity_completeness_v,2,2,100.0,CORE
photography,(none),entity_photos,2,2,100.0,CORE
photography,(none),entity_tags,2,2,100.0,CORE
photography,(none),entity_theme,2,2,100.0,CORE
photography,(none),industry_photography,2,2,100.0,CORE
photography,(none),search_index,2,2,100.0,CORE
photography,(none),v_industry_facts_slugs,2,2,100.0,CORE
civic,church-nonprofit,entity,2,2,100.0,CORE
civic,church-nonprofit,entity_completeness_v,2,2,100.0,CORE
civic,church-nonprofit,entity_theme,2,2,100.0,CORE
civic,church-nonprofit,industry_civic,2,2,100.0,CORE
civic,church-nonprofit,recovery_import_log,2,2,100.0,CORE
civic,church-nonprofit,search_index,2,2,100.0,CORE
civic,church-nonprofit,v_industry_facts_slugs,2,2,100.0,CORE
professional_service,real-estate,entity,2,2,100.0,CORE
professional_service,real-estate,entity_completeness_v,2,2,100.0,CORE
professional_service,real-estate,entity_theme,2,2,100.0,CORE
professional_service,real-estate,industry_professional_service,2,2,100.0,CORE
professional_service,real-estate,recovery_import_log,2,2,100.0,CORE
professional_service,real-estate,search_index,2,2,100.0,CORE
professional_service,real-estate,v_industry_facts_slugs,2,2,100.0,CORE
charter_fishing,boat-charter,entity,2,2,100.0,CORE
charter_fishing,boat-charter,entity_completeness_v,2,2,100.0,CORE
charter_fishing,boat-charter,entity_theme,2,2,100.0,CORE
charter_fishing,boat-charter,industry_charter_fishing,2,2,100.0,CORE
charter_fishing,boat-charter,recovery_import_log,2,2,100.0,CORE
charter_fishing,boat-charter,search_index,2,2,100.0,CORE
charter_fishing,boat-charter,v_industry_facts_slugs,2,2,100.0,CORE
personal_care,barber,entity,2,2,100.0,CORE
personal_care,barber,entity_completeness_v,2,2,100.0,CORE
personal_care,barber,entity_theme,2,2,100.0,CORE
personal_care,barber,industry_personal_care,2,2,100.0,CORE
personal_care,barber,recovery_import_log,2,2,100.0,CORE
personal_care,barber,search_index,2,2,100.0,CORE
personal_care,barber,v_industry_facts_slugs,2,2,100.0,CORE
retail,art-gallery,entity,2,2,100.0,CORE
retail,art-gallery,entity_completeness_v,2,2,100.0,CORE
retail,art-gallery,entity_theme,2,2,100.0,CORE
retail,art-gallery,industry_retail,2,2,100.0,CORE
retail,art-gallery,recovery_import_log,2,2,100.0,CORE
retail,art-gallery,search_index,2,2,100.0,CORE
retail,art-gallery,v_industry_facts_slugs,2,2,100.0,CORE
outdoor_recreation,fishing-pier,entity,2,2,100.0,CORE
outdoor_recreation,fishing-pier,entity_completeness_v,2,2,100.0,CORE
outdoor_recreation,fishing-pier,entity_theme,2,2,100.0,CORE
outdoor_recreation,fishing-pier,industry_outdoor_recreation,2,2,100.0,CORE
outdoor_recreation,fishing-pier,recovery_import_log,2,2,100.0,CORE
outdoor_recreation,fishing-pier,search_index,2,2,100.0,CORE
outdoor_recreation,fishing-pier,v_industry_facts_slugs,2,2,100.0,CORE
civic,nonprofit,entity,2,2,100.0,CORE
civic,nonprofit,entity_completeness_v,2,2,100.0,CORE
civic,nonprofit,entity_theme,2,2,100.0,CORE
civic,nonprofit,industry_civic,2,2,100.0,CORE
civic,nonprofit,recovery_import_log,2,2,100.0,CORE
civic,nonprofit,search_index,2,2,100.0,CORE
civic,nonprofit,v_industry_facts_slugs,2,2,100.0,CORE
personal_care,salon,entity,2,2,100.0,CORE
personal_care,salon,entity_completeness_v,2,2,100.0,CORE
personal_care,salon,entity_theme,2,2,100.0,CORE
personal_care,salon,industry_personal_care,2,2,100.0,CORE
personal_care,salon,recovery_import_log,2,2,100.0,CORE
personal_care,salon,search_index,2,2,100.0,CORE
personal_care,salon,v_industry_facts_slugs,2,2,100.0,CORE
retail,hardware,entity,2,2,100.0,CORE
retail,hardware,entity_completeness_v,2,2,100.0,CORE
retail,hardware,entity_theme,2,2,100.0,CORE
retail,hardware,industry_retail,2,2,100.0,CORE
retail,hardware,recovery_import_log,2,2,100.0,CORE
retail,hardware,search_index,2,2,100.0,CORE
retail,hardware,v_industry_facts_slugs,2,2,100.0,CORE
professional_service,professional-services,entity,2,2,100.0,CORE
professional_service,professional-services,entity_completeness_v,2,2,100.0,CORE
professional_service,professional-services,entity_theme,2,2,100.0,CORE
professional_service,professional-services,industry_professional_service,2,2,100.0,CORE
professional_service,professional-services,recovery_import_log,2,2,100.0,CORE
professional_service,professional-services,search_index,2,2,100.0,CORE
professional_service,professional-services,v_industry_facts_slugs,2,2,100.0,CORE
professional_service,law-firm,entity,2,2,100.0,CORE
professional_service,law-firm,entity_completeness_v,2,2,100.0,CORE
professional_service,law-firm,entity_theme,2,2,100.0,CORE
professional_service,law-firm,industry_professional_service,2,2,100.0,CORE
professional_service,law-firm,recovery_import_log,2,2,100.0,CORE
professional_service,law-firm,search_index,2,2,100.0,CORE
professional_service,law-firm,v_industry_facts_slugs,2,2,100.0,CORE
charter_fishing,fishing-charter,entity,2,2,100.0,CORE
charter_fishing,fishing-charter,entity_completeness_v,2,2,100.0,CORE
charter_fishing,fishing-charter,industry_charter_fishing,2,2,100.0,CORE
charter_fishing,fishing-charter,search_index,2,2,100.0,CORE
charter_fishing,fishing-charter,v_industry_facts_slugs,2,2,100.0,CORE
charter_fishing,fishing-charter,entity_theme,1,2,50.0,COMMON
charter_fishing,fishing-charter,recovery_import_log,1,2,50.0,COMMON
charter_fishing,fishing-charter,entity_conflicts,1,2,50.0,COMMON
food_beverage,pizza,entity,2,2,100.0,CORE
food_beverage,pizza,entity_completeness_v,2,2,100.0,CORE
food_beverage,pizza,industry_food_beverage,2,2,100.0,CORE
food_beverage,pizza,search_index,2,2,100.0,CORE
food_beverage,pizza,v_industry_facts_slugs,2,2,100.0,CORE
food_beverage,pizza,entity_theme,1,2,50.0,COMMON
food_beverage,pizza,recovery_import_log,1,2,50.0,COMMON
food_beverage,pizza,entity_conflicts,1,2,50.0,COMMON
retail,grocery,entity,2,2,100.0,CORE
retail,grocery,entity_completeness_v,2,2,100.0,CORE
retail,grocery,entity_theme,2,2,100.0,CORE
retail,grocery,industry_retail,2,2,100.0,CORE
retail,grocery,recovery_import_log,2,2,100.0,CORE
retail,grocery,search_index,2,2,100.0,CORE
retail,grocery,v_industry_facts_slugs,2,2,100.0,CORE
professional_service,financial-services,entity,2,2,100.0,CORE
professional_service,financial-services,entity_completeness_v,2,2,100.0,CORE
professional_service,financial-services,industry_professional_service,2,2,100.0,CORE
professional_service,financial-services,search_index,2,2,100.0,CORE
professional_service,financial-services,v_industry_facts_slugs,2,2,100.0,CORE
professional_service,financial-services,entity_theme,1,2,50.0,COMMON
professional_service,financial-services,recovery_import_log,1,2,50.0,COMMON
professional_service,financial-services,entity_conflicts,1,2,50.0,COMMON
outdoor_recreation,historic_site,entity,2,2,100.0,CORE
outdoor_recreation,historic_site,entity_completeness_v,2,2,100.0,CORE
outdoor_recreation,historic_site,entity_sources,2,2,100.0,CORE
outdoor_recreation,historic_site,entity_tags,2,2,100.0,CORE
outdoor_recreation,historic_site,entity_theme,2,2,100.0,CORE
outdoor_recreation,historic_site,search_index,2,2,100.0,CORE
tour_operator,(none),entity,2,2,100.0,CORE
tour_operator,(none),entity_completeness_v,2,2,100.0,CORE
food_beverage,Breakfast Restaurant, Lunch Restaurant, Diner,ai_data_completeness_audit_full,1,1,100.0,CORE
food_beverage,Breakfast Restaurant, Lunch Restaurant, Diner,ai_data_quality_audit,1,1,100.0,CORE
food_beverage,Breakfast Restaurant, Lunch Restaurant, Diner,ai_data_quality_issues,1,1,100.0,CORE
food_beverage,Breakfast Restaurant, Lunch Restaurant, Diner,ai_drink_item_tag_values,1,1,100.0,CORE
food_beverage,Breakfast Restaurant, Lunch Restaurant, Diner,ai_drink_item_tags,1,1,100.0,CORE
food_beverage,Breakfast Restaurant, Lunch Restaurant, Diner,ai_entity_intent_tags_full,1,1,100.0,CORE
food_beverage,Breakfast Restaurant, Lunch Restaurant, Diner,ai_entity_profiles_full,1,1,100.0,CORE
food_beverage,Breakfast Restaurant, Lunch Restaurant, Diner,ai_menu_item_tag_values,1,1,100.0,CORE
food_beverage,Breakfast Restaurant, Lunch Restaurant, Diner,ai_menu_item_tags,1,1,100.0,CORE
food_beverage,Breakfast Restaurant, Lunch Restaurant, Diner,ai_photo_index_full,1,1,100.0,CORE
food_beverage,Breakfast Restaurant, Lunch Restaurant, Diner,ai_planner_intent_tags,1,1,100.0,CORE
food_beverage,Breakfast Restaurant, Lunch Restaurant, Diner,ai_planner_profile_tags,1,1,100.0,CORE
food_beverage,Breakfast Restaurant, Lunch Restaurant, Diner,ai_planner_profiles,1,1,100.0,CORE
food_beverage,Breakfast Restaurant, Lunch Restaurant, Diner,ai_unified_search_items_full,1,1,100.0,CORE
food_beverage,Breakfast Restaurant, Lunch Restaurant, Diner,ai_voice_snippets,1,1,100.0,CORE
food_beverage,Breakfast Restaurant, Lunch Restaurant, Diner,catalog_items,1,1,100.0,CORE
food_beverage,Breakfast Restaurant, Lunch Restaurant, Diner,catalog_section_days,1,1,100.0,CORE
food_beverage,Breakfast Restaurant, Lunch Restaurant, Diner,catalog_sections,1,1,100.0,CORE
food_beverage,Breakfast Restaurant, Lunch Restaurant, Diner,drink_items,1,1,100.0,CORE
food_beverage,Breakfast Restaurant, Lunch Restaurant, Diner,drink_sections,1,1,100.0,CORE
food_beverage,Breakfast Restaurant, Lunch Restaurant, Diner,entity,1,1,100.0,CORE
food_beverage,Breakfast Restaurant, Lunch Restaurant, Diner,entity_completeness_v,1,1,100.0,CORE
food_beverage,Breakfast Restaurant, Lunch Restaurant, Diner,entity_conflicts,1,1,100.0,CORE
food_beverage,Breakfast Restaurant, Lunch Restaurant, Diner,entity_hours,1,1,100.0,CORE
food_beverage,Breakfast Restaurant, Lunch Restaurant, Diner,entity_items_norm_v,1,1,100.0,CORE
food_beverage,Breakfast Restaurant, Lunch Restaurant, Diner,entity_items_v,1,1,100.0,CORE
food_beverage,Breakfast Restaurant, Lunch Restaurant, Diner,entity_modules,1,1,100.0,CORE
food_beverage,Breakfast Restaurant, Lunch Restaurant, Diner,entity_offer,1,1,100.0,CORE
food_beverage,Breakfast Restaurant, Lunch Restaurant, Diner,entity_offer_section,1,1,100.0,CORE
food_beverage,Breakfast Restaurant, Lunch Restaurant, Diner,entity_photos,1,1,100.0,CORE
food_beverage,Breakfast Restaurant, Lunch Restaurant, Diner,entity_sources,1,1,100.0,CORE
food_beverage,Breakfast Restaurant, Lunch Restaurant, Diner,entity_tags,1,1,100.0,CORE
food_beverage,Breakfast Restaurant, Lunch Restaurant, Diner,entity_theme,1,1,100.0,CORE
food_beverage,Breakfast Restaurant, Lunch Restaurant, Diner,industry_food_beverage,1,1,100.0,CORE
food_beverage,Breakfast Restaurant, Lunch Restaurant, Diner,menu_items,1,1,100.0,CORE
food_beverage,Breakfast Restaurant, Lunch Restaurant, Diner,menu_section_days,1,1,100.0,CORE
food_beverage,Breakfast Restaurant, Lunch Restaurant, Diner,menu_section_details,1,1,100.0,CORE
food_beverage,Breakfast Restaurant, Lunch Restaurant, Diner,menu_sections,1,1,100.0,CORE
food_beverage,Breakfast Restaurant, Lunch Restaurant, Diner,search_index,1,1,100.0,CORE
food_beverage,Breakfast Restaurant, Lunch Restaurant, Diner,v_industry_facts_slugs,1,1,100.0,CORE
personal_care,medical-spa,catalog_items,1,1,100.0,CORE
personal_care,medical-spa,catalog_section_days,1,1,100.0,CORE
personal_care,medical-spa,catalog_sections,1,1,100.0,CORE
personal_care,medical-spa,entity,1,1,100.0,CORE
personal_care,medical-spa,entity_completeness_v,1,1,100.0,CORE
personal_care,medical-spa,entity_items_norm_v,1,1,100.0,CORE
personal_care,medical-spa,entity_items_v,1,1,100.0,CORE
personal_care,medical-spa,entity_offer,1,1,100.0,CORE
personal_care,medical-spa,entity_offer_section,1,1,100.0,CORE
personal_care,medical-spa,entity_theme,1,1,100.0,CORE
personal_care,medical-spa,industry_personal_care,1,1,100.0,CORE
personal_care,medical-spa,menu_items,1,1,100.0,CORE
personal_care,medical-spa,menu_section_days,1,1,100.0,CORE
personal_care,medical-spa,menu_section_details,1,1,100.0,CORE
personal_care,medical-spa,menu_sections,1,1,100.0,CORE
personal_care,medical-spa,recovery_import_log,1,1,100.0,CORE
personal_care,medical-spa,search_index,1,1,100.0,CORE
personal_care,medical-spa,v_industry_facts_slugs,1,1,100.0,CORE
food_beverage,seafood-restaurant,catalog_items,1,1,100.0,CORE
food_beverage,seafood-restaurant,catalog_section_days,1,1,100.0,CORE
food_beverage,seafood-restaurant,catalog_sections,1,1,100.0,CORE
food_beverage,seafood-restaurant,entity,1,1,100.0,CORE
food_beverage,seafood-restaurant,entity_address_areas,1,1,100.0,CORE
food_beverage,seafood-restaurant,entity_attributes,1,1,100.0,CORE
food_beverage,seafood-restaurant,entity_completeness_v,1,1,100.0,CORE
food_beverage,seafood-restaurant,entity_events,1,1,100.0,CORE
food_beverage,seafood-restaurant,entity_good_for,1,1,100.0,CORE
food_beverage,seafood-restaurant,entity_google_maps_links,1,1,100.0,CORE
food_beverage,seafood-restaurant,entity_google_reviews,1,1,100.0,CORE
food_beverage,seafood-restaurant,entity_highlights,1,1,100.0,CORE
food_beverage,seafood-restaurant,entity_hours,1,1,100.0,CORE
food_beverage,seafood-restaurant,entity_items_norm_v,1,1,100.0,CORE
food_beverage,seafood-restaurant,entity_items_v,1,1,100.0,CORE
food_beverage,seafood-restaurant,entity_modules,1,1,100.0,CORE
food_beverage,seafood-restaurant,entity_nearby_landmark_types,1,1,100.0,CORE
food_beverage,seafood-restaurant,entity_nearby_landmarks,1,1,100.0,CORE
food_beverage,seafood-restaurant,entity_offer,1,1,100.0,CORE
food_beverage,seafood-restaurant,entity_offer_section,1,1,100.0,CORE
food_beverage,seafood-restaurant,entity_photos,1,1,100.0,CORE
food_beverage,seafood-restaurant,entity_reviews,1,1,100.0,CORE
food_beverage,seafood-restaurant,entity_sections,1,1,100.0,CORE
food_beverage,seafood-restaurant,entity_tags,1,1,100.0,CORE
food_beverage,seafood-restaurant,entity_theme,1,1,100.0,CORE
food_beverage,seafood-restaurant,industry_food_beverage,1,1,100.0,CORE
food_beverage,seafood-restaurant,menu_items,1,1,100.0,CORE
food_beverage,seafood-restaurant,menu_section_days,1,1,100.0,CORE
food_beverage,seafood-restaurant,menu_section_details,1,1,100.0,CORE
food_beverage,seafood-restaurant,menu_sections,1,1,100.0,CORE
food_beverage,seafood-restaurant,recovery_import_log,1,1,100.0,CORE
food_beverage,seafood-restaurant,search_index,1,1,100.0,CORE
food_beverage,seafood-restaurant,v_industry_facts_slugs,1,1,100.0,CORE
food_beverage,wings_restaurant,ai_data_completeness_audit_full,1,1,100.0,CORE
food_beverage,wings_restaurant,ai_entity_intent_tags_full,1,1,100.0,CORE
food_beverage,wings_restaurant,ai_entity_profiles_full,1,1,100.0,CORE
food_beverage,wings_restaurant,ai_photo_index_full,1,1,100.0,CORE
food_beverage,wings_restaurant,ai_unified_search_items_full,1,1,100.0,CORE
food_beverage,wings_restaurant,catalog_items,1,1,100.0,CORE
food_beverage,wings_restaurant,catalog_section_days,1,1,100.0,CORE
food_beverage,wings_restaurant,catalog_sections,1,1,100.0,CORE
food_beverage,wings_restaurant,entity,1,1,100.0,CORE
food_beverage,wings_restaurant,entity_completeness_v,1,1,100.0,CORE
food_beverage,wings_restaurant,entity_good_for,1,1,100.0,CORE
food_beverage,wings_restaurant,entity_highlights,1,1,100.0,CORE
food_beverage,wings_restaurant,entity_hours,1,1,100.0,CORE
food_beverage,wings_restaurant,entity_items_norm_v,1,1,100.0,CORE
food_beverage,wings_restaurant,entity_items_v,1,1,100.0,CORE
food_beverage,wings_restaurant,entity_modules,1,1,100.0,CORE
food_beverage,wings_restaurant,entity_offer,1,1,100.0,CORE
food_beverage,wings_restaurant,entity_offer_section,1,1,100.0,CORE
food_beverage,wings_restaurant,entity_photos,1,1,100.0,CORE
food_beverage,wings_restaurant,entity_tags,1,1,100.0,CORE
food_beverage,wings_restaurant,entity_theme,1,1,100.0,CORE
food_beverage,wings_restaurant,industry_food_beverage,1,1,100.0,CORE
food_beverage,wings_restaurant,menu_items,1,1,100.0,CORE
food_beverage,wings_restaurant,menu_section_days,1,1,100.0,CORE
food_beverage,wings_restaurant,menu_section_details,1,1,100.0,CORE
food_beverage,wings_restaurant,menu_sections,1,1,100.0,CORE
food_beverage,wings_restaurant,search_index,1,1,100.0,CORE
food_beverage,wings_restaurant,v_industry_facts_slugs,1,1,100.0,CORE
cafe_dessert,chocolate_shop,ai_data_completeness_audit_full,1,1,100.0,CORE
cafe_dessert,chocolate_shop,ai_entity_intent_tags_full,1,1,100.0,CORE
cafe_dessert,chocolate_shop,ai_entity_profiles_full,1,1,100.0,CORE
cafe_dessert,chocolate_shop,ai_photo_index_full,1,1,100.0,CORE
cafe_dessert,chocolate_shop,ai_unified_search_items_full,1,1,100.0,CORE
cafe_dessert,chocolate_shop,catalog_items,1,1,100.0,CORE
cafe_dessert,chocolate_shop,catalog_section_days,1,1,100.0,CORE
cafe_dessert,chocolate_shop,catalog_sections,1,1,100.0,CORE
cafe_dessert,chocolate_shop,entity,1,1,100.0,CORE
cafe_dessert,chocolate_shop,entity_attributes,1,1,100.0,CORE
cafe_dessert,chocolate_shop,entity_completeness_v,1,1,100.0,CORE
cafe_dessert,chocolate_shop,entity_google_maps_links,1,1,100.0,CORE
cafe_dessert,chocolate_shop,entity_google_reviews,1,1,100.0,CORE
cafe_dessert,chocolate_shop,entity_hours,1,1,100.0,CORE
cafe_dessert,chocolate_shop,entity_items_norm_v,1,1,100.0,CORE
cafe_dessert,chocolate_shop,entity_items_v,1,1,100.0,CORE
cafe_dessert,chocolate_shop,entity_modules,1,1,100.0,CORE
cafe_dessert,chocolate_shop,entity_nearby_landmark_types,1,1,100.0,CORE
cafe_dessert,chocolate_shop,entity_nearby_landmarks,1,1,100.0,CORE
cafe_dessert,chocolate_shop,entity_offer,1,1,100.0,CORE
cafe_dessert,chocolate_shop,entity_offer_section,1,1,100.0,CORE
cafe_dessert,chocolate_shop,entity_photos,1,1,100.0,CORE
cafe_dessert,chocolate_shop,entity_reviews,1,1,100.0,CORE
cafe_dessert,chocolate_shop,entity_tags,1,1,100.0,CORE
cafe_dessert,chocolate_shop,entity_theme,1,1,100.0,CORE
cafe_dessert,chocolate_shop,industry_cafe_dessert,1,1,100.0,CORE
cafe_dessert,chocolate_shop,industry_food_beverage,1,1,100.0,CORE
cafe_dessert,chocolate_shop,legacy_photo_migration_queue,1,1,100.0,CORE
cafe_dessert,chocolate_shop,menu_items,1,1,100.0,CORE
cafe_dessert,chocolate_shop,menu_section_days,1,1,100.0,CORE
cafe_dessert,chocolate_shop,menu_section_details,1,1,100.0,CORE
cafe_dessert,chocolate_shop,menu_sections,1,1,100.0,CORE
cafe_dessert,chocolate_shop,search_index,1,1,100.0,CORE
cafe_dessert,chocolate_shop,v_industry_facts_slugs,1,1,100.0,CORE
golf,golf_simulator,ai_data_completeness_audit_full,1,1,100.0,CORE
golf,golf_simulator,ai_entity_intent_tags_full,1,1,100.0,CORE
golf,golf_simulator,ai_entity_profiles_full,1,1,100.0,CORE
golf,golf_simulator,ai_event_planner_index_full,1,1,100.0,CORE
golf,golf_simulator,ai_photo_index_full,1,1,100.0,CORE
golf,golf_simulator,ai_unified_search_items_full,1,1,100.0,CORE
golf,golf_simulator,catalog_items,1,1,100.0,CORE
golf,golf_simulator,catalog_section_days,1,1,100.0,CORE
golf,golf_simulator,catalog_sections,1,1,100.0,CORE
golf,golf_simulator,entity,1,1,100.0,CORE
golf,golf_simulator,entity_address_areas,1,1,100.0,CORE
golf,golf_simulator,entity_attributes,1,1,100.0,CORE
golf,golf_simulator,entity_completeness_v,1,1,100.0,CORE
golf,golf_simulator,entity_events,1,1,100.0,CORE
golf,golf_simulator,entity_google_maps_links,1,1,100.0,CORE
golf,golf_simulator,entity_google_reviews,1,1,100.0,CORE
golf,golf_simulator,entity_hours,1,1,100.0,CORE
golf,golf_simulator,entity_items_norm_v,1,1,100.0,CORE
golf,golf_simulator,entity_items_v,1,1,100.0,CORE
golf,golf_simulator,entity_modules,1,1,100.0,CORE
golf,golf_simulator,entity_nearby_landmark_types,1,1,100.0,CORE
golf,golf_simulator,entity_nearby_landmarks,1,1,100.0,CORE
golf,golf_simulator,entity_offer,1,1,100.0,CORE
golf,golf_simulator,entity_offer_section,1,1,100.0,CORE
golf,golf_simulator,entity_photos,1,1,100.0,CORE
golf,golf_simulator,entity_reviews,1,1,100.0,CORE
golf,golf_simulator,entity_sources,1,1,100.0,CORE
golf,golf_simulator,entity_tags,1,1,100.0,CORE
golf,golf_simulator,entity_theme,1,1,100.0,CORE
golf,golf_simulator,industry_food_beverage,1,1,100.0,CORE
golf,golf_simulator,industry_golf,1,1,100.0,CORE
golf,golf_simulator,legacy_photo_migration_queue,1,1,100.0,CORE
golf,golf_simulator,menu_items,1,1,100.0,CORE
golf,golf_simulator,menu_section_days,1,1,100.0,CORE
golf,golf_simulator,menu_section_details,1,1,100.0,CORE
golf,golf_simulator,menu_sections,1,1,100.0,CORE
golf,golf_simulator,offering_prices,1,1,100.0,CORE
golf,golf_simulator,offerings,1,1,100.0,CORE
golf,golf_simulator,search_index,1,1,100.0,CORE
golf,golf_simulator,tourist_seen,1,1,100.0,CORE
golf,golf_simulator,tourist_swipe_events,1,1,100.0,CORE
golf,golf_simulator,v_industry_facts_slugs,1,1,100.0,CORE
food_beverage,greek_restaurant,ai_data_completeness_audit_full,1,1,100.0,CORE
food_beverage,greek_restaurant,ai_entity_intent_tags_full,1,1,100.0,CORE
food_beverage,greek_restaurant,ai_entity_profiles_full,1,1,100.0,CORE
food_beverage,greek_restaurant,ai_photo_index_full,1,1,100.0,CORE
food_beverage,greek_restaurant,ai_unified_search_items_full,1,1,100.0,CORE
food_beverage,greek_restaurant,catalog_items,1,1,100.0,CORE
food_beverage,greek_restaurant,catalog_section_days,1,1,100.0,CORE
food_beverage,greek_restaurant,catalog_sections,1,1,100.0,CORE
food_beverage,greek_restaurant,entity,1,1,100.0,CORE
food_beverage,greek_restaurant,entity_address_areas,1,1,100.0,CORE
food_beverage,greek_restaurant,entity_attributes,1,1,100.0,CORE
food_beverage,greek_restaurant,entity_completeness_v,1,1,100.0,CORE
food_beverage,greek_restaurant,entity_google_maps_links,1,1,100.0,CORE
food_beverage,greek_restaurant,entity_google_reviews,1,1,100.0,CORE
food_beverage,greek_restaurant,entity_hours,1,1,100.0,CORE
food_beverage,greek_restaurant,entity_items_norm_v,1,1,100.0,CORE
food_beverage,greek_restaurant,entity_items_v,1,1,100.0,CORE
food_beverage,greek_restaurant,entity_modules,1,1,100.0,CORE
food_beverage,greek_restaurant,entity_nearby_landmark_types,1,1,100.0,CORE
food_beverage,greek_restaurant,entity_nearby_landmarks,1,1,100.0,CORE
food_beverage,greek_restaurant,entity_offer,1,1,100.0,CORE
food_beverage,greek_restaurant,entity_offer_section,1,1,100.0,CORE
food_beverage,greek_restaurant,entity_photos,1,1,100.0,CORE
food_beverage,greek_restaurant,entity_reviews,1,1,100.0,CORE
food_beverage,greek_restaurant,entity_tags,1,1,100.0,CORE
food_beverage,greek_restaurant,entity_theme,1,1,100.0,CORE
food_beverage,greek_restaurant,industry_food_beverage,1,1,100.0,CORE
food_beverage,greek_restaurant,legacy_photo_migration_queue,1,1,100.0,CORE
food_beverage,greek_restaurant,menu_items,1,1,100.0,CORE
food_beverage,greek_restaurant,menu_section_days,1,1,100.0,CORE
food_beverage,greek_restaurant,menu_section_details,1,1,100.0,CORE
food_beverage,greek_restaurant,menu_sections,1,1,100.0,CORE
food_beverage,greek_restaurant,search_index,1,1,100.0,CORE
food_beverage,greek_restaurant,v_industry_facts_slugs,1,1,100.0,CORE
cafe_dessert,juice_shop,ai_data_completeness_audit_full,1,1,100.0,CORE
cafe_dessert,juice_shop,ai_entity_intent_tags_full,1,1,100.0,CORE
cafe_dessert,juice_shop,ai_entity_profiles_full,1,1,100.0,CORE
cafe_dessert,juice_shop,ai_photo_index_full,1,1,100.0,CORE
cafe_dessert,juice_shop,ai_unified_search_items_full,1,1,100.0,CORE
cafe_dessert,juice_shop,catalog_items,1,1,100.0,CORE
cafe_dessert,juice_shop,catalog_section_days,1,1,100.0,CORE
cafe_dessert,juice_shop,catalog_sections,1,1,100.0,CORE
cafe_dessert,juice_shop,entity,1,1,100.0,CORE
cafe_dessert,juice_shop,entity_attributes,1,1,100.0,CORE
cafe_dessert,juice_shop,entity_completeness_v,1,1,100.0,CORE
cafe_dessert,juice_shop,entity_good_for,1,1,100.0,CORE
cafe_dessert,juice_shop,entity_google_maps_links,1,1,100.0,CORE
cafe_dessert,juice_shop,entity_google_reviews,1,1,100.0,CORE
cafe_dessert,juice_shop,entity_highlights,1,1,100.0,CORE
cafe_dessert,juice_shop,entity_hours,1,1,100.0,CORE
cafe_dessert,juice_shop,entity_items_norm_v,1,1,100.0,CORE
cafe_dessert,juice_shop,entity_items_v,1,1,100.0,CORE
cafe_dessert,juice_shop,entity_modules,1,1,100.0,CORE
cafe_dessert,juice_shop,entity_nearby_landmark_types,1,1,100.0,CORE
cafe_dessert,juice_shop,entity_nearby_landmarks,1,1,100.0,CORE
cafe_dessert,juice_shop,entity_offer,1,1,100.0,CORE
cafe_dessert,juice_shop,entity_offer_section,1,1,100.0,CORE
cafe_dessert,juice_shop,entity_photos,1,1,100.0,CORE
cafe_dessert,juice_shop,entity_reviews,1,1,100.0,CORE
cafe_dessert,juice_shop,entity_secondary_hours,1,1,100.0,CORE
cafe_dessert,juice_shop,entity_tags,1,1,100.0,CORE
cafe_dessert,juice_shop,entity_theme,1,1,100.0,CORE
cafe_dessert,juice_shop,industry_cafe_dessert,1,1,100.0,CORE
cafe_dessert,juice_shop,industry_food_beverage,1,1,100.0,CORE
cafe_dessert,juice_shop,menu_items,1,1,100.0,CORE
cafe_dessert,juice_shop,menu_section_days,1,1,100.0,CORE
cafe_dessert,juice_shop,menu_section_details,1,1,100.0,CORE
cafe_dessert,juice_shop,menu_sections,1,1,100.0,CORE
cafe_dessert,juice_shop,search_index,1,1,100.0,CORE
cafe_dessert,juice_shop,v_industry_facts_slugs,1,1,100.0,CORE
other,soul_food_restaurant,ai_data_completeness_audit_full,1,1,100.0,CORE
other,soul_food_restaurant,ai_entity_intent_tags_full,1,1,100.0,CORE
other,soul_food_restaurant,ai_entity_profiles_full,1,1,100.0,CORE
other,soul_food_restaurant,ai_photo_index_full,1,1,100.0,CORE
other,soul_food_restaurant,bookable_resources,1,1,100.0,CORE
other,soul_food_restaurant,bookable_resources_json_backup,1,1,100.0,CORE
other,soul_food_restaurant,entity,1,1,100.0,CORE
other,soul_food_restaurant,entity_attributes,1,1,100.0,CORE
other,soul_food_restaurant,entity_completeness_v,1,1,100.0,CORE
other,soul_food_restaurant,entity_google_maps_links,1,1,100.0,CORE
other,soul_food_restaurant,entity_google_reviews,1,1,100.0,CORE
other,soul_food_restaurant,entity_hours,1,1,100.0,CORE
other,soul_food_restaurant,entity_items_norm_v,1,1,100.0,CORE
other,soul_food_restaurant,entity_items_v,1,1,100.0,CORE
other,soul_food_restaurant,entity_modules,1,1,100.0,CORE
other,soul_food_restaurant,entity_nearby_landmark_types,1,1,100.0,CORE
other,soul_food_restaurant,entity_nearby_landmarks,1,1,100.0,CORE
other,soul_food_restaurant,entity_offer,1,1,100.0,CORE
other,soul_food_restaurant,entity_photos,1,1,100.0,CORE
other,soul_food_restaurant,entity_reviews,1,1,100.0,CORE
other,soul_food_restaurant,entity_secondary_hours,1,1,100.0,CORE
other,soul_food_restaurant,entity_tags,1,1,100.0,CORE
other,soul_food_restaurant,entity_theme,1,1,100.0,CORE
other,soul_food_restaurant,search_index,1,1,100.0,CORE
vacation_rental,residential-community,catalog_items,1,1,100.0,CORE
vacation_rental,residential-community,catalog_section_days,1,1,100.0,CORE
vacation_rental,residential-community,catalog_sections,1,1,100.0,CORE
vacation_rental,residential-community,entity,1,1,100.0,CORE
vacation_rental,residential-community,entity_completeness_v,1,1,100.0,CORE
vacation_rental,residential-community,entity_items_norm_v,1,1,100.0,CORE
vacation_rental,residential-community,entity_items_v,1,1,100.0,CORE
vacation_rental,residential-community,entity_offer,1,1,100.0,CORE
vacation_rental,residential-community,entity_offer_section,1,1,100.0,CORE
vacation_rental,residential-community,entity_theme,1,1,100.0,CORE
vacation_rental,residential-community,industry_vacation_rental,1,1,100.0,CORE
vacation_rental,residential-community,menu_items,1,1,100.0,CORE
vacation_rental,residential-community,menu_section_days,1,1,100.0,CORE
vacation_rental,residential-community,menu_section_details,1,1,100.0,CORE
vacation_rental,residential-community,menu_sections,1,1,100.0,CORE
vacation_rental,residential-community,recovery_import_log,1,1,100.0,CORE
vacation_rental,residential-community,search_index,1,1,100.0,CORE
vacation_rental,residential-community,v_industry_facts_slugs,1,1,100.0,CORE
other,health_food_store,ai_data_completeness_audit_full,1,1,100.0,CORE
other,health_food_store,ai_entity_intent_tags_full,1,1,100.0,CORE
other,health_food_store,ai_entity_profiles_full,1,1,100.0,CORE
other,health_food_store,ai_photo_index_full,1,1,100.0,CORE
other,health_food_store,bookable_resources,1,1,100.0,CORE
other,health_food_store,bookable_resources_json_backup,1,1,100.0,CORE
other,health_food_store,entity,1,1,100.0,CORE
other,health_food_store,entity_address_areas,1,1,100.0,CORE
other,health_food_store,entity_attributes,1,1,100.0,CORE
other,health_food_store,entity_completeness_v,1,1,100.0,CORE
other,health_food_store,entity_good_for,1,1,100.0,CORE
other,health_food_store,entity_google_maps_links,1,1,100.0,CORE
other,health_food_store,entity_google_reviews,1,1,100.0,CORE
other,health_food_store,entity_highlights,1,1,100.0,CORE
other,health_food_store,entity_hours,1,1,100.0,CORE
other,health_food_store,entity_items_norm_v,1,1,100.0,CORE
other,health_food_store,entity_items_v,1,1,100.0,CORE
other,health_food_store,entity_modules,1,1,100.0,CORE
other,health_food_store,entity_nearby_landmark_types,1,1,100.0,CORE
other,health_food_store,entity_nearby_landmarks,1,1,100.0,CORE
other,health_food_store,entity_offer,1,1,100.0,CORE
other,health_food_store,entity_photos,1,1,100.0,CORE
other,health_food_store,entity_reviews,1,1,100.0,CORE
other,health_food_store,entity_tags,1,1,100.0,CORE
other,health_food_store,entity_theme,1,1,100.0,CORE
other,health_food_store,search_index,1,1,100.0,CORE
other,vietnamese_restaurant,ai_data_completeness_audit_full,1,1,100.0,CORE
other,vietnamese_restaurant,ai_entity_intent_tags_full,1,1,100.0,CORE
other,vietnamese_restaurant,ai_entity_profiles_full,1,1,100.0,CORE
other,vietnamese_restaurant,ai_photo_index_full,1,1,100.0,CORE
other,vietnamese_restaurant,bookable_resources,1,1,100.0,CORE
other,vietnamese_restaurant,bookable_resources_json_backup,1,1,100.0,CORE
other,vietnamese_restaurant,entity,1,1,100.0,CORE
other,vietnamese_restaurant,entity_address_areas,1,1,100.0,CORE
other,vietnamese_restaurant,entity_attributes,1,1,100.0,CORE
other,vietnamese_restaurant,entity_completeness_v,1,1,100.0,CORE
other,vietnamese_restaurant,entity_google_maps_links,1,1,100.0,CORE
other,vietnamese_restaurant,entity_google_reviews,1,1,100.0,CORE
other,vietnamese_restaurant,entity_hours,1,1,100.0,CORE
other,vietnamese_restaurant,entity_items_norm_v,1,1,100.0,CORE
other,vietnamese_restaurant,entity_items_v,1,1,100.0,CORE
other,vietnamese_restaurant,entity_modules,1,1,100.0,CORE
other,vietnamese_restaurant,entity_nearby_landmark_types,1,1,100.0,CORE
other,vietnamese_restaurant,entity_nearby_landmarks,1,1,100.0,CORE
other,vietnamese_restaurant,entity_offer,1,1,100.0,CORE
other,vietnamese_restaurant,entity_photos,1,1,100.0,CORE
other,vietnamese_restaurant,entity_reviews,1,1,100.0,CORE
other,vietnamese_restaurant,entity_tags,1,1,100.0,CORE
other,vietnamese_restaurant,entity_theme,1,1,100.0,CORE
other,vietnamese_restaurant,search_index,1,1,100.0,CORE
other,family_restaurant,ai_data_completeness_audit_full,1,1,100.0,CORE
other,family_restaurant,ai_entity_intent_tags_full,1,1,100.0,CORE
other,family_restaurant,ai_entity_profiles_full,1,1,100.0,CORE
other,family_restaurant,ai_photo_index_full,1,1,100.0,CORE
other,family_restaurant,bookable_resources,1,1,100.0,CORE
other,family_restaurant,bookable_resources_json_backup,1,1,100.0,CORE
other,family_restaurant,entity,1,1,100.0,CORE
other,family_restaurant,entity_address_areas,1,1,100.0,CORE
other,family_restaurant,entity_attributes,1,1,100.0,CORE
other,family_restaurant,entity_completeness_v,1,1,100.0,CORE
other,family_restaurant,entity_google_maps_links,1,1,100.0,CORE
other,family_restaurant,entity_google_reviews,1,1,100.0,CORE
other,family_restaurant,entity_hours,1,1,100.0,CORE
other,family_restaurant,entity_items_norm_v,1,1,100.0,CORE
other,family_restaurant,entity_items_v,1,1,100.0,CORE
other,family_restaurant,entity_modules,1,1,100.0,CORE
other,family_restaurant,entity_nearby_landmark_types,1,1,100.0,CORE
other,family_restaurant,entity_nearby_landmarks,1,1,100.0,CORE
other,family_restaurant,entity_offer,1,1,100.0,CORE
other,family_restaurant,entity_photos,1,1,100.0,CORE
other,family_restaurant,entity_reviews,1,1,100.0,CORE
other,family_restaurant,entity_tags,1,1,100.0,CORE
other,family_restaurant,entity_theme,1,1,100.0,CORE
other,family_restaurant,search_index,1,1,100.0,CORE
other,korean_barbecue_restaurant,ai_data_completeness_audit_full,1,1,100.0,CORE
other,korean_barbecue_restaurant,ai_entity_intent_tags_full,1,1,100.0,CORE
other,korean_barbecue_restaurant,ai_entity_profiles_full,1,1,100.0,CORE
other,korean_barbecue_restaurant,ai_photo_index_full,1,1,100.0,CORE
other,korean_barbecue_restaurant,bookable_resources,1,1,100.0,CORE
other,korean_barbecue_restaurant,bookable_resources_json_backup,1,1,100.0,CORE
other,korean_barbecue_restaurant,entity,1,1,100.0,CORE
other,korean_barbecue_restaurant,entity_address_areas,1,1,100.0,CORE
other,korean_barbecue_restaurant,entity_attributes,1,1,100.0,CORE
other,korean_barbecue_restaurant,entity_completeness_v,1,1,100.0,CORE
other,korean_barbecue_restaurant,entity_google_maps_links,1,1,100.0,CORE
other,korean_barbecue_restaurant,entity_google_reviews,1,1,100.0,CORE
other,korean_barbecue_restaurant,entity_hours,1,1,100.0,CORE
other,korean_barbecue_restaurant,entity_items_norm_v,1,1,100.0,CORE
other,korean_barbecue_restaurant,entity_items_v,1,1,100.0,CORE
other,korean_barbecue_restaurant,entity_modules,1,1,100.0,CORE
other,korean_barbecue_restaurant,entity_nearby_landmark_types,1,1,100.0,CORE
other,korean_barbecue_restaurant,entity_nearby_landmarks,1,1,100.0,CORE
other,korean_barbecue_restaurant,entity_offer,1,1,100.0,CORE
other,korean_barbecue_restaurant,entity_photos,1,1,100.0,CORE
other,korean_barbecue_restaurant,entity_reviews,1,1,100.0,CORE
other,korean_barbecue_restaurant,entity_tags,1,1,100.0,CORE
other,korean_barbecue_restaurant,entity_theme,1,1,100.0,CORE
other,korean_barbecue_restaurant,search_index,1,1,100.0,CORE
food_beverage,food,ai_data_completeness_audit_full,1,1,100.0,CORE
food_beverage,food,ai_entity_intent_tags_full,1,1,100.0,CORE
food_beverage,food,ai_entity_profiles_full,1,1,100.0,CORE
food_beverage,food,ai_photo_index_full,1,1,100.0,CORE
food_beverage,food,catalog_items,1,1,100.0,CORE
food_beverage,food,catalog_section_days,1,1,100.0,CORE
food_beverage,food,catalog_sections,1,1,100.0,CORE
food_beverage,food,entity,1,1,100.0,CORE
food_beverage,food,entity_address_areas,1,1,100.0,CORE
food_beverage,food,entity_attributes,1,1,100.0,CORE
food_beverage,food,entity_completeness_v,1,1,100.0,CORE
food_beverage,food,entity_google_maps_links,1,1,100.0,CORE
food_beverage,food,entity_google_reviews,1,1,100.0,CORE
food_beverage,food,entity_hours,1,1,100.0,CORE
food_beverage,food,entity_items_norm_v,1,1,100.0,CORE
food_beverage,food,entity_items_v,1,1,100.0,CORE
food_beverage,food,entity_modules,1,1,100.0,CORE
food_beverage,food,entity_nearby_landmark_types,1,1,100.0,CORE
food_beverage,food,entity_nearby_landmarks,1,1,100.0,CORE
food_beverage,food,entity_offer,1,1,100.0,CORE
food_beverage,food,entity_offer_section,1,1,100.0,CORE
food_beverage,food,entity_photos,1,1,100.0,CORE
food_beverage,food,entity_reviews,1,1,100.0,CORE
food_beverage,food,entity_sources,1,1,100.0,CORE
food_beverage,food,entity_tags,1,1,100.0,CORE
food_beverage,food,entity_theme,1,1,100.0,CORE
food_beverage,food,industry_food_beverage,1,1,100.0,CORE
food_beverage,food,legacy_photo_migration_queue,1,1,100.0,CORE
food_beverage,food,menu_items,1,1,100.0,CORE
food_beverage,food,menu_section_days,1,1,100.0,CORE
food_beverage,food,menu_section_details,1,1,100.0,CORE
food_beverage,food,menu_sections,1,1,100.0,CORE
food_beverage,food,search_index,1,1,100.0,CORE
food_beverage,food,v_industry_facts_slugs,1,1,100.0,CORE
other,acai_shop,ai_data_completeness_audit_full,1,1,100.0,CORE
other,acai_shop,ai_entity_intent_tags_full,1,1,100.0,CORE
other,acai_shop,ai_entity_profiles_full,1,1,100.0,CORE
other,acai_shop,ai_photo_index_full,1,1,100.0,CORE
other,acai_shop,bookable_resources,1,1,100.0,CORE
other,acai_shop,bookable_resources_json_backup,1,1,100.0,CORE
other,acai_shop,entity,1,1,100.0,CORE
other,acai_shop,entity_address_areas,1,1,100.0,CORE
other,acai_shop,entity_attributes,1,1,100.0,CORE
other,acai_shop,entity_completeness_v,1,1,100.0,CORE
other,acai_shop,entity_google_maps_links,1,1,100.0,CORE
other,acai_shop,entity_google_reviews,1,1,100.0,CORE
other,acai_shop,entity_hours,1,1,100.0,CORE
other,acai_shop,entity_items_norm_v,1,1,100.0,CORE
other,acai_shop,entity_items_v,1,1,100.0,CORE
other,acai_shop,entity_modules,1,1,100.0,CORE
other,acai_shop,entity_nearby_landmark_types,1,1,100.0,CORE
other,acai_shop,entity_nearby_landmarks,1,1,100.0,CORE
other,acai_shop,entity_offer,1,1,100.0,CORE
other,acai_shop,entity_photos,1,1,100.0,CORE
other,acai_shop,entity_reviews,1,1,100.0,CORE
other,acai_shop,entity_tags,1,1,100.0,CORE
other,acai_shop,entity_theme,1,1,100.0,CORE
other,acai_shop,search_index,1,1,100.0,CORE
food_beverage,burger-restaurant,catalog_items,1,1,100.0,CORE
food_beverage,burger-restaurant,catalog_sections,1,1,100.0,CORE
food_beverage,burger-restaurant,drink_items,1,1,100.0,CORE
food_beverage,burger-restaurant,drink_sections,1,1,100.0,CORE
food_beverage,burger-restaurant,entity,1,1,100.0,CORE
food_beverage,burger-restaurant,entity_completeness_v,1,1,100.0,CORE
food_beverage,burger-restaurant,entity_hours,1,1,100.0,CORE
food_beverage,burger-restaurant,entity_items_norm_v,1,1,100.0,CORE
food_beverage,burger-restaurant,entity_items_v,1,1,100.0,CORE
food_beverage,burger-restaurant,entity_offer,1,1,100.0,CORE
food_beverage,burger-restaurant,entity_offer_section,1,1,100.0,CORE
food_beverage,burger-restaurant,entity_theme,1,1,100.0,CORE
food_beverage,burger-restaurant,industry_food_beverage,1,1,100.0,CORE
food_beverage,burger-restaurant,recovery_import_log,1,1,100.0,CORE
food_beverage,burger-restaurant,search_index,1,1,100.0,CORE
food_beverage,burger-restaurant,v_industry_facts_slugs,1,1,100.0,CORE
food_beverage,mediterranean_restaurant,ai_data_completeness_audit_full,1,1,100.0,CORE
food_beverage,mediterranean_restaurant,ai_entity_intent_tags_full,1,1,100.0,CORE
food_beverage,mediterranean_restaurant,ai_entity_profiles_full,1,1,100.0,CORE
food_beverage,mediterranean_restaurant,ai_photo_index_full,1,1,100.0,CORE
food_beverage,mediterranean_restaurant,entity,1,1,100.0,CORE
food_beverage,mediterranean_restaurant,entity_address_areas,1,1,100.0,CORE
food_beverage,mediterranean_restaurant,entity_attributes,1,1,100.0,CORE
food_beverage,mediterranean_restaurant,entity_completeness_v,1,1,100.0,CORE
food_beverage,mediterranean_restaurant,entity_google_maps_links,1,1,100.0,CORE
food_beverage,mediterranean_restaurant,entity_google_reviews,1,1,100.0,CORE
food_beverage,mediterranean_restaurant,entity_hours,1,1,100.0,CORE
food_beverage,mediterranean_restaurant,entity_modules,1,1,100.0,CORE
food_beverage,mediterranean_restaurant,entity_nearby_landmark_types,1,1,100.0,CORE
food_beverage,mediterranean_restaurant,entity_nearby_landmarks,1,1,100.0,CORE
food_beverage,mediterranean_restaurant,entity_photos,1,1,100.0,CORE
food_beverage,mediterranean_restaurant,entity_reviews,1,1,100.0,CORE
food_beverage,mediterranean_restaurant,entity_tags,1,1,100.0,CORE
food_beverage,mediterranean_restaurant,entity_theme,1,1,100.0,CORE
food_beverage,mediterranean_restaurant,industry_food_beverage,1,1,100.0,CORE
food_beverage,mediterranean_restaurant,search_index,1,1,100.0,CORE
food_beverage,mediterranean_restaurant,v_industry_facts_slugs,1,1,100.0,CORE
health_medical,medical,ai_data_completeness_audit_full,1,1,100.0,CORE
health_medical,medical,ai_entity_intent_tags_full,1,1,100.0,CORE
health_medical,medical,ai_entity_profiles_full,1,1,100.0,CORE
health_medical,medical,ai_photo_index_full,1,1,100.0,CORE
health_medical,medical,bookable_resources,1,1,100.0,CORE
health_medical,medical,bookable_resources_json_backup,1,1,100.0,CORE
health_medical,medical,entity,1,1,100.0,CORE
health_medical,medical,entity_completeness_v,1,1,100.0,CORE
health_medical,medical,entity_items_norm_v,1,1,100.0,CORE
health_medical,medical,entity_items_v,1,1,100.0,CORE
health_medical,medical,entity_modules,1,1,100.0,CORE
health_medical,medical,entity_offer,1,1,100.0,CORE
health_medical,medical,entity_photos,1,1,100.0,CORE
health_medical,medical,entity_tags,1,1,100.0,CORE
health_medical,medical,entity_theme,1,1,100.0,CORE
health_medical,medical,industry_health_medical,1,1,100.0,CORE
health_medical,medical,search_index,1,1,100.0,CORE
health_medical,medical,v_industry_facts_slugs,1,1,100.0,CORE
other,discount_supermarket,ai_data_completeness_audit_full,1,1,100.0,CORE
other,discount_supermarket,ai_entity_intent_tags_full,1,1,100.0,CORE
other,discount_supermarket,ai_entity_profiles_full,1,1,100.0,CORE
other,discount_supermarket,ai_photo_index_full,1,1,100.0,CORE
other,discount_supermarket,bookable_resources,1,1,100.0,CORE
other,discount_supermarket,bookable_resources_json_backup,1,1,100.0,CORE
other,discount_supermarket,entity,1,1,100.0,CORE
other,discount_supermarket,entity_address_areas,1,1,100.0,CORE
other,discount_supermarket,entity_attributes,1,1,100.0,CORE
other,discount_supermarket,entity_completeness_v,1,1,100.0,CORE
other,discount_supermarket,entity_google_maps_links,1,1,100.0,CORE
other,discount_supermarket,entity_google_reviews,1,1,100.0,CORE
other,discount_supermarket,entity_hours,1,1,100.0,CORE
other,discount_supermarket,entity_items_norm_v,1,1,100.0,CORE
other,discount_supermarket,entity_items_v,1,1,100.0,CORE
other,discount_supermarket,entity_modules,1,1,100.0,CORE
other,discount_supermarket,entity_nearby_landmark_types,1,1,100.0,CORE
other,discount_supermarket,entity_nearby_landmarks,1,1,100.0,CORE
other,discount_supermarket,entity_offer,1,1,100.0,CORE
other,discount_supermarket,entity_photos,1,1,100.0,CORE
other,discount_supermarket,entity_reviews,1,1,100.0,CORE
other,discount_supermarket,entity_tags,1,1,100.0,CORE
other,discount_supermarket,entity_theme,1,1,100.0,CORE
other,discount_supermarket,search_index,1,1,100.0,CORE
food_beverage,wine_bar,ai_data_completeness_audit_full,1,1,100.0,CORE
food_beverage,wine_bar,ai_entity_intent_tags_full,1,1,100.0,CORE
food_beverage,wine_bar,ai_entity_profiles_full,1,1,100.0,CORE
food_beverage,wine_bar,ai_photo_index_full,1,1,100.0,CORE
food_beverage,wine_bar,entity,1,1,100.0,CORE
food_beverage,wine_bar,entity_attributes,1,1,100.0,CORE
food_beverage,wine_bar,entity_completeness_v,1,1,100.0,CORE
food_beverage,wine_bar,entity_google_maps_links,1,1,100.0,CORE
food_beverage,wine_bar,entity_google_reviews,1,1,100.0,CORE
food_beverage,wine_bar,entity_hours,1,1,100.0,CORE
food_beverage,wine_bar,entity_modules,1,1,100.0,CORE
food_beverage,wine_bar,entity_nearby_landmark_types,1,1,100.0,CORE
food_beverage,wine_bar,entity_nearby_landmarks,1,1,100.0,CORE
food_beverage,wine_bar,entity_photos,1,1,100.0,CORE
food_beverage,wine_bar,entity_reviews,1,1,100.0,CORE
food_beverage,wine_bar,entity_tags,1,1,100.0,CORE
food_beverage,wine_bar,entity_theme,1,1,100.0,CORE
food_beverage,wine_bar,industry_food_beverage,1,1,100.0,CORE
food_beverage,wine_bar,search_index,1,1,100.0,CORE
food_beverage,wine_bar,v_industry_facts_slugs,1,1,100.0,CORE
other,physiotherapist,ai_data_completeness_audit_full,1,1,100.0,CORE
other,physiotherapist,ai_entity_intent_tags_full,1,1,100.0,CORE
other,physiotherapist,ai_entity_profiles_full,1,1,100.0,CORE
other,physiotherapist,ai_photo_index_full,1,1,100.0,CORE
other,physiotherapist,bookable_resources,1,1,100.0,CORE
other,physiotherapist,bookable_resources_json_backup,1,1,100.0,CORE
other,physiotherapist,entity,1,1,100.0,CORE
other,physiotherapist,entity_address_areas,1,1,100.0,CORE
other,physiotherapist,entity_attributes,1,1,100.0,CORE
other,physiotherapist,entity_completeness_v,1,1,100.0,CORE
other,physiotherapist,entity_google_maps_links,1,1,100.0,CORE
other,physiotherapist,entity_google_reviews,1,1,100.0,CORE
other,physiotherapist,entity_hours,1,1,100.0,CORE
other,physiotherapist,entity_items_norm_v,1,1,100.0,CORE
other,physiotherapist,entity_items_v,1,1,100.0,CORE
other,physiotherapist,entity_modules,1,1,100.0,CORE
other,physiotherapist,entity_nearby_landmark_types,1,1,100.0,CORE
other,physiotherapist,entity_nearby_landmarks,1,1,100.0,CORE
other,physiotherapist,entity_offer,1,1,100.0,CORE
other,physiotherapist,entity_photos,1,1,100.0,CORE
other,physiotherapist,entity_reviews,1,1,100.0,CORE
other,physiotherapist,entity_tags,1,1,100.0,CORE
other,physiotherapist,entity_theme,1,1,100.0,CORE
other,physiotherapist,search_index,1,1,100.0,CORE
food_beverage,deli,ai_data_completeness_audit_full,1,1,100.0,CORE
food_beverage,deli,ai_entity_intent_tags_full,1,1,100.0,CORE
food_beverage,deli,ai_entity_profiles_full,1,1,100.0,CORE
food_beverage,deli,ai_photo_index_full,1,1,100.0,CORE
food_beverage,deli,entity,1,1,100.0,CORE
food_beverage,deli,entity_address_areas,1,1,100.0,CORE
food_beverage,deli,entity_attributes,1,1,100.0,CORE
food_beverage,deli,entity_completeness_v,1,1,100.0,CORE
food_beverage,deli,entity_google_maps_links,1,1,100.0,CORE
food_beverage,deli,entity_google_reviews,1,1,100.0,CORE
food_beverage,deli,entity_hours,1,1,100.0,CORE
food_beverage,deli,entity_modules,1,1,100.0,CORE
food_beverage,deli,entity_nearby_landmark_types,1,1,100.0,CORE
food_beverage,deli,entity_nearby_landmarks,1,1,100.0,CORE
food_beverage,deli,entity_photos,1,1,100.0,CORE
food_beverage,deli,entity_reviews,1,1,100.0,CORE
food_beverage,deli,entity_tags,1,1,100.0,CORE
food_beverage,deli,entity_theme,1,1,100.0,CORE
food_beverage,deli,industry_food_beverage,1,1,100.0,CORE
food_beverage,deli,legacy_photo_migration_queue,1,1,100.0,CORE
food_beverage,deli,search_index,1,1,100.0,CORE
food_beverage,deli,v_industry_facts_slugs,1,1,100.0,CORE
entertainment_venue,adventure_sports_center,ai_data_completeness_audit_full,1,1,100.0,CORE
entertainment_venue,adventure_sports_center,ai_entity_intent_tags_full,1,1,100.0,CORE
entertainment_venue,adventure_sports_center,ai_entity_profiles_full,1,1,100.0,CORE
entertainment_venue,adventure_sports_center,ai_photo_index_full,1,1,100.0,CORE
entertainment_venue,adventure_sports_center,entity,1,1,100.0,CORE
entertainment_venue,adventure_sports_center,entity_address_areas,1,1,100.0,CORE
entertainment_venue,adventure_sports_center,entity_attributes,1,1,100.0,CORE
entertainment_venue,adventure_sports_center,entity_completeness_v,1,1,100.0,CORE
entertainment_venue,adventure_sports_center,entity_google_maps_links,1,1,100.0,CORE
entertainment_venue,adventure_sports_center,entity_google_reviews,1,1,100.0,CORE
entertainment_venue,adventure_sports_center,entity_hours,1,1,100.0,CORE
entertainment_venue,adventure_sports_center,entity_items_norm_v,1,1,100.0,CORE
entertainment_venue,adventure_sports_center,entity_items_v,1,1,100.0,CORE
entertainment_venue,adventure_sports_center,entity_modules,1,1,100.0,CORE
entertainment_venue,adventure_sports_center,entity_nearby_landmark_types,1,1,100.0,CORE
entertainment_venue,adventure_sports_center,entity_nearby_landmarks,1,1,100.0,CORE
entertainment_venue,adventure_sports_center,entity_offer,1,1,100.0,CORE
entertainment_venue,adventure_sports_center,entity_photos,1,1,100.0,CORE
entertainment_venue,adventure_sports_center,entity_reviews,1,1,100.0,CORE
entertainment_venue,adventure_sports_center,entity_section_items,1,1,100.0,CORE
entertainment_venue,adventure_sports_center,entity_sections,1,1,100.0,CORE
entertainment_venue,adventure_sports_center,entity_seo_keywords,1,1,100.0,CORE
entertainment_venue,adventure_sports_center,entity_sources,1,1,100.0,CORE
entertainment_venue,adventure_sports_center,entity_tags,1,1,100.0,CORE
entertainment_venue,adventure_sports_center,entity_theme,1,1,100.0,CORE
entertainment_venue,adventure_sports_center,industry_entertainment_venue,1,1,100.0,CORE
entertainment_venue,adventure_sports_center,offering_prices,1,1,100.0,CORE
entertainment_venue,adventure_sports_center,offerings,1,1,100.0,CORE
entertainment_venue,adventure_sports_center,search_index,1,1,100.0,CORE
entertainment_venue,adventure_sports_center,v_industry_facts_slugs,1,1,100.0,CORE
cafe_dessert,confectionery,ai_data_completeness_audit_full,1,1,100.0,CORE
cafe_dessert,confectionery,ai_entity_intent_tags_full,1,1,100.0,CORE
cafe_dessert,confectionery,ai_entity_profiles_full,1,1,100.0,CORE
cafe_dessert,confectionery,ai_photo_index_full,1,1,100.0,CORE
cafe_dessert,confectionery,ai_unified_search_items_full,1,1,100.0,CORE
cafe_dessert,confectionery,bookable_resources,1,1,100.0,CORE
cafe_dessert,confectionery,bookable_resources_json_backup,1,1,100.0,CORE
cafe_dessert,confectionery,catalog_items,1,1,100.0,CORE
cafe_dessert,confectionery,catalog_section_days,1,1,100.0,CORE
cafe_dessert,confectionery,catalog_sections,1,1,100.0,CORE
cafe_dessert,confectionery,entity,1,1,100.0,CORE
cafe_dessert,confectionery,entity_completeness_v,1,1,100.0,CORE
cafe_dessert,confectionery,entity_hours,1,1,100.0,CORE
cafe_dessert,confectionery,entity_items_norm_v,1,1,100.0,CORE
cafe_dessert,confectionery,entity_items_v,1,1,100.0,CORE
cafe_dessert,confectionery,entity_offer,1,1,100.0,CORE
cafe_dessert,confectionery,entity_offer_section,1,1,100.0,CORE
cafe_dessert,confectionery,entity_photos,1,1,100.0,CORE
cafe_dessert,confectionery,entity_tags,1,1,100.0,CORE
cafe_dessert,confectionery,entity_theme,1,1,100.0,CORE
cafe_dessert,confectionery,industry_cafe_dessert,1,1,100.0,CORE
cafe_dessert,confectionery,menu_items,1,1,100.0,CORE
cafe_dessert,confectionery,menu_section_days,1,1,100.0,CORE
cafe_dessert,confectionery,menu_section_details,1,1,100.0,CORE
cafe_dessert,confectionery,menu_sections,1,1,100.0,CORE
cafe_dessert,confectionery,search_index,1,1,100.0,CORE
cafe_dessert,confectionery,v_industry_facts_slugs,1,1,100.0,CORE
other,parking_garage,ai_data_completeness_audit_full,1,1,100.0,CORE
other,parking_garage,ai_entity_intent_tags_full,1,1,100.0,CORE
other,parking_garage,ai_entity_profiles_full,1,1,100.0,CORE
other,parking_garage,bookable_resources,1,1,100.0,CORE
other,parking_garage,bookable_resources_json_backup,1,1,100.0,CORE
other,parking_garage,entity,1,1,100.0,CORE
other,parking_garage,entity_address_areas,1,1,100.0,CORE
other,parking_garage,entity_attributes,1,1,100.0,CORE
other,parking_garage,entity_google_maps_links,1,1,100.0,CORE
other,parking_garage,entity_google_reviews,1,1,100.0,CORE
other,parking_garage,entity_items_norm_v,1,1,100.0,CORE
other,parking_garage,entity_items_v,1,1,100.0,CORE
other,parking_garage,entity_nearby_landmark_types,1,1,100.0,CORE
other,parking_garage,entity_nearby_landmarks,1,1,100.0,CORE
other,parking_garage,entity_offer,1,1,100.0,CORE
other,parking_garage,entity_photos,1,1,100.0,CORE
other,parking_garage,entity_reviews,1,1,100.0,CORE
other,parking_garage,entity_tags,1,1,100.0,CORE
other,parking_garage,entity_theme,1,1,100.0,CORE
other,parking_garage,search_index,1,1,100.0,CORE
health_medical,medical_center,ai_data_completeness_audit_full,1,1,100.0,CORE
health_medical,medical_center,ai_entity_intent_tags_full,1,1,100.0,CORE
health_medical,medical_center,ai_entity_profiles_full,1,1,100.0,CORE
health_medical,medical_center,ai_photo_index_full,1,1,100.0,CORE
health_medical,medical_center,bookable_resources,1,1,100.0,CORE
health_medical,medical_center,bookable_resources_json_backup,1,1,100.0,CORE
health_medical,medical_center,entity,1,1,100.0,CORE
health_medical,medical_center,entity_attributes,1,1,100.0,CORE
health_medical,medical_center,entity_completeness_v,1,1,100.0,CORE
health_medical,medical_center,entity_google_maps_links,1,1,100.0,CORE
health_medical,medical_center,entity_google_reviews,1,1,100.0,CORE
health_medical,medical_center,entity_hours,1,1,100.0,CORE
health_medical,medical_center,entity_items_norm_v,1,1,100.0,CORE
health_medical,medical_center,entity_items_v,1,1,100.0,CORE
health_medical,medical_center,entity_modules,1,1,100.0,CORE
health_medical,medical_center,entity_nearby_landmark_types,1,1,100.0,CORE
health_medical,medical_center,entity_nearby_landmarks,1,1,100.0,CORE
health_medical,medical_center,entity_offer,1,1,100.0,CORE
health_medical,medical_center,entity_photos,1,1,100.0,CORE
health_medical,medical_center,entity_reviews,1,1,100.0,CORE
health_medical,medical_center,entity_seo,1,1,100.0,CORE
health_medical,medical_center,entity_sources,1,1,100.0,CORE
health_medical,medical_center,entity_tags,1,1,100.0,CORE
health_medical,medical_center,entity_theme,1,1,100.0,CORE
health_medical,medical_center,health_medical_services,1,1,100.0,CORE
health_medical,medical_center,industry_health_medical,1,1,100.0,CORE
health_medical,medical_center,search_index,1,1,100.0,CORE
health_medical,medical_center,service_menu,1,1,100.0,CORE
health_medical,medical_center,v_industry_facts_slugs,1,1,100.0,CORE
entertainment_venue,indoor_playground,ai_data_completeness_audit_full,1,1,100.0,CORE
entertainment_venue,indoor_playground,ai_entity_intent_tags_full,1,1,100.0,CORE
entertainment_venue,indoor_playground,ai_entity_profiles_full,1,1,100.0,CORE
entertainment_venue,indoor_playground,ai_photo_index_full,1,1,100.0,CORE
entertainment_venue,indoor_playground,bookable_resources,1,1,100.0,CORE
entertainment_venue,indoor_playground,bookable_resources_json_backup,1,1,100.0,CORE
entertainment_venue,indoor_playground,entity,1,1,100.0,CORE
entertainment_venue,indoor_playground,entity_address_areas,1,1,100.0,CORE
entertainment_venue,indoor_playground,entity_attributes,1,1,100.0,CORE
entertainment_venue,indoor_playground,entity_completeness_v,1,1,100.0,CORE
entertainment_venue,indoor_playground,entity_google_maps_links,1,1,100.0,CORE
entertainment_venue,indoor_playground,entity_google_reviews,1,1,100.0,CORE
entertainment_venue,indoor_playground,entity_hours,1,1,100.0,CORE
entertainment_venue,indoor_playground,entity_items_norm_v,1,1,100.0,CORE
entertainment_venue,indoor_playground,entity_items_v,1,1,100.0,CORE
entertainment_venue,indoor_playground,entity_modules,1,1,100.0,CORE
entertainment_venue,indoor_playground,entity_nearby_landmark_types,1,1,100.0,CORE
entertainment_venue,indoor_playground,entity_nearby_landmarks,1,1,100.0,CORE
entertainment_venue,indoor_playground,entity_offer,1,1,100.0,CORE
entertainment_venue,indoor_playground,entity_photos,1,1,100.0,CORE
entertainment_venue,indoor_playground,entity_reviews,1,1,100.0,CORE
entertainment_venue,indoor_playground,entity_tags,1,1,100.0,CORE
entertainment_venue,indoor_playground,entity_theme,1,1,100.0,CORE
entertainment_venue,indoor_playground,industry_entertainment_venue,1,1,100.0,CORE
entertainment_venue,indoor_playground,search_index,1,1,100.0,CORE
entertainment_venue,indoor_playground,v_industry_facts_slugs,1,1,100.0,CORE
other,movie-theatre,catalog_items,1,1,100.0,CORE
other,movie-theatre,catalog_section_days,1,1,100.0,CORE
other,movie-theatre,catalog_sections,1,1,100.0,CORE
other,movie-theatre,entity,1,1,100.0,CORE
other,movie-theatre,entity_completeness_v,1,1,100.0,CORE
other,movie-theatre,entity_items_norm_v,1,1,100.0,CORE
other,movie-theatre,entity_items_v,1,1,100.0,CORE
other,movie-theatre,entity_offer,1,1,100.0,CORE
other,movie-theatre,entity_offer_section,1,1,100.0,CORE
other,movie-theatre,entity_theme,1,1,100.0,CORE
other,movie-theatre,menu_items,1,1,100.0,CORE
other,movie-theatre,menu_section_days,1,1,100.0,CORE
other,movie-theatre,menu_section_details,1,1,100.0,CORE
other,movie-theatre,menu_sections,1,1,100.0,CORE
other,movie-theatre,recovery_import_log,1,1,100.0,CORE
other,movie-theatre,search_index,1,1,100.0,CORE
retail,indoor-playground,ai_data_completeness_audit_full,1,1,100.0,CORE
retail,indoor-playground,ai_entity_intent_tags_full,1,1,100.0,CORE
retail,indoor-playground,ai_entity_profiles_full,1,1,100.0,CORE
retail,indoor-playground,entity,1,1,100.0,CORE
retail,indoor-playground,entity_completeness_v,1,1,100.0,CORE
retail,indoor-playground,entity_tags,1,1,100.0,CORE
retail,indoor-playground,entity_theme,1,1,100.0,CORE
retail,indoor-playground,industry_retail,1,1,100.0,CORE
retail,indoor-playground,search_index,1,1,100.0,CORE
retail,indoor-playground,v_industry_facts_slugs,1,1,100.0,CORE
food_beverage,tex_mex_restaurant,ai_data_completeness_audit_full,1,1,100.0,CORE
food_beverage,tex_mex_restaurant,ai_entity_intent_tags_full,1,1,100.0,CORE
food_beverage,tex_mex_restaurant,ai_entity_profiles_full,1,1,100.0,CORE
food_beverage,tex_mex_restaurant,ai_photo_index_full,1,1,100.0,CORE
food_beverage,tex_mex_restaurant,entity,1,1,100.0,CORE
food_beverage,tex_mex_restaurant,entity_attributes,1,1,100.0,CORE
food_beverage,tex_mex_restaurant,entity_completeness_v,1,1,100.0,CORE
food_beverage,tex_mex_restaurant,entity_google_maps_links,1,1,100.0,CORE
food_beverage,tex_mex_restaurant,entity_google_reviews,1,1,100.0,CORE
food_beverage,tex_mex_restaurant,entity_hours,1,1,100.0,CORE
food_beverage,tex_mex_restaurant,entity_modules,1,1,100.0,CORE
food_beverage,tex_mex_restaurant,entity_nearby_landmark_types,1,1,100.0,CORE
food_beverage,tex_mex_restaurant,entity_nearby_landmarks,1,1,100.0,CORE
food_beverage,tex_mex_restaurant,entity_photos,1,1,100.0,CORE
food_beverage,tex_mex_restaurant,entity_reviews,1,1,100.0,CORE
food_beverage,tex_mex_restaurant,entity_tags,1,1,100.0,CORE
food_beverage,tex_mex_restaurant,entity_theme,1,1,100.0,CORE
food_beverage,tex_mex_restaurant,industry_food_beverage,1,1,100.0,CORE
food_beverage,tex_mex_restaurant,legacy_photo_migration_queue,1,1,100.0,CORE
food_beverage,tex_mex_restaurant,search_index,1,1,100.0,CORE
food_beverage,tex_mex_restaurant,v_industry_facts_slugs,1,1,100.0,CORE
other,bus_stop,ai_data_completeness_audit_full,1,1,100.0,CORE
other,bus_stop,ai_entity_intent_tags_full,1,1,100.0,CORE
other,bus_stop,ai_entity_profiles_full,1,1,100.0,CORE
other,bus_stop,ai_photo_index_full,1,1,100.0,CORE
other,bus_stop,bookable_resources,1,1,100.0,CORE
other,bus_stop,bookable_resources_json_backup,1,1,100.0,CORE
other,bus_stop,entity,1,1,100.0,CORE
other,bus_stop,entity_address_areas,1,1,100.0,CORE
other,bus_stop,entity_attributes,1,1,100.0,CORE
other,bus_stop,entity_completeness_v,1,1,100.0,CORE
other,bus_stop,entity_google_maps_links,1,1,100.0,CORE
other,bus_stop,entity_google_reviews,1,1,100.0,CORE
other,bus_stop,entity_items_norm_v,1,1,100.0,CORE
other,bus_stop,entity_items_v,1,1,100.0,CORE
other,bus_stop,entity_nearby_landmark_types,1,1,100.0,CORE
other,bus_stop,entity_nearby_landmarks,1,1,100.0,CORE
other,bus_stop,entity_offer,1,1,100.0,CORE
other,bus_stop,entity_photos,1,1,100.0,CORE
other,bus_stop,entity_reviews,1,1,100.0,CORE
other,bus_stop,entity_tags,1,1,100.0,CORE
other,bus_stop,entity_theme,1,1,100.0,CORE
other,bus_stop,search_index,1,1,100.0,CORE
other,garden,ai_data_completeness_audit_full,1,1,100.0,CORE
other,garden,ai_entity_intent_tags_full,1,1,100.0,CORE
other,garden,ai_entity_profiles_full,1,1,100.0,CORE
other,garden,ai_photo_index_full,1,1,100.0,CORE
other,garden,bookable_resources,1,1,100.0,CORE
other,garden,bookable_resources_json_backup,1,1,100.0,CORE
other,garden,entity,1,1,100.0,CORE
other,garden,entity_address_areas,1,1,100.0,CORE
other,garden,entity_attributes,1,1,100.0,CORE
other,garden,entity_completeness_v,1,1,100.0,CORE
other,garden,entity_conflicts,1,1,100.0,CORE
other,garden,entity_google_maps_links,1,1,100.0,CORE
other,garden,entity_google_reviews,1,1,100.0,CORE
other,garden,entity_hours,1,1,100.0,CORE
other,garden,entity_items_norm_v,1,1,100.0,CORE
other,garden,entity_items_v,1,1,100.0,CORE
other,garden,entity_modules,1,1,100.0,CORE
other,garden,entity_nearby_landmarks,1,1,100.0,CORE
other,garden,entity_offer,1,1,100.0,CORE
other,garden,entity_photos,1,1,100.0,CORE
other,garden,entity_reviews,1,1,100.0,CORE
other,garden,entity_sources,1,1,100.0,CORE
other,garden,entity_tags,1,1,100.0,CORE
other,garden,entity_theme,1,1,100.0,CORE
other,garden,search_index,1,1,100.0,CORE
entertainment_venue,ferris_wheel,ai_data_completeness_audit_full,1,1,100.0,CORE
entertainment_venue,ferris_wheel,ai_entity_intent_tags_full,1,1,100.0,CORE
entertainment_venue,ferris_wheel,ai_entity_profiles_full,1,1,100.0,CORE
entertainment_venue,ferris_wheel,ai_photo_index_full,1,1,100.0,CORE
entertainment_venue,ferris_wheel,entity,1,1,100.0,CORE
entertainment_venue,ferris_wheel,entity_address_areas,1,1,100.0,CORE
entertainment_venue,ferris_wheel,entity_attributes,1,1,100.0,CORE
entertainment_venue,ferris_wheel,entity_completeness_v,1,1,100.0,CORE
entertainment_venue,ferris_wheel,entity_google_maps_links,1,1,100.0,CORE
entertainment_venue,ferris_wheel,entity_google_reviews,1,1,100.0,CORE
entertainment_venue,ferris_wheel,entity_hours,1,1,100.0,CORE
entertainment_venue,ferris_wheel,entity_items_norm_v,1,1,100.0,CORE
entertainment_venue,ferris_wheel,entity_items_v,1,1,100.0,CORE
entertainment_venue,ferris_wheel,entity_modules,1,1,100.0,CORE
entertainment_venue,ferris_wheel,entity_nearby_landmark_types,1,1,100.0,CORE
entertainment_venue,ferris_wheel,entity_nearby_landmarks,1,1,100.0,CORE
entertainment_venue,ferris_wheel,entity_offer,1,1,100.0,CORE
entertainment_venue,ferris_wheel,entity_photos,1,1,100.0,CORE
entertainment_venue,ferris_wheel,entity_reviews,1,1,100.0,CORE
entertainment_venue,ferris_wheel,entity_section_items,1,1,100.0,CORE
entertainment_venue,ferris_wheel,entity_sections,1,1,100.0,CORE
entertainment_venue,ferris_wheel,entity_seo,1,1,100.0,CORE
entertainment_venue,ferris_wheel,entity_sources,1,1,100.0,CORE
entertainment_venue,ferris_wheel,entity_tags,1,1,100.0,CORE
entertainment_venue,ferris_wheel,entity_theme,1,1,100.0,CORE
entertainment_venue,ferris_wheel,industry_entertainment_venue,1,1,100.0,CORE
entertainment_venue,ferris_wheel,offering_prices,1,1,100.0,CORE
entertainment_venue,ferris_wheel,offerings,1,1,100.0,CORE
entertainment_venue,ferris_wheel,offerings_details_backup,1,1,100.0,CORE
entertainment_venue,ferris_wheel,search_index,1,1,100.0,CORE
entertainment_venue,ferris_wheel,v_industry_facts_slugs,1,1,100.0,CORE
food_beverage,winery,ai_data_completeness_audit_full,1,1,100.0,CORE
food_beverage,winery,ai_entity_intent_tags_full,1,1,100.0,CORE
food_beverage,winery,ai_entity_profiles_full,1,1,100.0,CORE
food_beverage,winery,ai_photo_index_full,1,1,100.0,CORE
food_beverage,winery,entity,1,1,100.0,CORE
food_beverage,winery,entity_attributes,1,1,100.0,CORE
food_beverage,winery,entity_completeness_v,1,1,100.0,CORE
food_beverage,winery,entity_google_maps_links,1,1,100.0,CORE
food_beverage,winery,entity_google_reviews,1,1,100.0,CORE
food_beverage,winery,entity_hours,1,1,100.0,CORE
food_beverage,winery,entity_modules,1,1,100.0,CORE
food_beverage,winery,entity_nearby_landmark_types,1,1,100.0,CORE
food_beverage,winery,entity_nearby_landmarks,1,1,100.0,CORE
food_beverage,winery,entity_photos,1,1,100.0,CORE
food_beverage,winery,entity_reviews,1,1,100.0,CORE
food_beverage,winery,entity_tags,1,1,100.0,CORE
food_beverage,winery,entity_theme,1,1,100.0,CORE
food_beverage,winery,industry_food_beverage,1,1,100.0,CORE
food_beverage,winery,search_index,1,1,100.0,CORE
food_beverage,winery,v_industry_facts_slugs,1,1,100.0,CORE
other,food_delivery,ai_data_completeness_audit_full,1,1,100.0,CORE
other,food_delivery,ai_entity_intent_tags_full,1,1,100.0,CORE
other,food_delivery,ai_entity_profiles_full,1,1,100.0,CORE
other,food_delivery,ai_photo_index_full,1,1,100.0,CORE
other,food_delivery,bookable_resources,1,1,100.0,CORE
other,food_delivery,bookable_resources_json_backup,1,1,100.0,CORE
other,food_delivery,entity,1,1,100.0,CORE
other,food_delivery,entity_attributes,1,1,100.0,CORE
other,food_delivery,entity_completeness_v,1,1,100.0,CORE
other,food_delivery,entity_google_maps_links,1,1,100.0,CORE
other,food_delivery,entity_google_reviews,1,1,100.0,CORE
other,food_delivery,entity_hours,1,1,100.0,CORE
other,food_delivery,entity_items_norm_v,1,1,100.0,CORE
other,food_delivery,entity_items_v,1,1,100.0,CORE
other,food_delivery,entity_modules,1,1,100.0,CORE
other,food_delivery,entity_offer,1,1,100.0,CORE
other,food_delivery,entity_photos,1,1,100.0,CORE
other,food_delivery,entity_reviews,1,1,100.0,CORE
other,food_delivery,entity_tags,1,1,100.0,CORE
other,food_delivery,entity_theme,1,1,100.0,CORE
other,food_delivery,search_index,1,1,100.0,CORE
other,water_park,ai_data_completeness_audit_full,1,1,100.0,CORE
other,water_park,ai_entity_intent_tags_full,1,1,100.0,CORE
other,water_park,ai_entity_profiles_full,1,1,100.0,CORE
other,water_park,ai_photo_index_full,1,1,100.0,CORE
other,water_park,bookable_resources,1,1,100.0,CORE
other,water_park,bookable_resources_json_backup,1,1,100.0,CORE
other,water_park,entity,1,1,100.0,CORE
other,water_park,entity_address_areas,1,1,100.0,CORE
other,water_park,entity_attributes,1,1,100.0,CORE
other,water_park,entity_completeness_v,1,1,100.0,CORE
other,water_park,entity_google_maps_links,1,1,100.0,CORE
other,water_park,entity_google_reviews,1,1,100.0,CORE
other,water_park,entity_hours,1,1,100.0,CORE
other,water_park,entity_items_norm_v,1,1,100.0,CORE
other,water_park,entity_items_v,1,1,100.0,CORE
other,water_park,entity_modules,1,1,100.0,CORE
other,water_park,entity_nearby_landmark_types,1,1,100.0,CORE
other,water_park,entity_nearby_landmarks,1,1,100.0,CORE
other,water_park,entity_offer,1,1,100.0,CORE
other,water_park,entity_photos,1,1,100.0,CORE
other,water_park,entity_reviews,1,1,100.0,CORE
other,water_park,entity_tags,1,1,100.0,CORE
other,water_park,entity_theme,1,1,100.0,CORE
other,water_park,search_index,1,1,100.0,CORE
other,courier_service,ai_data_completeness_audit_full,1,1,100.0,CORE
other,courier_service,ai_entity_intent_tags_full,1,1,100.0,CORE
other,courier_service,ai_entity_profiles_full,1,1,100.0,CORE
other,courier_service,ai_photo_index_full,1,1,100.0,CORE
other,courier_service,bookable_resources,1,1,100.0,CORE
other,courier_service,bookable_resources_json_backup,1,1,100.0,CORE
other,courier_service,entity,1,1,100.0,CORE
other,courier_service,entity_attributes,1,1,100.0,CORE
other,courier_service,entity_completeness_v,1,1,100.0,CORE
other,courier_service,entity_google_maps_links,1,1,100.0,CORE
other,courier_service,entity_google_reviews,1,1,100.0,CORE
other,courier_service,entity_hours,1,1,100.0,CORE
other,courier_service,entity_items_norm_v,1,1,100.0,CORE
other,courier_service,entity_items_v,1,1,100.0,CORE
other,courier_service,entity_modules,1,1,100.0,CORE
other,courier_service,entity_nearby_landmark_types,1,1,100.0,CORE
other,courier_service,entity_nearby_landmarks,1,1,100.0,CORE
other,courier_service,entity_offer,1,1,100.0,CORE
other,courier_service,entity_photos,1,1,100.0,CORE
other,courier_service,entity_reviews,1,1,100.0,CORE
other,courier_service,entity_tags,1,1,100.0,CORE
other,courier_service,entity_theme,1,1,100.0,CORE
other,courier_service,search_index,1,1,100.0,CORE
other,sports_coaching,ai_data_completeness_audit_full,1,1,100.0,CORE
other,sports_coaching,ai_entity_intent_tags_full,1,1,100.0,CORE
other,sports_coaching,ai_entity_profiles_full,1,1,100.0,CORE
other,sports_coaching,ai_photo_index_full,1,1,100.0,CORE
other,sports_coaching,bookable_resources,1,1,100.0,CORE
other,sports_coaching,bookable_resources_json_backup,1,1,100.0,CORE
other,sports_coaching,entity,1,1,100.0,CORE
other,sports_coaching,entity_attributes,1,1,100.0,CORE
other,sports_coaching,entity_completeness_v,1,1,100.0,CORE
other,sports_coaching,entity_google_maps_links,1,1,100.0,CORE
other,sports_coaching,entity_google_reviews,1,1,100.0,CORE
other,sports_coaching,entity_hours,1,1,100.0,CORE
other,sports_coaching,entity_items_norm_v,1,1,100.0,CORE
other,sports_coaching,entity_items_v,1,1,100.0,CORE
other,sports_coaching,entity_modules,1,1,100.0,CORE
other,sports_coaching,entity_nearby_landmark_types,1,1,100.0,CORE
other,sports_coaching,entity_nearby_landmarks,1,1,100.0,CORE
other,sports_coaching,entity_offer,1,1,100.0,CORE
other,sports_coaching,entity_photos,1,1,100.0,CORE
other,sports_coaching,entity_reviews,1,1,100.0,CORE
other,sports_coaching,entity_tags,1,1,100.0,CORE
other,sports_coaching,entity_theme,1,1,100.0,CORE
other,sports_coaching,search_index,1,1,100.0,CORE
professional_service,insurance_agency,ai_data_completeness_audit_full,1,1,100.0,CORE
professional_service,insurance_agency,ai_entity_intent_tags_full,1,1,100.0,CORE
professional_service,insurance_agency,ai_entity_profiles_full,1,1,100.0,CORE
professional_service,insurance_agency,ai_photo_index_full,1,1,100.0,CORE
professional_service,insurance_agency,bookable_resources,1,1,100.0,CORE
professional_service,insurance_agency,bookable_resources_json_backup,1,1,100.0,CORE
professional_service,insurance_agency,entity,1,1,100.0,CORE
professional_service,insurance_agency,entity_attributes,1,1,100.0,CORE
professional_service,insurance_agency,entity_completeness_v,1,1,100.0,CORE
professional_service,insurance_agency,entity_google_maps_links,1,1,100.0,CORE
professional_service,insurance_agency,entity_google_reviews,1,1,100.0,CORE
professional_service,insurance_agency,entity_hours,1,1,100.0,CORE
professional_service,insurance_agency,entity_items_norm_v,1,1,100.0,CORE
professional_service,insurance_agency,entity_items_v,1,1,100.0,CORE
professional_service,insurance_agency,entity_modules,1,1,100.0,CORE
professional_service,insurance_agency,entity_nearby_landmark_types,1,1,100.0,CORE
professional_service,insurance_agency,entity_nearby_landmarks,1,1,100.0,CORE
professional_service,insurance_agency,entity_offer,1,1,100.0,CORE
professional_service,insurance_agency,entity_photos,1,1,100.0,CORE
professional_service,insurance_agency,entity_reviews,1,1,100.0,CORE
professional_service,insurance_agency,entity_tags,1,1,100.0,CORE
professional_service,insurance_agency,entity_theme,1,1,100.0,CORE
professional_service,insurance_agency,industry_professional_service,1,1,100.0,CORE
professional_service,insurance_agency,professional_services,1,1,100.0,CORE
professional_service,insurance_agency,search_index,1,1,100.0,CORE
professional_service,insurance_agency,service_menu,1,1,100.0,CORE
professional_service,insurance_agency,v_industry_facts_slugs,1,1,100.0,CORE
food_beverage,steak-seafood,catalog_section_days,1,1,100.0,CORE
food_beverage,steak-seafood,catalog_sections,1,1,100.0,CORE
food_beverage,steak-seafood,entity,1,1,100.0,CORE
food_beverage,steak-seafood,entity_completeness_v,1,1,100.0,CORE
food_beverage,steak-seafood,entity_conflicts,1,1,100.0,CORE
food_beverage,steak-seafood,entity_offer_section,1,1,100.0,CORE
food_beverage,steak-seafood,industry_food_beverage,1,1,100.0,CORE
food_beverage,steak-seafood,menu_sections,1,1,100.0,CORE
food_beverage,steak-seafood,search_index,1,1,100.0,CORE
food_beverage,steak-seafood,v_industry_facts_slugs,1,1,100.0,CORE
attraction,cultural_landmark,ai_data_completeness_audit_full,1,1,100.0,CORE
attraction,cultural_landmark,ai_entity_intent_tags_full,1,1,100.0,CORE
attraction,cultural_landmark,ai_entity_profiles_full,1,1,100.0,CORE
attraction,cultural_landmark,ai_photo_index_full,1,1,100.0,CORE
attraction,cultural_landmark,entity,1,1,100.0,CORE
attraction,cultural_landmark,entity_address_areas,1,1,100.0,CORE
attraction,cultural_landmark,entity_completeness_v,1,1,100.0,CORE
attraction,cultural_landmark,entity_google_maps_links,1,1,100.0,CORE
attraction,cultural_landmark,entity_google_reviews,1,1,100.0,CORE
attraction,cultural_landmark,entity_modules,1,1,100.0,CORE
attraction,cultural_landmark,entity_nearby_landmark_types,1,1,100.0,CORE
attraction,cultural_landmark,entity_nearby_landmarks,1,1,100.0,CORE
attraction,cultural_landmark,entity_photos,1,1,100.0,CORE
attraction,cultural_landmark,entity_reviews,1,1,100.0,CORE
attraction,cultural_landmark,entity_tags,1,1,100.0,CORE
attraction,cultural_landmark,entity_theme,1,1,100.0,CORE
attraction,cultural_landmark,industry_attraction,1,1,100.0,CORE
attraction,cultural_landmark,legacy_photo_migration_queue,1,1,100.0,CORE
attraction,cultural_landmark,search_index,1,1,100.0,CORE
attraction,cultural_landmark,v_industry_facts_slugs,1,1,100.0,CORE
health_medical,dentist,ai_data_completeness_audit_full,1,1,100.0,CORE
health_medical,dentist,ai_entity_intent_tags_full,1,1,100.0,CORE
health_medical,dentist,ai_entity_profiles_full,1,1,100.0,CORE
health_medical,dentist,ai_photo_index_full,1,1,100.0,CORE
health_medical,dentist,bookable_resources,1,1,100.0,CORE
health_medical,dentist,bookable_resources_json_backup,1,1,100.0,CORE
health_medical,dentist,entity,1,1,100.0,CORE
health_medical,dentist,entity_attributes,1,1,100.0,CORE
health_medical,dentist,entity_completeness_v,1,1,100.0,CORE
health_medical,dentist,entity_google_maps_links,1,1,100.0,CORE
health_medical,dentist,entity_google_reviews,1,1,100.0,CORE
health_medical,dentist,entity_hours,1,1,100.0,CORE
health_medical,dentist,entity_items_norm_v,1,1,100.0,CORE
health_medical,dentist,entity_items_v,1,1,100.0,CORE
health_medical,dentist,entity_modules,1,1,100.0,CORE
health_medical,dentist,entity_nearby_landmark_types,1,1,100.0,CORE
health_medical,dentist,entity_nearby_landmarks,1,1,100.0,CORE
health_medical,dentist,entity_offer,1,1,100.0,CORE
health_medical,dentist,entity_photos,1,1,100.0,CORE
health_medical,dentist,entity_reviews,1,1,100.0,CORE
health_medical,dentist,entity_tags,1,1,100.0,CORE
health_medical,dentist,entity_theme,1,1,100.0,CORE
health_medical,dentist,health_medical_services,1,1,100.0,CORE
health_medical,dentist,industry_health_medical,1,1,100.0,CORE
health_medical,dentist,search_index,1,1,100.0,CORE
health_medical,dentist,service_menu,1,1,100.0,CORE
health_medical,dentist,v_industry_facts_slugs,1,1,100.0,CORE
other,pet_care,ai_data_completeness_audit_full,1,1,100.0,CORE
other,pet_care,ai_entity_intent_tags_full,1,1,100.0,CORE
other,pet_care,ai_entity_profiles_full,1,1,100.0,CORE
other,pet_care,ai_photo_index_full,1,1,100.0,CORE
other,pet_care,bookable_resources,1,1,100.0,CORE
other,pet_care,bookable_resources_json_backup,1,1,100.0,CORE
other,pet_care,entity,1,1,100.0,CORE
other,pet_care,entity_address_areas,1,1,100.0,CORE
other,pet_care,entity_attributes,1,1,100.0,CORE
other,pet_care,entity_completeness_v,1,1,100.0,CORE
other,pet_care,entity_google_maps_links,1,1,100.0,CORE
other,pet_care,entity_google_reviews,1,1,100.0,CORE
other,pet_care,entity_hours,1,1,100.0,CORE
other,pet_care,entity_items_norm_v,1,1,100.0,CORE
other,pet_care,entity_items_v,1,1,100.0,CORE
other,pet_care,entity_modules,1,1,100.0,CORE
other,pet_care,entity_nearby_landmark_types,1,1,100.0,CORE
other,pet_care,entity_nearby_landmarks,1,1,100.0,CORE
other,pet_care,entity_offer,1,1,100.0,CORE
other,pet_care,entity_photos,1,1,100.0,CORE
other,pet_care,entity_reviews,1,1,100.0,CORE
other,pet_care,entity_tags,1,1,100.0,CORE
other,pet_care,entity_theme,1,1,100.0,CORE
other,pet_care,search_index,1,1,100.0,CORE
entertainment_venue,bowling-alley,ai_data_completeness_audit_full,1,1,100.0,CORE
entertainment_venue,bowling-alley,ai_entity_intent_tags_full,1,1,100.0,CORE
entertainment_venue,bowling-alley,ai_entity_profiles_full,1,1,100.0,CORE
entertainment_venue,bowling-alley,entity,1,1,100.0,CORE
entertainment_venue,bowling-alley,entity_completeness_v,1,1,100.0,CORE
entertainment_venue,bowling-alley,entity_tags,1,1,100.0,CORE
entertainment_venue,bowling-alley,entity_theme,1,1,100.0,CORE
entertainment_venue,bowling-alley,industry_entertainment_venue,1,1,100.0,CORE
entertainment_venue,bowling-alley,search_index,1,1,100.0,CORE
entertainment_venue,bowling-alley,v_industry_facts_slugs,1,1,100.0,CORE
marina,boat_launch,ai_data_completeness_audit_full,1,1,100.0,CORE
marina,boat_launch,ai_entity_intent_tags_full,1,1,100.0,CORE
marina,boat_launch,ai_entity_profiles_full,1,1,100.0,CORE
marina,boat_launch,ai_photo_index_full,1,1,100.0,CORE
marina,boat_launch,bookable_resources,1,1,100.0,CORE
marina,boat_launch,bookable_resources_json_backup,1,1,100.0,CORE
marina,boat_launch,entity,1,1,100.0,CORE
marina,boat_launch,entity_address_areas,1,1,100.0,CORE
marina,boat_launch,entity_attributes,1,1,100.0,CORE
marina,boat_launch,entity_completeness_v,1,1,100.0,CORE
marina,boat_launch,entity_google_maps_links,1,1,100.0,CORE
marina,boat_launch,entity_google_reviews,1,1,100.0,CORE
marina,boat_launch,entity_hours,1,1,100.0,CORE
marina,boat_launch,entity_items_norm_v,1,1,100.0,CORE
marina,boat_launch,entity_items_v,1,1,100.0,CORE
marina,boat_launch,entity_modules,1,1,100.0,CORE
marina,boat_launch,entity_nearby_landmark_types,1,1,100.0,CORE
marina,boat_launch,entity_nearby_landmarks,1,1,100.0,CORE
marina,boat_launch,entity_offer,1,1,100.0,CORE
marina,boat_launch,entity_photos,1,1,100.0,CORE
marina,boat_launch,entity_reviews,1,1,100.0,CORE
marina,boat_launch,entity_tags,1,1,100.0,CORE
marina,boat_launch,entity_theme,1,1,100.0,CORE
marina,boat_launch,industry_marina,1,1,100.0,CORE
marina,boat_launch,recovery_import_log,1,1,100.0,CORE
marina,boat_launch,search_index,1,1,100.0,CORE
marina,boat_launch,v_industry_facts_slugs,1,1,100.0,CORE
other,business_center,ai_data_completeness_audit_full,1,1,100.0,CORE
other,business_center,ai_entity_intent_tags_full,1,1,100.0,CORE
other,business_center,ai_entity_profiles_full,1,1,100.0,CORE
other,business_center,ai_photo_index_full,1,1,100.0,CORE
other,business_center,bookable_resources,1,1,100.0,CORE
other,business_center,bookable_resources_json_backup,1,1,100.0,CORE
other,business_center,entity,1,1,100.0,CORE
other,business_center,entity_address_areas,1,1,100.0,CORE
other,business_center,entity_attributes,1,1,100.0,CORE
other,business_center,entity_completeness_v,1,1,100.0,CORE
other,business_center,entity_google_maps_links,1,1,100.0,CORE
other,business_center,entity_google_reviews,1,1,100.0,CORE
other,business_center,entity_items_norm_v,1,1,100.0,CORE
other,business_center,entity_items_v,1,1,100.0,CORE
other,business_center,entity_modules,1,1,100.0,CORE
other,business_center,entity_nearby_landmark_types,1,1,100.0,CORE
other,business_center,entity_nearby_landmarks,1,1,100.0,CORE
other,business_center,entity_offer,1,1,100.0,CORE
other,business_center,entity_photos,1,1,100.0,CORE
other,business_center,entity_reviews,1,1,100.0,CORE
other,business_center,entity_tags,1,1,100.0,CORE
other,business_center,entity_theme,1,1,100.0,CORE
other,business_center,search_index,1,1,100.0,CORE
retail,book-store,ai_data_completeness_audit_full,1,1,100.0,CORE
retail,book-store,ai_entity_intent_tags_full,1,1,100.0,CORE
retail,book-store,ai_entity_profiles_full,1,1,100.0,CORE
retail,book-store,entity,1,1,100.0,CORE
retail,book-store,entity_completeness_v,1,1,100.0,CORE
retail,book-store,entity_tags,1,1,100.0,CORE
retail,book-store,entity_theme,1,1,100.0,CORE
retail,book-store,industry_retail,1,1,100.0,CORE
retail,book-store,search_index,1,1,100.0,CORE
retail,book-store,v_industry_facts_slugs,1,1,100.0,CORE
outdoor_recreation,wildlife_park,ai_data_completeness_audit_full,1,1,100.0,CORE
outdoor_recreation,wildlife_park,ai_entity_intent_tags_full,1,1,100.0,CORE
outdoor_recreation,wildlife_park,ai_entity_profiles_full,1,1,100.0,CORE
outdoor_recreation,wildlife_park,ai_photo_index_full,1,1,100.0,CORE
outdoor_recreation,wildlife_park,entity,1,1,100.0,CORE
outdoor_recreation,wildlife_park,entity_attributes,1,1,100.0,CORE
outdoor_recreation,wildlife_park,entity_completeness_v,1,1,100.0,CORE
outdoor_recreation,wildlife_park,entity_google_maps_links,1,1,100.0,CORE
outdoor_recreation,wildlife_park,entity_google_reviews,1,1,100.0,CORE
outdoor_recreation,wildlife_park,entity_hours,1,1,100.0,CORE
outdoor_recreation,wildlife_park,entity_modules,1,1,100.0,CORE
outdoor_recreation,wildlife_park,entity_photos,1,1,100.0,CORE
outdoor_recreation,wildlife_park,entity_reviews,1,1,100.0,CORE
outdoor_recreation,wildlife_park,entity_tags,1,1,100.0,CORE
outdoor_recreation,wildlife_park,entity_theme,1,1,100.0,CORE
outdoor_recreation,wildlife_park,industry_outdoor_recreation,1,1,100.0,CORE
outdoor_recreation,wildlife_park,search_index,1,1,100.0,CORE
outdoor_recreation,wildlife_park,v_industry_facts_slugs,1,1,100.0,CORE
outdoor_recreation,skateboard_park,ai_data_completeness_audit_full,1,1,100.0,CORE
outdoor_recreation,skateboard_park,ai_entity_intent_tags_full,1,1,100.0,CORE
outdoor_recreation,skateboard_park,ai_entity_profiles_full,1,1,100.0,CORE
outdoor_recreation,skateboard_park,ai_photo_index_full,1,1,100.0,CORE
outdoor_recreation,skateboard_park,bookable_resources,1,1,100.0,CORE
outdoor_recreation,skateboard_park,bookable_resources_json_backup,1,1,100.0,CORE
outdoor_recreation,skateboard_park,entity,1,1,100.0,CORE
outdoor_recreation,skateboard_park,entity_address_areas,1,1,100.0,CORE
outdoor_recreation,skateboard_park,entity_attributes,1,1,100.0,CORE
outdoor_recreation,skateboard_park,entity_completeness_v,1,1,100.0,CORE
outdoor_recreation,skateboard_park,entity_google_maps_links,1,1,100.0,CORE
outdoor_recreation,skateboard_park,entity_google_reviews,1,1,100.0,CORE
outdoor_recreation,skateboard_park,entity_items_norm_v,1,1,100.0,CORE
outdoor_recreation,skateboard_park,entity_items_v,1,1,100.0,CORE
outdoor_recreation,skateboard_park,entity_modules,1,1,100.0,CORE
outdoor_recreation,skateboard_park,entity_nearby_landmark_types,1,1,100.0,CORE
outdoor_recreation,skateboard_park,entity_nearby_landmarks,1,1,100.0,CORE
outdoor_recreation,skateboard_park,entity_offer,1,1,100.0,CORE
outdoor_recreation,skateboard_park,entity_photos,1,1,100.0,CORE
outdoor_recreation,skateboard_park,entity_reviews,1,1,100.0,CORE
outdoor_recreation,skateboard_park,entity_tags,1,1,100.0,CORE
outdoor_recreation,skateboard_park,entity_theme,1,1,100.0,CORE
outdoor_recreation,skateboard_park,industry_outdoor_recreation,1,1,100.0,CORE
outdoor_recreation,skateboard_park,search_index,1,1,100.0,CORE
outdoor_recreation,skateboard_park,v_industry_facts_slugs,1,1,100.0,CORE
retail,jewelry,ai_data_completeness_audit_full,1,1,100.0,CORE
retail,jewelry,ai_entity_intent_tags_full,1,1,100.0,CORE
retail,jewelry,ai_entity_profiles_full,1,1,100.0,CORE
retail,jewelry,entity,1,1,100.0,CORE
retail,jewelry,entity_completeness_v,1,1,100.0,CORE
retail,jewelry,entity_tags,1,1,100.0,CORE
retail,jewelry,entity_theme,1,1,100.0,CORE
retail,jewelry,industry_retail,1,1,100.0,CORE
retail,jewelry,search_index,1,1,100.0,CORE
retail,jewelry,v_industry_facts_slugs,1,1,100.0,CORE
retail,butcher_shop,ai_data_completeness_audit_full,1,1,100.0,CORE
retail,butcher_shop,ai_entity_intent_tags_full,1,1,100.0,CORE
retail,butcher_shop,ai_entity_profiles_full,1,1,100.0,CORE
retail,butcher_shop,ai_photo_index_full,1,1,100.0,CORE
retail,butcher_shop,entity,1,1,100.0,CORE
retail,butcher_shop,entity_attributes,1,1,100.0,CORE
retail,butcher_shop,entity_completeness_v,1,1,100.0,CORE
retail,butcher_shop,entity_google_maps_links,1,1,100.0,CORE
retail,butcher_shop,entity_google_reviews,1,1,100.0,CORE
retail,butcher_shop,entity_hours,1,1,100.0,CORE
retail,butcher_shop,entity_modules,1,1,100.0,CORE
retail,butcher_shop,entity_nearby_landmark_types,1,1,100.0,CORE
retail,butcher_shop,entity_nearby_landmarks,1,1,100.0,CORE
retail,butcher_shop,entity_photos,1,1,100.0,CORE
retail,butcher_shop,entity_reviews,1,1,100.0,CORE
retail,butcher_shop,entity_tags,1,1,100.0,CORE
retail,butcher_shop,entity_theme,1,1,100.0,CORE
retail,butcher_shop,industry_retail,1,1,100.0,CORE
retail,butcher_shop,search_index,1,1,100.0,CORE
retail,butcher_shop,v_industry_facts_slugs,1,1,100.0,CORE
fitness_sports,stadium,ai_data_completeness_audit_full,1,1,100.0,CORE
fitness_sports,stadium,ai_entity_intent_tags_full,1,1,100.0,CORE
fitness_sports,stadium,ai_entity_profiles_full,1,1,100.0,CORE
fitness_sports,stadium,ai_photo_index_full,1,1,100.0,CORE
fitness_sports,stadium,bookable_resources,1,1,100.0,CORE
fitness_sports,stadium,bookable_resources_json_backup,1,1,100.0,CORE
fitness_sports,stadium,entity,1,1,100.0,CORE
fitness_sports,stadium,entity_address_areas,1,1,100.0,CORE
fitness_sports,stadium,entity_attributes,1,1,100.0,CORE
fitness_sports,stadium,entity_completeness_v,1,1,100.0,CORE
fitness_sports,stadium,entity_google_maps_links,1,1,100.0,CORE
fitness_sports,stadium,entity_google_reviews,1,1,100.0,CORE
fitness_sports,stadium,entity_items_norm_v,1,1,100.0,CORE
fitness_sports,stadium,entity_items_v,1,1,100.0,CORE
fitness_sports,stadium,entity_modules,1,1,100.0,CORE
fitness_sports,stadium,entity_nearby_landmark_types,1,1,100.0,CORE
fitness_sports,stadium,entity_nearby_landmarks,1,1,100.0,CORE
fitness_sports,stadium,entity_offer,1,1,100.0,CORE
fitness_sports,stadium,entity_photos,1,1,100.0,CORE
fitness_sports,stadium,entity_reviews,1,1,100.0,CORE
fitness_sports,stadium,entity_tags,1,1,100.0,CORE
fitness_sports,stadium,entity_theme,1,1,100.0,CORE
fitness_sports,stadium,industry_fitness_sports,1,1,100.0,CORE
fitness_sports,stadium,search_index,1,1,100.0,CORE
fitness_sports,stadium,v_industry_facts_slugs,1,1,100.0,CORE
other,university,ai_data_completeness_audit_full,1,1,100.0,CORE
other,university,ai_entity_intent_tags_full,1,1,100.0,CORE
other,university,ai_entity_profiles_full,1,1,100.0,CORE
other,university,ai_event_planner_index_full,1,1,100.0,CORE
other,university,ai_photo_index_full,1,1,100.0,CORE
other,university,ai_unified_search_items_full,1,1,100.0,CORE
other,university,bookable_resources,1,1,100.0,CORE
other,university,bookable_resources_json_backup,1,1,100.0,CORE
other,university,entity,1,1,100.0,CORE
other,university,entity_address_areas,1,1,100.0,CORE
other,university,entity_attributes,1,1,100.0,CORE
other,university,entity_completeness_v,1,1,100.0,CORE
other,university,entity_events,1,1,100.0,CORE
other,university,entity_google_maps_links,1,1,100.0,CORE
other,university,entity_google_reviews,1,1,100.0,CORE
other,university,entity_hours,1,1,100.0,CORE
other,university,entity_items_norm_v,1,1,100.0,CORE
other,university,entity_items_v,1,1,100.0,CORE
other,university,entity_nearby_landmark_types,1,1,100.0,CORE
other,university,entity_nearby_landmarks,1,1,100.0,CORE
other,university,entity_offer,1,1,100.0,CORE
other,university,entity_photos,1,1,100.0,CORE
other,university,entity_reviews,1,1,100.0,CORE
other,university,entity_tags,1,1,100.0,CORE
other,university,entity_theme,1,1,100.0,CORE
other,university,search_index,1,1,100.0,CORE
other,banquet_hall,ai_data_completeness_audit_full,1,1,100.0,CORE
other,banquet_hall,ai_entity_intent_tags_full,1,1,100.0,CORE
other,banquet_hall,ai_entity_profiles_full,1,1,100.0,CORE
other,banquet_hall,ai_photo_index_full,1,1,100.0,CORE
other,banquet_hall,bookable_resources,1,1,100.0,CORE
other,banquet_hall,bookable_resources_json_backup,1,1,100.0,CORE
other,banquet_hall,entity,1,1,100.0,CORE
other,banquet_hall,entity_address_areas,1,1,100.0,CORE
other,banquet_hall,entity_attributes,1,1,100.0,CORE
other,banquet_hall,entity_completeness_v,1,1,100.0,CORE
other,banquet_hall,entity_google_maps_links,1,1,100.0,CORE
other,banquet_hall,entity_google_reviews,1,1,100.0,CORE
other,banquet_hall,entity_hours,1,1,100.0,CORE
other,banquet_hall,entity_items_norm_v,1,1,100.0,CORE
other,banquet_hall,entity_items_v,1,1,100.0,CORE
other,banquet_hall,entity_modules,1,1,100.0,CORE
other,banquet_hall,entity_nearby_landmark_types,1,1,100.0,CORE
other,banquet_hall,entity_nearby_landmarks,1,1,100.0,CORE
other,banquet_hall,entity_offer,1,1,100.0,CORE
other,banquet_hall,entity_photos,1,1,100.0,CORE
other,banquet_hall,entity_reviews,1,1,100.0,CORE
other,banquet_hall,entity_tags,1,1,100.0,CORE
other,banquet_hall,entity_theme,1,1,100.0,CORE
other,banquet_hall,search_index,1,1,100.0,CORE
civic,government_office,ai_data_completeness_audit_full,1,1,100.0,CORE
civic,government_office,ai_entity_intent_tags_full,1,1,100.0,CORE
civic,government_office,ai_entity_profiles_full,1,1,100.0,CORE
civic,government_office,bookable_resources,1,1,100.0,CORE
civic,government_office,bookable_resources_json_backup,1,1,100.0,CORE
civic,government_office,entity,1,1,100.0,CORE
civic,government_office,entity_attributes,1,1,100.0,CORE
civic,government_office,entity_completeness_v,1,1,100.0,CORE
civic,government_office,entity_google_maps_links,1,1,100.0,CORE
civic,government_office,entity_google_reviews,1,1,100.0,CORE
civic,government_office,entity_hours,1,1,100.0,CORE
civic,government_office,entity_items_norm_v,1,1,100.0,CORE
civic,government_office,entity_items_v,1,1,100.0,CORE
civic,government_office,entity_nearby_landmark_types,1,1,100.0,CORE
civic,government_office,entity_nearby_landmarks,1,1,100.0,CORE
civic,government_office,entity_offer,1,1,100.0,CORE
civic,government_office,entity_reviews,1,1,100.0,CORE
civic,government_office,entity_tags,1,1,100.0,CORE
civic,government_office,entity_theme,1,1,100.0,CORE
civic,government_office,industry_civic,1,1,100.0,CORE
civic,government_office,search_index,1,1,100.0,CORE
civic,government_office,v_industry_facts_slugs,1,1,100.0,CORE
food_beverage,meal_delivery,ai_data_completeness_audit_full,1,1,100.0,CORE
food_beverage,meal_delivery,ai_entity_intent_tags_full,1,1,100.0,CORE
food_beverage,meal_delivery,ai_entity_profiles_full,1,1,100.0,CORE
food_beverage,meal_delivery,entity,1,1,100.0,CORE
food_beverage,meal_delivery,entity_address_areas,1,1,100.0,CORE
food_beverage,meal_delivery,entity_attributes,1,1,100.0,CORE
food_beverage,meal_delivery,entity_completeness_v,1,1,100.0,CORE
food_beverage,meal_delivery,entity_google_maps_links,1,1,100.0,CORE
food_beverage,meal_delivery,entity_google_reviews,1,1,100.0,CORE
food_beverage,meal_delivery,entity_hours,1,1,100.0,CORE
food_beverage,meal_delivery,entity_modules,1,1,100.0,CORE
food_beverage,meal_delivery,entity_nearby_landmarks,1,1,100.0,CORE
food_beverage,meal_delivery,entity_reviews,1,1,100.0,CORE
food_beverage,meal_delivery,entity_tags,1,1,100.0,CORE
food_beverage,meal_delivery,entity_theme,1,1,100.0,CORE
food_beverage,meal_delivery,industry_food_beverage,1,1,100.0,CORE
food_beverage,meal_delivery,search_index,1,1,100.0,CORE
food_beverage,meal_delivery,v_industry_facts_slugs,1,1,100.0,CORE
professional_service,performing_arts,ai_data_completeness_audit_full,1,1,100.0,CORE
professional_service,performing_arts,ai_entity_intent_tags_full,1,1,100.0,CORE
professional_service,performing_arts,ai_entity_profiles_full,1,1,100.0,CORE
professional_service,performing_arts,entity,1,1,100.0,CORE
professional_service,performing_arts,entity_completeness_v,1,1,100.0,CORE
professional_service,performing_arts,entity_tags,1,1,100.0,CORE
professional_service,performing_arts,entity_theme,1,1,100.0,CORE
professional_service,performing_arts,industry_professional_service,1,1,100.0,CORE
professional_service,performing_arts,search_index,1,1,100.0,CORE
professional_service,performing_arts,v_industry_facts_slugs,1,1,100.0,CORE
other,cinema,ai_data_completeness_audit_full,1,1,100.0,CORE
other,cinema,ai_entity_intent_tags_full,1,1,100.0,CORE
other,cinema,ai_entity_profiles_full,1,1,100.0,CORE
other,cinema,ai_event_planner_index_full,1,1,100.0,CORE
other,cinema,ai_photo_index_full,1,1,100.0,CORE
other,cinema,ai_unified_search_items_full,1,1,100.0,CORE
other,cinema,bookable_resources,1,1,100.0,CORE
other,cinema,bookable_resources_json_backup,1,1,100.0,CORE
other,cinema,entity,1,1,100.0,CORE
other,cinema,entity_completeness_v,1,1,100.0,CORE
other,cinema,entity_good_for,1,1,100.0,CORE
other,cinema,entity_highlights,1,1,100.0,CORE
other,cinema,entity_hours,1,1,100.0,CORE
other,cinema,entity_items_norm_v,1,1,100.0,CORE
other,cinema,entity_items_v,1,1,100.0,CORE
other,cinema,entity_offer,1,1,100.0,CORE
other,cinema,entity_photos,1,1,100.0,CORE
other,cinema,entity_theme,1,1,100.0,CORE
other,cinema,search_index,1,1,100.0,CORE
transportation,airport,ai_data_completeness_audit_full,1,1,100.0,CORE
transportation,airport,ai_entity_intent_tags_full,1,1,100.0,CORE
transportation,airport,ai_entity_profiles_full,1,1,100.0,CORE
transportation,airport,ai_photo_index_full,1,1,100.0,CORE
transportation,airport,bookable_resources,1,1,100.0,CORE
transportation,airport,bookable_resources_json_backup,1,1,100.0,CORE
transportation,airport,entity,1,1,100.0,CORE
transportation,airport,entity_attributes,1,1,100.0,CORE
transportation,airport,entity_completeness_v,1,1,100.0,CORE
transportation,airport,entity_google_maps_links,1,1,100.0,CORE
transportation,airport,entity_google_reviews,1,1,100.0,CORE
transportation,airport,entity_items_norm_v,1,1,100.0,CORE
transportation,airport,entity_items_v,1,1,100.0,CORE
transportation,airport,entity_modules,1,1,100.0,CORE
transportation,airport,entity_offer,1,1,100.0,CORE
transportation,airport,entity_photos,1,1,100.0,CORE
transportation,airport,entity_reviews,1,1,100.0,CORE
transportation,airport,entity_sources,1,1,100.0,CORE
transportation,airport,entity_tags,1,1,100.0,CORE
transportation,airport,entity_theme,1,1,100.0,CORE
transportation,airport,industry_transportation,1,1,100.0,CORE
transportation,airport,search_index,1,1,100.0,CORE
transportation,airport,v_industry_facts_slugs,1,1,100.0,CORE
health_medical,pet_boarding_service,ai_data_completeness_audit_full,1,1,100.0,CORE
health_medical,pet_boarding_service,ai_entity_intent_tags_full,1,1,100.0,CORE
health_medical,pet_boarding_service,ai_entity_profiles_full,1,1,100.0,CORE
health_medical,pet_boarding_service,ai_photo_index_full,1,1,100.0,CORE
health_medical,pet_boarding_service,bookable_resources,1,1,100.0,CORE
health_medical,pet_boarding_service,bookable_resources_json_backup,1,1,100.0,CORE
health_medical,pet_boarding_service,entity,1,1,100.0,CORE
health_medical,pet_boarding_service,entity_completeness_v,1,1,100.0,CORE
health_medical,pet_boarding_service,entity_google_maps_links,1,1,100.0,CORE
health_medical,pet_boarding_service,entity_google_reviews,1,1,100.0,CORE
health_medical,pet_boarding_service,entity_items_norm_v,1,1,100.0,CORE
health_medical,pet_boarding_service,entity_items_v,1,1,100.0,CORE
health_medical,pet_boarding_service,entity_modules,1,1,100.0,CORE
health_medical,pet_boarding_service,entity_nearby_landmark_types,1,1,100.0,CORE
health_medical,pet_boarding_service,entity_nearby_landmarks,1,1,100.0,CORE
health_medical,pet_boarding_service,entity_offer,1,1,100.0,CORE
health_medical,pet_boarding_service,entity_photos,1,1,100.0,CORE
health_medical,pet_boarding_service,entity_reviews,1,1,100.0,CORE
health_medical,pet_boarding_service,entity_tags,1,1,100.0,CORE
health_medical,pet_boarding_service,entity_theme,1,1,100.0,CORE
health_medical,pet_boarding_service,health_medical_services,1,1,100.0,CORE
health_medical,pet_boarding_service,industry_health_medical,1,1,100.0,CORE
health_medical,pet_boarding_service,search_index,1,1,100.0,CORE
health_medical,pet_boarding_service,service_menu,1,1,100.0,CORE
health_medical,pet_boarding_service,v_industry_facts_slugs,1,1,100.0,CORE
other,vineyard,ai_data_completeness_audit_full,1,1,100.0,CORE
other,vineyard,ai_entity_intent_tags_full,1,1,100.0,CORE
other,vineyard,ai_entity_profiles_full,1,1,100.0,CORE
other,vineyard,ai_photo_index_full,1,1,100.0,CORE
other,vineyard,bookable_resources,1,1,100.0,CORE
other,vineyard,bookable_resources_json_backup,1,1,100.0,CORE
other,vineyard,entity,1,1,100.0,CORE
other,vineyard,entity_address_areas,1,1,100.0,CORE
other,vineyard,entity_attributes,1,1,100.0,CORE
other,vineyard,entity_completeness_v,1,1,100.0,CORE
other,vineyard,entity_google_maps_links,1,1,100.0,CORE
other,vineyard,entity_google_reviews,1,1,100.0,CORE
other,vineyard,entity_hours,1,1,100.0,CORE
other,vineyard,entity_items_norm_v,1,1,100.0,CORE
other,vineyard,entity_items_v,1,1,100.0,CORE
other,vineyard,entity_modules,1,1,100.0,CORE
other,vineyard,entity_nearby_landmarks,1,1,100.0,CORE
other,vineyard,entity_offer,1,1,100.0,CORE
other,vineyard,entity_photos,1,1,100.0,CORE
other,vineyard,entity_reviews,1,1,100.0,CORE
other,vineyard,entity_tags,1,1,100.0,CORE
other,vineyard,entity_theme,1,1,100.0,CORE
other,vineyard,search_index,1,1,100.0,CORE
bar_nightlife,tiki_bar,ai_data_completeness_audit_full,1,1,100.0,CORE
bar_nightlife,tiki_bar,ai_entity_intent_tags_full,1,1,100.0,CORE
bar_nightlife,tiki_bar,ai_entity_profiles_full,1,1,100.0,CORE
bar_nightlife,tiki_bar,ai_photo_index_full,1,1,100.0,CORE
bar_nightlife,tiki_bar,entity,1,1,100.0,CORE
bar_nightlife,tiki_bar,entity_completeness_v,1,1,100.0,CORE
bar_nightlife,tiki_bar,entity_conflicts,1,1,100.0,CORE
bar_nightlife,tiki_bar,entity_hours,1,1,100.0,CORE
bar_nightlife,tiki_bar,entity_items_norm_v,1,1,100.0,CORE
bar_nightlife,tiki_bar,entity_items_v,1,1,100.0,CORE
bar_nightlife,tiki_bar,entity_modules,1,1,100.0,CORE
bar_nightlife,tiki_bar,entity_offer,1,1,100.0,CORE
bar_nightlife,tiki_bar,entity_photos,1,1,100.0,CORE
bar_nightlife,tiki_bar,entity_sources,1,1,100.0,CORE
bar_nightlife,tiki_bar,entity_tags,1,1,100.0,CORE
bar_nightlife,tiki_bar,entity_theme,1,1,100.0,CORE
bar_nightlife,tiki_bar,industry_bar_nightlife,1,1,100.0,CORE
bar_nightlife,tiki_bar,industry_food_beverage,1,1,100.0,CORE
bar_nightlife,tiki_bar,meeting_points,1,1,100.0,CORE
bar_nightlife,tiki_bar,offerings,1,1,100.0,CORE
bar_nightlife,tiki_bar,requirements,1,1,100.0,CORE
bar_nightlife,tiki_bar,search_index,1,1,100.0,CORE
bar_nightlife,tiki_bar,v_industry_facts_slugs,1,1,100.0,CORE
bar_nightlife,tiki_bar,whats_excluded,1,1,100.0,CORE
bar_nightlife,tiki_bar,whats_included,1,1,100.0,CORE
cruise_tour,ferry_transportation,activity_options,1,1,100.0,CORE
cruise_tour,ferry_transportation,entity,1,1,100.0,CORE
cruise_tour,ferry_transportation,entity_completeness_v,1,1,100.0,CORE
cruise_tour,ferry_transportation,entity_items_norm_v,1,1,100.0,CORE
cruise_tour,ferry_transportation,entity_items_v,1,1,100.0,CORE
cruise_tour,ferry_transportation,entity_modules,1,1,100.0,CORE
cruise_tour,ferry_transportation,entity_offer,1,1,100.0,CORE
cruise_tour,ferry_transportation,entity_sources,1,1,100.0,CORE
cruise_tour,ferry_transportation,entity_tags,1,1,100.0,CORE
cruise_tour,ferry_transportation,entity_theme,1,1,100.0,CORE
cruise_tour,ferry_transportation,industry_cruise_tour,1,1,100.0,CORE
cruise_tour,ferry_transportation,offering_prices,1,1,100.0,CORE
cruise_tour,ferry_transportation,offerings,1,1,100.0,CORE
cruise_tour,ferry_transportation,search_index,1,1,100.0,CORE
cruise_tour,ferry_transportation,v_industry_facts_slugs,1,1,100.0,CORE
retail,optician,ai_data_completeness_audit_full,1,1,100.0,CORE
retail,optician,ai_entity_intent_tags_full,1,1,100.0,CORE
retail,optician,ai_entity_profiles_full,1,1,100.0,CORE
retail,optician,entity,1,1,100.0,CORE
retail,optician,entity_completeness_v,1,1,100.0,CORE
retail,optician,entity_modules,1,1,100.0,CORE
retail,optician,entity_tags,1,1,100.0,CORE
retail,optician,entity_theme,1,1,100.0,CORE
retail,optician,industry_retail,1,1,100.0,CORE
retail,optician,search_index,1,1,100.0,CORE
retail,optician,v_industry_facts_slugs,1,1,100.0,CORE
attraction,scenic_spot,ai_data_completeness_audit_full,1,1,100.0,CORE
attraction,scenic_spot,ai_entity_intent_tags_full,1,1,100.0,CORE
attraction,scenic_spot,ai_entity_profiles_full,1,1,100.0,CORE
attraction,scenic_spot,entity,1,1,100.0,CORE
attraction,scenic_spot,entity_address_areas,1,1,100.0,CORE
attraction,scenic_spot,entity_completeness_v,1,1,100.0,CORE
attraction,scenic_spot,entity_google_maps_links,1,1,100.0,CORE
attraction,scenic_spot,entity_items_norm_v,1,1,100.0,CORE
attraction,scenic_spot,entity_items_v,1,1,100.0,CORE
attraction,scenic_spot,entity_modules,1,1,100.0,CORE
attraction,scenic_spot,entity_nearby_landmark_types,1,1,100.0,CORE
attraction,scenic_spot,entity_nearby_landmarks,1,1,100.0,CORE
attraction,scenic_spot,entity_section_items,1,1,100.0,CORE
attraction,scenic_spot,entity_sections,1,1,100.0,CORE
attraction,scenic_spot,entity_seo_keywords,1,1,100.0,CORE
attraction,scenic_spot,entity_tags,1,1,100.0,CORE
attraction,scenic_spot,entity_theme,1,1,100.0,CORE
attraction,scenic_spot,industry_attraction,1,1,100.0,CORE
attraction,scenic_spot,search_index,1,1,100.0,CORE
attraction,scenic_spot,v_industry_facts_slugs,1,1,100.0,CORE
trade_home_service,luggage_service,entity,1,1,100.0,CORE
trade_home_service,luggage_service,entity_completeness_v,1,1,100.0,CORE
trade_home_service,luggage_service,entity_faqs,1,1,100.0,CORE
trade_home_service,luggage_service,entity_items_norm_v,1,1,100.0,CORE
trade_home_service,luggage_service,entity_items_v,1,1,100.0,CORE
trade_home_service,luggage_service,entity_offer,1,1,100.0,CORE
trade_home_service,luggage_service,entity_offer_section,1,1,100.0,CORE
trade_home_service,luggage_service,entity_section_items,1,1,100.0,CORE
trade_home_service,luggage_service,entity_sections,1,1,100.0,CORE
trade_home_service,luggage_service,entity_tags,1,1,100.0,CORE
trade_home_service,luggage_service,entity_theme,1,1,100.0,CORE
trade_home_service,luggage_service,faqs,1,1,100.0,CORE
trade_home_service,luggage_service,industry_trade_home_service,1,1,100.0,CORE
trade_home_service,luggage_service,offerings,1,1,100.0,CORE
trade_home_service,luggage_service,search_index,1,1,100.0,CORE
trade_home_service,luggage_service,service_menu,1,1,100.0,CORE
trade_home_service,luggage_service,tourist_click_events,1,1,100.0,CORE
trade_home_service,luggage_service,trade_home_services,1,1,100.0,CORE
trade_home_service,luggage_service,transportation_providers,1,1,100.0,CORE
trade_home_service,luggage_service,users,1,1,100.0,CORE
trade_home_service,luggage_service,v_industry_facts_slugs,1,1,100.0,CORE
civic,government,ai_data_completeness_audit_full,1,1,100.0,CORE
civic,government,ai_entity_intent_tags_full,1,1,100.0,CORE
civic,government,ai_entity_profiles_full,1,1,100.0,CORE
civic,government,ai_photo_index_full,1,1,100.0,CORE
civic,government,bookable_resources,1,1,100.0,CORE
civic,government,bookable_resources_json_backup,1,1,100.0,CORE
civic,government,entity,1,1,100.0,CORE
civic,government,entity_completeness_v,1,1,100.0,CORE
civic,government,entity_hours,1,1,100.0,CORE
civic,government,entity_items_norm_v,1,1,100.0,CORE
civic,government,entity_items_v,1,1,100.0,CORE
civic,government,entity_modules,1,1,100.0,CORE
civic,government,entity_offer,1,1,100.0,CORE
civic,government,entity_photos,1,1,100.0,CORE
civic,government,entity_tags,1,1,100.0,CORE
civic,government,entity_theme,1,1,100.0,CORE
civic,government,industry_civic,1,1,100.0,CORE
civic,government,search_index,1,1,100.0,CORE
civic,government,v_industry_facts_slugs,1,1,100.0,CORE
other,television_studio,ai_data_completeness_audit_full,1,1,100.0,CORE
other,television_studio,ai_entity_intent_tags_full,1,1,100.0,CORE
other,television_studio,ai_entity_profiles_full,1,1,100.0,CORE
other,television_studio,bookable_resources,1,1,100.0,CORE
other,television_studio,bookable_resources_json_backup,1,1,100.0,CORE
other,television_studio,entity,1,1,100.0,CORE
other,television_studio,entity_attributes,1,1,100.0,CORE
other,television_studio,entity_completeness_v,1,1,100.0,CORE
other,television_studio,entity_google_maps_links,1,1,100.0,CORE
other,television_studio,entity_google_reviews,1,1,100.0,CORE
other,television_studio,entity_items_norm_v,1,1,100.0,CORE
other,television_studio,entity_items_v,1,1,100.0,CORE
other,television_studio,entity_nearby_landmark_types,1,1,100.0,CORE
other,television_studio,entity_nearby_landmarks,1,1,100.0,CORE
other,television_studio,entity_offer,1,1,100.0,CORE
other,television_studio,entity_reviews,1,1,100.0,CORE
other,television_studio,entity_tags,1,1,100.0,CORE
other,television_studio,entity_theme,1,1,100.0,CORE
other,television_studio,search_index,1,1,100.0,CORE
trade_home_service,laundromat,ai_data_completeness_audit_full,1,1,100.0,CORE
trade_home_service,laundromat,ai_entity_intent_tags_full,1,1,100.0,CORE
trade_home_service,laundromat,ai_entity_profiles_full,1,1,100.0,CORE
trade_home_service,laundromat,ai_photo_index_full,1,1,100.0,CORE
trade_home_service,laundromat,bookable_resources,1,1,100.0,CORE
trade_home_service,laundromat,bookable_resources_json_backup,1,1,100.0,CORE
trade_home_service,laundromat,entity,1,1,100.0,CORE
trade_home_service,laundromat,entity_completeness_v,1,1,100.0,CORE
trade_home_service,laundromat,entity_hours,1,1,100.0,CORE
trade_home_service,laundromat,entity_items_norm_v,1,1,100.0,CORE
trade_home_service,laundromat,entity_items_v,1,1,100.0,CORE
trade_home_service,laundromat,entity_modules,1,1,100.0,CORE
trade_home_service,laundromat,entity_offer,1,1,100.0,CORE
trade_home_service,laundromat,entity_photos,1,1,100.0,CORE
trade_home_service,laundromat,entity_tags,1,1,100.0,CORE
trade_home_service,laundromat,entity_theme,1,1,100.0,CORE
trade_home_service,laundromat,industry_trade_home_service,1,1,100.0,CORE
trade_home_service,laundromat,search_index,1,1,100.0,CORE
trade_home_service,laundromat,service_menu,1,1,100.0,CORE
trade_home_service,laundromat,trade_home_services,1,1,100.0,CORE
trade_home_service,laundromat,v_industry_facts_slugs,1,1,100.0,CORE
other,amusement-park,ai_data_completeness_audit_full,1,1,100.0,CORE
other,amusement-park,ai_entity_intent_tags_full,1,1,100.0,CORE
other,amusement-park,ai_entity_profiles_full,1,1,100.0,CORE
other,amusement-park,entity,1,1,100.0,CORE
other,amusement-park,entity_completeness_v,1,1,100.0,CORE
other,amusement-park,entity_tags,1,1,100.0,CORE
other,amusement-park,entity_theme,1,1,100.0,CORE
other,amusement-park,search_index,1,1,100.0,CORE
trade_home_service,cleaning_service,ai_data_completeness_audit_full,1,1,100.0,CORE
trade_home_service,cleaning_service,ai_entity_intent_tags_full,1,1,100.0,CORE
trade_home_service,cleaning_service,ai_entity_profiles_full,1,1,100.0,CORE
trade_home_service,cleaning_service,ai_photo_index_full,1,1,100.0,CORE
trade_home_service,cleaning_service,bookable_resources,1,1,100.0,CORE
trade_home_service,cleaning_service,bookable_resources_json_backup,1,1,100.0,CORE
trade_home_service,cleaning_service,entity,1,1,100.0,CORE
trade_home_service,cleaning_service,entity_completeness_v,1,1,100.0,CORE
trade_home_service,cleaning_service,entity_hours,1,1,100.0,CORE
trade_home_service,cleaning_service,entity_items_norm_v,1,1,100.0,CORE
trade_home_service,cleaning_service,entity_items_v,1,1,100.0,CORE
trade_home_service,cleaning_service,entity_modules,1,1,100.0,CORE
trade_home_service,cleaning_service,entity_offer,1,1,100.0,CORE
trade_home_service,cleaning_service,entity_photos,1,1,100.0,CORE
trade_home_service,cleaning_service,entity_tags,1,1,100.0,CORE
trade_home_service,cleaning_service,entity_theme,1,1,100.0,CORE
trade_home_service,cleaning_service,industry_trade_home_service,1,1,100.0,CORE
trade_home_service,cleaning_service,search_index,1,1,100.0,CORE
trade_home_service,cleaning_service,service_menu,1,1,100.0,CORE
trade_home_service,cleaning_service,trade_home_services,1,1,100.0,CORE
trade_home_service,cleaning_service,v_industry_facts_slugs,1,1,100.0,CORE
cruise_tour,cruise,activity_options,1,1,100.0,CORE
cruise_tour,cruise,bookable_resources,1,1,100.0,CORE
cruise_tour,cruise,charter_fishing_type,1,1,100.0,CORE
cruise_tour,cruise,entity,1,1,100.0,CORE
cruise_tour,cruise,entity_completeness_v,1,1,100.0,CORE
cruise_tour,cruise,entity_items_norm_v,1,1,100.0,CORE
cruise_tour,cruise,entity_items_v,1,1,100.0,CORE
cruise_tour,cruise,entity_offer,1,1,100.0,CORE
cruise_tour,cruise,entity_sources,1,1,100.0,CORE
cruise_tour,cruise,entity_tags,1,1,100.0,CORE
cruise_tour,cruise,entity_theme,1,1,100.0,CORE
cruise_tour,cruise,industry_cruise_tour,1,1,100.0,CORE
cruise_tour,cruise,offerings,1,1,100.0,CORE
cruise_tour,cruise,search_index,1,1,100.0,CORE
cruise_tour,cruise,v_industry_facts_slugs,1,1,100.0,CORE
cruise_tour,cruise,vessels,1,1,100.0,CORE
cruise_tour,cruise,whats_included,1,1,100.0,CORE
tour_operator,heliport,ai_data_completeness_audit_full,1,1,100.0,CORE
tour_operator,heliport,ai_entity_intent_tags_full,1,1,100.0,CORE
tour_operator,heliport,ai_entity_profiles_full,1,1,100.0,CORE
tour_operator,heliport,entity,1,1,100.0,CORE
tour_operator,heliport,entity_attributes,1,1,100.0,CORE
tour_operator,heliport,entity_completeness_v,1,1,100.0,CORE
tour_operator,heliport,entity_google_maps_links,1,1,100.0,CORE
tour_operator,heliport,entity_google_reviews,1,1,100.0,CORE
tour_operator,heliport,entity_modules,1,1,100.0,CORE
tour_operator,heliport,entity_reviews,1,1,100.0,CORE
tour_operator,heliport,entity_tags,1,1,100.0,CORE
tour_operator,heliport,entity_theme,1,1,100.0,CORE
tour_operator,heliport,industry_tour_operator,1,1,100.0,CORE
tour_operator,heliport,search_index,1,1,100.0,CORE
tour_operator,heliport,v_industry_facts_slugs,1,1,100.0,CORE
vacation_rental,mobile_home_park,ai_data_completeness_audit_full,1,1,100.0,CORE
vacation_rental,mobile_home_park,ai_entity_intent_tags_full,1,1,100.0,CORE
vacation_rental,mobile_home_park,ai_entity_profiles_full,1,1,100.0,CORE
vacation_rental,mobile_home_park,ai_photo_index_full,1,1,100.0,CORE
vacation_rental,mobile_home_park,bookable_resources,1,1,100.0,CORE
vacation_rental,mobile_home_park,bookable_resources_json_backup,1,1,100.0,CORE
vacation_rental,mobile_home_park,entity,1,1,100.0,CORE
vacation_rental,mobile_home_park,entity_attributes,1,1,100.0,CORE
vacation_rental,mobile_home_park,entity_completeness_v,1,1,100.0,CORE
vacation_rental,mobile_home_park,entity_google_maps_links,1,1,100.0,CORE
vacation_rental,mobile_home_park,entity_items_norm_v,1,1,100.0,CORE
vacation_rental,mobile_home_park,entity_items_v,1,1,100.0,CORE
vacation_rental,mobile_home_park,entity_modules,1,1,100.0,CORE
vacation_rental,mobile_home_park,entity_offer,1,1,100.0,CORE
vacation_rental,mobile_home_park,entity_photos,1,1,100.0,CORE
vacation_rental,mobile_home_park,entity_tags,1,1,100.0,CORE
vacation_rental,mobile_home_park,entity_theme,1,1,100.0,CORE
vacation_rental,mobile_home_park,industry_vacation_rental,1,1,100.0,CORE
vacation_rental,mobile_home_park,search_index,1,1,100.0,CORE
vacation_rental,mobile_home_park,v_industry_facts_slugs,1,1,100.0,CORE
food_beverage,taco_restaurant,ai_data_completeness_audit_full,1,1,100.0,CORE
food_beverage,taco_restaurant,ai_entity_intent_tags_full,1,1,100.0,CORE
food_beverage,taco_restaurant,ai_entity_profiles_full,1,1,100.0,CORE
food_beverage,taco_restaurant,ai_photo_index_full,1,1,100.0,CORE
food_beverage,taco_restaurant,entity,1,1,100.0,CORE
food_beverage,taco_restaurant,entity_completeness_v,1,1,100.0,CORE
food_beverage,taco_restaurant,entity_conflicts,1,1,100.0,CORE
food_beverage,taco_restaurant,industry_food_beverage,1,1,100.0,CORE
food_beverage,taco_restaurant,search_index,1,1,100.0,CORE
food_beverage,taco_restaurant,v_industry_facts_slugs,1,1,100.0,CORE
charter_fishing,boat_charter,bookable_resources,1,1,100.0,CORE
charter_fishing,boat_charter,entity,1,1,100.0,CORE
charter_fishing,boat_charter,entity_completeness_v,1,1,100.0,CORE
charter_fishing,boat_charter,entity_highlights,1,1,100.0,CORE
charter_fishing,boat_charter,entity_items_norm_v,1,1,100.0,CORE
charter_fishing,boat_charter,entity_items_v,1,1,100.0,CORE
charter_fishing,boat_charter,entity_offer,1,1,100.0,CORE
charter_fishing,boat_charter,entity_photos,1,1,100.0,CORE
charter_fishing,boat_charter,entity_sources,1,1,100.0,CORE
charter_fishing,boat_charter,entity_theme,1,1,100.0,CORE
charter_fishing,boat_charter,industry_charter_fishing,1,1,100.0,CORE
charter_fishing,boat_charter,meeting_points,1,1,100.0,CORE
charter_fishing,boat_charter,offerings,1,1,100.0,CORE
charter_fishing,boat_charter,requirements,1,1,100.0,CORE
charter_fishing,boat_charter,search_index,1,1,100.0,CORE
charter_fishing,boat_charter,v_industry_facts_slugs,1,1,100.0,CORE
charter_fishing,boat_charter,vessels,1,1,100.0,CORE
charter_fishing,boat_charter,whats_excluded,1,1,100.0,CORE
charter_fishing,boat_charter,whats_included,1,1,100.0,CORE
other,drugstore,ai_data_completeness_audit_full,1,1,100.0,CORE
other,drugstore,ai_entity_intent_tags_full,1,1,100.0,CORE
other,drugstore,ai_entity_profiles_full,1,1,100.0,CORE
other,drugstore,bookable_resources,1,1,100.0,CORE
other,drugstore,bookable_resources_json_backup,1,1,100.0,CORE
other,drugstore,entity,1,1,100.0,CORE
other,drugstore,entity_attributes,1,1,100.0,CORE
other,drugstore,entity_completeness_v,1,1,100.0,CORE
other,drugstore,entity_hours,1,1,100.0,CORE
other,drugstore,entity_items_norm_v,1,1,100.0,CORE
other,drugstore,entity_items_v,1,1,100.0,CORE
other,drugstore,entity_offer,1,1,100.0,CORE
other,drugstore,entity_tags,1,1,100.0,CORE
other,drugstore,entity_theme,1,1,100.0,CORE
other,drugstore,search_index,1,1,100.0,CORE
cruise_tour,sailing,activity_options,1,1,100.0,CORE
cruise_tour,sailing,bookable_resources,1,1,100.0,CORE
cruise_tour,sailing,entity,1,1,100.0,CORE
cruise_tour,sailing,entity_completeness_v,1,1,100.0,CORE
cruise_tour,sailing,entity_highlights,1,1,100.0,CORE
cruise_tour,sailing,entity_items_norm_v,1,1,100.0,CORE
cruise_tour,sailing,entity_items_v,1,1,100.0,CORE
cruise_tour,sailing,entity_offer,1,1,100.0,CORE
cruise_tour,sailing,entity_photos,1,1,100.0,CORE
cruise_tour,sailing,entity_sources,1,1,100.0,CORE
cruise_tour,sailing,entity_theme,1,1,100.0,CORE
cruise_tour,sailing,industry_cruise_tour,1,1,100.0,CORE
cruise_tour,sailing,meeting_points,1,1,100.0,CORE
cruise_tour,sailing,offerings,1,1,100.0,CORE
cruise_tour,sailing,requirements,1,1,100.0,CORE
cruise_tour,sailing,search_index,1,1,100.0,CORE
cruise_tour,sailing,v_industry_facts_slugs,1,1,100.0,CORE
cruise_tour,sailing,vessels,1,1,100.0,CORE
cruise_tour,sailing,whats_excluded,1,1,100.0,CORE
cruise_tour,sailing,whats_included,1,1,100.0,CORE
(none),fishing,entity,1,1,100.0,CORE
(none),fishing,entity_completeness_v,1,1,100.0,CORE
(none),fishing,entity_faqs,1,1,100.0,CORE
(none),fishing,place_facts,1,1,100.0,CORE
vacation_rental,luxury_beach_house_collection,entity,1,1,100.0,CORE
vacation_rental,luxury_beach_house_collection,entity_completeness_v,1,1,100.0,CORE
vacation_rental,luxury_beach_house_collection,entity_modules,1,1,100.0,CORE
vacation_rental,luxury_beach_house_collection,entity_theme,1,1,100.0,CORE
vacation_rental,luxury_beach_house_collection,industry_vacation_rental,1,1,100.0,CORE
vacation_rental,luxury_beach_house_collection,search_index,1,1,100.0,CORE
vacation_rental,luxury_beach_house_collection,v_industry_facts_slugs,1,1,100.0,CORE
rental,beach_rental,entity,1,1,100.0,CORE
rental,beach_rental,entity_completeness_v,1,1,100.0,CORE
rental,beach_rental,entity_modules,1,1,100.0,CORE
rental,beach_rental,entity_theme,1,1,100.0,CORE
rental,beach_rental,industry_rental,1,1,100.0,CORE
rental,beach_rental,search_index,1,1,100.0,CORE
rental,beach_rental,v_industry_facts_slugs,1,1,100.0,CORE
rental,golf_cart_rental,entity,1,1,100.0,CORE
rental,golf_cart_rental,entity_completeness_v,1,1,100.0,CORE
rental,golf_cart_rental,entity_modules,1,1,100.0,CORE
rental,golf_cart_rental,entity_theme,1,1,100.0,CORE
rental,golf_cart_rental,industry_rental,1,1,100.0,CORE
rental,golf_cart_rental,search_index,1,1,100.0,CORE
rental,golf_cart_rental,v_industry_facts_slugs,1,1,100.0,CORE
vacation_rental,owner_managed_stay,entity,1,1,100.0,CORE
vacation_rental,owner_managed_stay,entity_completeness_v,1,1,100.0,CORE
vacation_rental,owner_managed_stay,entity_modules,1,1,100.0,CORE
vacation_rental,owner_managed_stay,entity_theme,1,1,100.0,CORE
vacation_rental,owner_managed_stay,industry_vacation_rental,1,1,100.0,CORE
vacation_rental,owner_managed_stay,search_index,1,1,100.0,CORE
vacation_rental,owner_managed_stay,v_industry_facts_slugs,1,1,100.0,CORE
vacation_rental,owner_managed_vacation_rental_group,entity,1,1,100.0,CORE
vacation_rental,owner_managed_vacation_rental_group,entity_completeness_v,1,1,100.0,CORE
vacation_rental,owner_managed_vacation_rental_group,entity_modules,1,1,100.0,CORE
vacation_rental,owner_managed_vacation_rental_group,entity_theme,1,1,100.0,CORE
vacation_rental,owner_managed_vacation_rental_group,industry_vacation_rental,1,1,100.0,CORE
vacation_rental,owner_managed_vacation_rental_group,search_index,1,1,100.0,CORE
vacation_rental,owner_managed_vacation_rental_group,v_industry_facts_slugs,1,1,100.0,CORE
vacation_rental,glamping_campground,entity,1,1,100.0,CORE
vacation_rental,glamping_campground,entity_completeness_v,1,1,100.0,CORE
vacation_rental,glamping_campground,entity_modules,1,1,100.0,CORE
vacation_rental,glamping_campground,entity_theme,1,1,100.0,CORE
vacation_rental,glamping_campground,industry_vacation_rental,1,1,100.0,CORE
vacation_rental,glamping_campground,search_index,1,1,100.0,CORE
vacation_rental,glamping_campground,v_industry_facts_slugs,1,1,100.0,CORE
performing_arts,(none),entity,1,1,100.0,CORE
performing_arts,(none),entity_completeness_v,1,1,100.0,CORE
performing_arts,(none),entity_photos,1,1,100.0,CORE
performing_arts,(none),entity_tags,1,1,100.0,CORE
performing_arts,(none),entity_theme,1,1,100.0,CORE
performing_arts,(none),industry_performing_arts,1,1,100.0,CORE
performing_arts,(none),search_index,1,1,100.0,CORE
performing_arts,(none),v_industry_facts_slugs,1,1,100.0,CORE
property_management,property_management,entity,1,1,100.0,CORE
property_management,property_management,entity_completeness_v,1,1,100.0,CORE
property_management,property_management,entity_photos,1,1,100.0,CORE
property_management,property_management,entity_tags,1,1,100.0,CORE
property_management,property_management,entity_theme,1,1,100.0,CORE
property_management,property_management,industry_property_management,1,1,100.0,CORE
property_management,property_management,search_index,1,1,100.0,CORE
property_management,property_management,v_industry_facts_slugs,1,1,100.0,CORE
watersport,kayaking,entity,1,1,100.0,CORE
watersport,kayaking,entity_completeness_v,1,1,100.0,CORE
watersport,kayaking,entity_sources,1,1,100.0,CORE
watersport,kayaking,entity_tags,1,1,100.0,CORE
watersport,kayaking,entity_theme,1,1,100.0,CORE
watersport,kayaking,industry_watersport,1,1,100.0,CORE
watersport,kayaking,search_index,1,1,100.0,CORE
watersport,kayaking,v_industry_facts_slugs,1,1,100.0,CORE
watersport,diving,entity,1,1,100.0,CORE
watersport,diving,entity_completeness_v,1,1,100.0,CORE
watersport,diving,entity_sources,1,1,100.0,CORE
watersport,diving,entity_tags,1,1,100.0,CORE
watersport,diving,entity_theme,1,1,100.0,CORE
watersport,diving,industry_watersport,1,1,100.0,CORE
watersport,diving,search_index,1,1,100.0,CORE
watersport,diving,v_industry_facts_slugs,1,1,100.0,CORE
civic,civic,entity,1,1,100.0,CORE
civic,civic,entity_completeness_v,1,1,100.0,CORE
civic,civic,entity_events,1,1,100.0,CORE
civic,civic,entity_sources,1,1,100.0,CORE
civic,civic,entity_tags,1,1,100.0,CORE
civic,civic,entity_theme,1,1,100.0,CORE
civic,civic,search_index,1,1,100.0,CORE
other,fraternal-organization,entity,1,1,100.0,CORE
other,fraternal-organization,entity_completeness_v,1,1,100.0,CORE
other,fraternal-organization,entity_events,1,1,100.0,CORE
other,fraternal-organization,entity_theme,1,1,100.0,CORE
other,fraternal-organization,recovery_import_log,1,1,100.0,CORE
other,fraternal-organization,search_index,1,1,100.0,CORE
transportation,(none),entity,1,1,100.0,CORE
transportation,(none),entity_completeness_v,1,1,100.0,CORE
transportation,(none),entity_sources,1,1,100.0,CORE
transportation,(none),entity_tags,1,1,100.0,CORE
transportation,(none),entity_theme,1,1,100.0,CORE
transportation,(none),industry_transportation,1,1,100.0,CORE
transportation,(none),search_index,1,1,100.0,CORE
transportation,(none),v_industry_facts_slugs,1,1,100.0,CORE
retail,antiques,entity,1,1,100.0,CORE
retail,antiques,entity_completeness_v,1,1,100.0,CORE
retail,antiques,entity_theme,1,1,100.0,CORE
retail,antiques,industry_retail,1,1,100.0,CORE
retail,antiques,recovery_import_log,1,1,100.0,CORE
retail,antiques,search_index,1,1,100.0,CORE
retail,antiques,v_industry_facts_slugs,1,1,100.0,CORE
outdoor_recreation,river,entity,1,1,100.0,CORE
outdoor_recreation,river,entity_completeness_v,1,1,100.0,CORE
outdoor_recreation,river,entity_theme,1,1,100.0,CORE
outdoor_recreation,river,industry_outdoor_recreation,1,1,100.0,CORE
outdoor_recreation,river,recovery_import_log,1,1,100.0,CORE
outdoor_recreation,river,search_index,1,1,100.0,CORE
outdoor_recreation,river,v_industry_facts_slugs,1,1,100.0,CORE
outdoor_recreation,recreation-area,entity,1,1,100.0,CORE
outdoor_recreation,recreation-area,entity_completeness_v,1,1,100.0,CORE
outdoor_recreation,recreation-area,entity_theme,1,1,100.0,CORE
outdoor_recreation,recreation-area,industry_outdoor_recreation,1,1,100.0,CORE
outdoor_recreation,recreation-area,recovery_import_log,1,1,100.0,CORE
outdoor_recreation,recreation-area,search_index,1,1,100.0,CORE
outdoor_recreation,recreation-area,v_industry_facts_slugs,1,1,100.0,CORE
retail,greenhouse,entity,1,1,100.0,CORE
retail,greenhouse,entity_completeness_v,1,1,100.0,CORE
retail,greenhouse,entity_theme,1,1,100.0,CORE
retail,greenhouse,industry_retail,1,1,100.0,CORE
retail,greenhouse,recovery_import_log,1,1,100.0,CORE
retail,greenhouse,search_index,1,1,100.0,CORE
retail,greenhouse,v_industry_facts_slugs,1,1,100.0,CORE
food_beverage,mexican-restaurant,entity,1,1,100.0,CORE
food_beverage,mexican-restaurant,entity_completeness_v,1,1,100.0,CORE
food_beverage,mexican-restaurant,entity_theme,1,1,100.0,CORE
food_beverage,mexican-restaurant,industry_food_beverage,1,1,100.0,CORE
food_beverage,mexican-restaurant,recovery_import_log,1,1,100.0,CORE
food_beverage,mexican-restaurant,search_index,1,1,100.0,CORE
food_beverage,mexican-restaurant,v_industry_facts_slugs,1,1,100.0,CORE
cafe_dessert,bakery-cafe,entity,1,1,100.0,CORE
cafe_dessert,bakery-cafe,entity_completeness_v,1,1,100.0,CORE
cafe_dessert,bakery-cafe,entity_theme,1,1,100.0,CORE
cafe_dessert,bakery-cafe,industry_cafe_dessert,1,1,100.0,CORE
cafe_dessert,bakery-cafe,recovery_import_log,1,1,100.0,CORE
cafe_dessert,bakery-cafe,search_index,1,1,100.0,CORE
cafe_dessert,bakery-cafe,v_industry_facts_slugs,1,1,100.0,CORE
outdoor_recreation,garden,entity,1,1,100.0,CORE
outdoor_recreation,garden,entity_completeness_v,1,1,100.0,CORE
outdoor_recreation,garden,entity_theme,1,1,100.0,CORE
outdoor_recreation,garden,industry_outdoor_recreation,1,1,100.0,CORE
outdoor_recreation,garden,recovery_import_log,1,1,100.0,CORE
outdoor_recreation,garden,search_index,1,1,100.0,CORE
outdoor_recreation,garden,v_industry_facts_slugs,1,1,100.0,CORE
cafe_dessert,confections,entity,1,1,100.0,CORE
cafe_dessert,confections,entity_completeness_v,1,1,100.0,CORE
cafe_dessert,confections,entity_theme,1,1,100.0,CORE
cafe_dessert,confections,industry_cafe_dessert,1,1,100.0,CORE
cafe_dessert,confections,recovery_import_log,1,1,100.0,CORE
cafe_dessert,confections,search_index,1,1,100.0,CORE
cafe_dessert,confections,v_industry_facts_slugs,1,1,100.0,CORE
outdoor_recreation,community-garden,entity,1,1,100.0,CORE
outdoor_recreation,community-garden,entity_completeness_v,1,1,100.0,CORE
outdoor_recreation,community-garden,entity_theme,1,1,100.0,CORE
outdoor_recreation,community-garden,industry_outdoor_recreation,1,1,100.0,CORE
outdoor_recreation,community-garden,recovery_import_log,1,1,100.0,CORE
outdoor_recreation,community-garden,search_index,1,1,100.0,CORE
outdoor_recreation,community-garden,v_industry_facts_slugs,1,1,100.0,CORE
cafe_dessert,gelato,entity,1,1,100.0,CORE
cafe_dessert,gelato,entity_completeness_v,1,1,100.0,CORE
cafe_dessert,gelato,entity_theme,1,1,100.0,CORE
cafe_dessert,gelato,industry_cafe_dessert,1,1,100.0,CORE
cafe_dessert,gelato,recovery_import_log,1,1,100.0,CORE
cafe_dessert,gelato,search_index,1,1,100.0,CORE
cafe_dessert,gelato,v_industry_facts_slugs,1,1,100.0,CORE
retail,gift-shop,entity,1,1,100.0,CORE
retail,gift-shop,entity_completeness_v,1,1,100.0,CORE
retail,gift-shop,entity_theme,1,1,100.0,CORE
retail,gift-shop,industry_retail,1,1,100.0,CORE
retail,gift-shop,recovery_import_log,1,1,100.0,CORE
retail,gift-shop,search_index,1,1,100.0,CORE
retail,gift-shop,v_industry_facts_slugs,1,1,100.0,CORE
hotel,hotel-chain,entity,1,1,100.0,CORE
hotel,hotel-chain,entity_completeness_v,1,1,100.0,CORE
hotel,hotel-chain,entity_theme,1,1,100.0,CORE
hotel,hotel-chain,industry_hotel,1,1,100.0,CORE
hotel,hotel-chain,recovery_import_log,1,1,100.0,CORE
hotel,hotel-chain,search_index,1,1,100.0,CORE
hotel,hotel-chain,v_industry_facts_slugs,1,1,100.0,CORE
retail,powersports-dealer,entity,1,1,100.0,CORE
retail,powersports-dealer,entity_completeness_v,1,1,100.0,CORE
retail,powersports-dealer,entity_theme,1,1,100.0,CORE
retail,powersports-dealer,industry_retail,1,1,100.0,CORE
retail,powersports-dealer,recovery_import_log,1,1,100.0,CORE
retail,powersports-dealer,search_index,1,1,100.0,CORE
retail,powersports-dealer,v_industry_facts_slugs,1,1,100.0,CORE
vacation_rental,rental-agency,entity,1,1,100.0,CORE
vacation_rental,rental-agency,entity_completeness_v,1,1,100.0,CORE
vacation_rental,rental-agency,entity_theme,1,1,100.0,CORE
vacation_rental,rental-agency,industry_vacation_rental,1,1,100.0,CORE
vacation_rental,rental-agency,recovery_import_log,1,1,100.0,CORE
vacation_rental,rental-agency,search_index,1,1,100.0,CORE
vacation_rental,rental-agency,v_industry_facts_slugs,1,1,100.0,CORE
trade_home_service,contractor,entity,1,1,100.0,CORE
trade_home_service,contractor,entity_completeness_v,1,1,100.0,CORE
trade_home_service,contractor,entity_theme,1,1,100.0,CORE
trade_home_service,contractor,industry_trade_home_service,1,1,100.0,CORE
trade_home_service,contractor,recovery_import_log,1,1,100.0,CORE
trade_home_service,contractor,search_index,1,1,100.0,CORE
trade_home_service,contractor,v_industry_facts_slugs,1,1,100.0,CORE
food_beverage,american,entity,1,1,100.0,CORE
food_beverage,american,entity_completeness_v,1,1,100.0,CORE
food_beverage,american,entity_theme,1,1,100.0,CORE
food_beverage,american,industry_food_beverage,1,1,100.0,CORE
food_beverage,american,recovery_import_log,1,1,100.0,CORE
food_beverage,american,search_index,1,1,100.0,CORE
food_beverage,american,v_industry_facts_slugs,1,1,100.0,CORE
rental,yacht-rental,entity,1,1,100.0,CORE
rental,yacht-rental,entity_completeness_v,1,1,100.0,CORE
rental,yacht-rental,entity_theme,1,1,100.0,CORE
rental,yacht-rental,industry_rental,1,1,100.0,CORE
rental,yacht-rental,recovery_import_log,1,1,100.0,CORE
rental,yacht-rental,search_index,1,1,100.0,CORE
rental,yacht-rental,v_industry_facts_slugs,1,1,100.0,CORE
retail,ceramics,entity,1,1,100.0,CORE
retail,ceramics,entity_completeness_v,1,1,100.0,CORE
retail,ceramics,entity_theme,1,1,100.0,CORE
retail,ceramics,industry_retail,1,1,100.0,CORE
retail,ceramics,recovery_import_log,1,1,100.0,CORE
retail,ceramics,search_index,1,1,100.0,CORE
retail,ceramics,v_industry_facts_slugs,1,1,100.0,CORE
retail,bargain-outlet,entity,1,1,100.0,CORE
retail,bargain-outlet,entity_completeness_v,1,1,100.0,CORE
retail,bargain-outlet,entity_theme,1,1,100.0,CORE
retail,bargain-outlet,industry_retail,1,1,100.0,CORE
retail,bargain-outlet,recovery_import_log,1,1,100.0,CORE
retail,bargain-outlet,search_index,1,1,100.0,CORE
retail,bargain-outlet,v_industry_facts_slugs,1,1,100.0,CORE
trade_home_service,restoration-contractor,entity,1,1,100.0,CORE
trade_home_service,restoration-contractor,entity_completeness_v,1,1,100.0,CORE
trade_home_service,restoration-contractor,entity_theme,1,1,100.0,CORE
trade_home_service,restoration-contractor,industry_trade_home_service,1,1,100.0,CORE
trade_home_service,restoration-contractor,recovery_import_log,1,1,100.0,CORE
trade_home_service,restoration-contractor,search_index,1,1,100.0,CORE
trade_home_service,restoration-contractor,v_industry_facts_slugs,1,1,100.0,CORE
food_beverage,hawaiian,entity,1,1,100.0,CORE
food_beverage,hawaiian,entity_completeness_v,1,1,100.0,CORE
food_beverage,hawaiian,entity_theme,1,1,100.0,CORE
food_beverage,hawaiian,industry_food_beverage,1,1,100.0,CORE
food_beverage,hawaiian,recovery_import_log,1,1,100.0,CORE
food_beverage,hawaiian,search_index,1,1,100.0,CORE
food_beverage,hawaiian,v_industry_facts_slugs,1,1,100.0,CORE
outdoor_recreation,state-park,entity,1,1,100.0,CORE
outdoor_recreation,state-park,entity_completeness_v,1,1,100.0,CORE
outdoor_recreation,state-park,entity_theme,1,1,100.0,CORE
outdoor_recreation,state-park,industry_outdoor_recreation,1,1,100.0,CORE
outdoor_recreation,state-park,recovery_import_log,1,1,100.0,CORE
outdoor_recreation,state-park,search_index,1,1,100.0,CORE
outdoor_recreation,state-park,v_industry_facts_slugs,1,1,100.0,CORE
cafe_dessert,ice-cream,entity,1,1,100.0,CORE
cafe_dessert,ice-cream,entity_completeness_v,1,1,100.0,CORE
cafe_dessert,ice-cream,entity_theme,1,1,100.0,CORE
cafe_dessert,ice-cream,industry_cafe_dessert,1,1,100.0,CORE
cafe_dessert,ice-cream,recovery_import_log,1,1,100.0,CORE
cafe_dessert,ice-cream,search_index,1,1,100.0,CORE
cafe_dessert,ice-cream,v_industry_facts_slugs,1,1,100.0,CORE
food_beverage,burger,entity,1,1,100.0,CORE
food_beverage,burger,entity_completeness_v,1,1,100.0,CORE
food_beverage,burger,entity_theme,1,1,100.0,CORE
food_beverage,burger,industry_food_beverage,1,1,100.0,CORE
food_beverage,burger,recovery_import_log,1,1,100.0,CORE
food_beverage,burger,search_index,1,1,100.0,CORE
food_beverage,burger,v_industry_facts_slugs,1,1,100.0,CORE
retail,nursery,entity,1,1,100.0,CORE
retail,nursery,entity_completeness_v,1,1,100.0,CORE
retail,nursery,entity_theme,1,1,100.0,CORE
retail,nursery,industry_retail,1,1,100.0,CORE
retail,nursery,recovery_import_log,1,1,100.0,CORE
retail,nursery,search_index,1,1,100.0,CORE
retail,nursery,v_industry_facts_slugs,1,1,100.0,CORE
cafe_dessert,sweets,entity,1,1,100.0,CORE
cafe_dessert,sweets,entity_completeness_v,1,1,100.0,CORE
cafe_dessert,sweets,entity_theme,1,1,100.0,CORE
cafe_dessert,sweets,industry_cafe_dessert,1,1,100.0,CORE
cafe_dessert,sweets,recovery_import_log,1,1,100.0,CORE
cafe_dessert,sweets,search_index,1,1,100.0,CORE
cafe_dessert,sweets,v_industry_facts_slugs,1,1,100.0,CORE
food_beverage,grill,entity,1,1,100.0,CORE
food_beverage,grill,entity_completeness_v,1,1,100.0,CORE
food_beverage,grill,entity_theme,1,1,100.0,CORE
food_beverage,grill,industry_food_beverage,1,1,100.0,CORE
food_beverage,grill,recovery_import_log,1,1,100.0,CORE
food_beverage,grill,search_index,1,1,100.0,CORE
food_beverage,grill,v_industry_facts_slugs,1,1,100.0,CORE
trade_home_service,sales-and-service,entity,1,1,100.0,CORE
trade_home_service,sales-and-service,entity_completeness_v,1,1,100.0,CORE
trade_home_service,sales-and-service,entity_theme,1,1,100.0,CORE
trade_home_service,sales-and-service,industry_trade_home_service,1,1,100.0,CORE
trade_home_service,sales-and-service,recovery_import_log,1,1,100.0,CORE
trade_home_service,sales-and-service,search_index,1,1,100.0,CORE
trade_home_service,sales-and-service,v_industry_facts_slugs,1,1,100.0,CORE
retail,pharmacy-retail,entity,1,1,100.0,CORE
retail,pharmacy-retail,entity_completeness_v,1,1,100.0,CORE
retail,pharmacy-retail,entity_theme,1,1,100.0,CORE
retail,pharmacy-retail,industry_retail,1,1,100.0,CORE
retail,pharmacy-retail,recovery_import_log,1,1,100.0,CORE
retail,pharmacy-retail,search_index,1,1,100.0,CORE
retail,pharmacy-retail,v_industry_facts_slugs,1,1,100.0,CORE
professional_service,title_company,entity,1,1,100.0,CORE
professional_service,title_company,entity_completeness_v,1,1,100.0,CORE
professional_service,title_company,entity_theme,1,1,100.0,CORE
professional_service,title_company,industry_professional_service,1,1,100.0,CORE
professional_service,title_company,search_index,1,1,100.0,CORE
professional_service,title_company,v_industry_facts_slugs,1,1,100.0,CORE
food_beverage,restaurants,entity,1,1,100.0,CORE
food_beverage,restaurants,entity_completeness_v,1,1,100.0,CORE
food_beverage,restaurants,entity_conflicts,1,1,100.0,CORE
food_beverage,restaurants,industry_food_beverage,1,1,100.0,CORE
food_beverage,restaurants,search_index,1,1,100.0,CORE
food_beverage,restaurants,v_industry_facts_slugs,1,1,100.0,CORE
outdoor_recreation,wildlife_refuge,entity,1,1,100.0,CORE
outdoor_recreation,wildlife_refuge,entity_completeness_v,1,1,100.0,CORE
outdoor_recreation,wildlife_refuge,entity_conflicts,1,1,100.0,CORE
outdoor_recreation,wildlife_refuge,industry_outdoor_recreation,1,1,100.0,CORE
outdoor_recreation,wildlife_refuge,search_index,1,1,100.0,CORE
outdoor_recreation,wildlife_refuge,v_industry_facts_slugs,1,1,100.0,CORE
food_beverage,bar-restaurant,entity,1,1,100.0,CORE
food_beverage,bar-restaurant,entity_completeness_v,1,1,100.0,CORE
food_beverage,bar-restaurant,entity_conflicts,1,1,100.0,CORE
food_beverage,bar-restaurant,industry_food_beverage,1,1,100.0,CORE
food_beverage,bar-restaurant,search_index,1,1,100.0,CORE
food_beverage,bar-restaurant,v_industry_facts_slugs,1,1,100.0,CORE
property_management,vacation_rental_agency,entity,1,1,100.0,CORE
property_management,vacation_rental_agency,entity_completeness_v,1,1,100.0,CORE
property_management,vacation_rental_agency,entity_theme,1,1,100.0,CORE
property_management,vacation_rental_agency,industry_property_management,1,1,100.0,CORE
property_management,vacation_rental_agency,search_index,1,1,100.0,CORE
property_management,vacation_rental_agency,v_industry_facts_slugs,1,1,100.0,CORE
rental,boat-rental,entity,1,1,100.0,CORE
rental,boat-rental,entity_completeness_v,1,1,100.0,CORE
rental,boat-rental,entity_conflicts,1,1,100.0,CORE
rental,boat-rental,industry_rental,1,1,100.0,CORE
rental,boat-rental,search_index,1,1,100.0,CORE
rental,boat-rental,v_industry_facts_slugs,1,1,100.0,CORE
retail,supercenter,entity,1,1,100.0,CORE
retail,supercenter,entity_completeness_v,1,1,100.0,CORE
retail,supercenter,entity_conflicts,1,1,100.0,CORE
retail,supercenter,industry_retail,1,1,100.0,CORE
retail,supercenter,search_index,1,1,100.0,CORE
retail,supercenter,v_industry_facts_slugs,1,1,100.0,CORE
other,aesthetics,entity,1,1,100.0,CORE
other,aesthetics,entity_completeness_v,1,1,100.0,CORE
other,aesthetics,entity_theme,1,1,100.0,CORE
other,aesthetics,recovery_import_log,1,1,100.0,CORE
other,aesthetics,search_index,1,1,100.0,CORE
other,bingo,entity,1,1,100.0,CORE
other,bingo,entity_completeness_v,1,1,100.0,CORE
other,bingo,entity_theme,1,1,100.0,CORE
other,bingo,recovery_import_log,1,1,100.0,CORE
other,bingo,search_index,1,1,100.0,CORE
other,equestrian,entity,1,1,100.0,CORE
other,equestrian,entity_completeness_v,1,1,100.0,CORE
other,equestrian,entity_theme,1,1,100.0,CORE
other,equestrian,recovery_import_log,1,1,100.0,CORE
other,equestrian,search_index,1,1,100.0,CORE
other,golf-course,entity,1,1,100.0,CORE
other,golf-course,entity_completeness_v,1,1,100.0,CORE
other,golf-course,entity_theme,1,1,100.0,CORE
other,golf-course,recovery_import_log,1,1,100.0,CORE
other,golf-course,search_index,1,1,100.0,CORE
other,esports-vr,entity,1,1,100.0,CORE
other,esports-vr,entity_completeness_v,1,1,100.0,CORE
other,esports-vr,entity_theme,1,1,100.0,CORE
other,esports-vr,recovery_import_log,1,1,100.0,CORE
other,esports-vr,search_index,1,1,100.0,CORE
other,pet-grooming,entity,1,1,100.0,CORE
other,pet-grooming,entity_completeness_v,1,1,100.0,CORE
other,pet-grooming,entity_theme,1,1,100.0,CORE
other,pet-grooming,recovery_import_log,1,1,100.0,CORE
other,pet-grooming,search_index,1,1,100.0,CORE
other,beauty-salon,entity,1,1,100.0,CORE
other,beauty-salon,entity_completeness_v,1,1,100.0,CORE
other,beauty-salon,entity_theme,1,1,100.0,CORE
other,beauty-salon,recovery_import_log,1,1,100.0,CORE
other,beauty-salon,search_index,1,1,100.0,CORE
other,government-agency,entity,1,1,100.0,CORE
other,government-agency,entity_completeness_v,1,1,100.0,CORE
other,government-agency,entity_theme,1,1,100.0,CORE
other,government-agency,recovery_import_log,1,1,100.0,CORE
other,government-agency,search_index,1,1,100.0,CORE
other,restoration,entity,1,1,100.0,CORE
other,restoration,entity_completeness_v,1,1,100.0,CORE
other,restoration,entity_theme,1,1,100.0,CORE
other,restoration,recovery_import_log,1,1,100.0,CORE
other,restoration,search_index,1,1,100.0,CORE
other,audio-visual,entity,1,1,100.0,CORE
other,audio-visual,entity_completeness_v,1,1,100.0,CORE
other,audio-visual,entity_theme,1,1,100.0,CORE
other,audio-visual,recovery_import_log,1,1,100.0,CORE
other,audio-visual,search_index,1,1,100.0,CORE
other,college,entity,1,1,100.0,CORE
other,college,entity_completeness_v,1,1,100.0,CORE
other,college,entity_theme,1,1,100.0,CORE
other,college,recovery_import_log,1,1,100.0,CORE
other,college,search_index,1,1,100.0,CORE
other,horse-rides,entity,1,1,100.0,CORE
other,horse-rides,entity_completeness_v,1,1,100.0,CORE
other,horse-rides,entity_theme,1,1,100.0,CORE
other,horse-rides,recovery_import_log,1,1,100.0,CORE
other,horse-rides,search_index,1,1,100.0,CORE
other,joyride,entity,1,1,100.0,CORE
other,joyride,entity_completeness_v,1,1,100.0,CORE
other,joyride,entity_theme,1,1,100.0,CORE
other,joyride,recovery_import_log,1,1,100.0,CORE
other,joyride,search_index,1,1,100.0,CORE
other,activity-center,entity,1,1,100.0,CORE
other,activity-center,entity_completeness_v,1,1,100.0,CORE
other,activity-center,entity_theme,1,1,100.0,CORE
other,activity-center,recovery_import_log,1,1,100.0,CORE
other,activity-center,search_index,1,1,100.0,CORE
other,collision-repair,entity,1,1,100.0,CORE
other,collision-repair,entity_completeness_v,1,1,100.0,CORE
other,collision-repair,entity_theme,1,1,100.0,CORE
other,collision-repair,recovery_import_log,1,1,100.0,CORE
other,collision-repair,search_index,1,1,100.0,CORE
other,pet-breeder,entity,1,1,100.0,CORE
other,pet-breeder,entity_completeness_v,1,1,100.0,CORE
other,pet-breeder,entity_theme,1,1,100.0,CORE
other,pet-breeder,recovery_import_log,1,1,100.0,CORE
other,pet-breeder,search_index,1,1,100.0,CORE
other,hvac,entity,1,1,100.0,CORE
other,hvac,entity_completeness_v,1,1,100.0,CORE
other,hvac,entity_theme,1,1,100.0,CORE
other,hvac,recovery_import_log,1,1,100.0,CORE
other,hvac,search_index,1,1,100.0,CORE
other,tours,entity,1,1,100.0,CORE
other,tours,entity_completeness_v,1,1,100.0,CORE
other,tours,entity_theme,1,1,100.0,CORE
other,tours,recovery_import_log,1,1,100.0,CORE
other,tours,search_index,1,1,100.0,CORE
other,travel-company,entity,1,1,100.0,CORE
other,travel-company,entity_completeness_v,1,1,100.0,CORE
other,travel-company,entity_theme,1,1,100.0,CORE
other,travel-company,recovery_import_log,1,1,100.0,CORE
other,travel-company,search_index,1,1,100.0,CORE
other,painting,entity,1,1,100.0,CORE
other,painting,entity_completeness_v,1,1,100.0,CORE
other,painting,entity_theme,1,1,100.0,CORE
other,painting,recovery_import_log,1,1,100.0,CORE
other,painting,search_index,1,1,100.0,CORE
other,photography,entity,1,1,100.0,CORE
other,photography,entity_completeness_v,1,1,100.0,CORE
other,photography,entity_conflicts,1,1,100.0,CORE